initial_header,accession_id,Positive_control,14α_demethylation,Baeyer_Villiger,C_1,C_11,C_12,C_13,C_15,C_16,C_19,C_2,C_20,C_21,C_22,C_23,C_24,C_25,C_26,C_28,C_29,C_3,C_30,C_5,C_6,C_7,cycloartane,unknown,Sequence
Q9LVY7.1~NA-C_28,Q9LVY7.1,False,False,False,False,False,False,False,False,False,False,False,False,False,False,False,False,False,False,True,False,False,False,False,False,False,False,False,MYMAIMIILFLSSILLSLLLLLRKHLSHFSYPNLPPGNTGLPLIGESFSFLSAGRQGHPEKFITDRVRRFSSSSSCVFKTHLFGSPTAVVTGASGNKFLFTNENKLVVSWWPDSVNKIFPSSMQTSSKEEARKLRMLLSQFMKPEALRRYVGVMDEIAQRHFETEWANQDQVIVFPLTKKFTFSIACRSFLSMEDPARVRQLEEQFNTVAVGIFSIPIDLPGTRFNRAIKASRLLRKEVSAIVRQRKEELKAGKALEEHDILSHMLMNIGETKDEDLADKIIGLLIGGHDTASIVCTFVVNYLAEFPHVYQRVLQEQKEILKEKKEKEGLRWEDIEKMRYSWNVACEVMRIVPPLSGTFREAIDHFSFKGFYIPKGWKLYWSATATHMNPDYFPEPERFEPNRFEGSGPKPYTYVPFGGGPRMCPGKEYARLEILIFMHNLVNRFKWEKVFPNENKIVVDPLPIPDKGLPIRIFPQS
BAU61505.1~NA-C_16/C_22/C_28,BAU61505.1,False,False,False,False,False,False,False,False,True,False,False,False,False,True,False,False,False,False,True,False,False,False,False,False,False,False,False,MYLTIIFLFISSIIFPLLFFLGKHLSNFRYPNLPPGKIGFPLIGETLSFLSAGRQGHPEKFVTDRVRHFSSGIFKTHLFGSPFAVVTGASGNKFLFTNENKLVISWWPDSVNKIFPSSTQTSSKEEAIKTRMLLMPSMKPEALRRYVGVMDEIAQKHFETEWANQDQLIVFPLTKKFTFSIACRLFLSMDDLERVRKLEEPFTTVMTGVFSIPIDLPGTRFNRAIKASRLLSKEVSTIIRQRKEELKAGKVSVEQDILSHMLMNIGETKDEDLADKIIALLIGGHDTTSIVCTFVVNYLAEFPHIYQRVLEEQKEILNNKDVNEKLTWEDIEKMRYSWNVACEVMRIVPPLAGTFREAIDHFSFKGFYIPKGWKLYWSATATHKNPEYFPEPEKFEPSRFEGSGPKPYTYVPFGGGSRICPGREYARLEILIFMHNLVKRFKWEKVFPKENKLVADPAPIPAKGLPIRIFPQS
AHL46848.1~NA-C_28,AHL46848.1,False,False,False,False,False,False,False,False,False,False,False,False,False,False,False,False,False,False,True,False,False,False,False,False,False,False,False,MEHFYLSLLLLFVSFVTLSLFTLFYKHRSHFTGPNLPPGKTGYPMIGESLEFLSTGWKGHPEKFIFDRMTKFSSEVFKTSLLGQPAAVFCGAACNKFLFSNENKLVTAWWPDSVNKIFPSSTQTSNSKEEAKKMRKLLPQFLKPEALQKYISIMDTIAQRHFASGWEGQKEVTVFPLAKRYTFWLACRLFLSLEDPNHIARFADPFHSVASGIISIPIDLPGTPFNRGIKASNFIRKELSLIIKQRRVDLGEGKASPTQDILSHMLLTSDESGQYMTELDIADKILGLLIGGHDTASAACTFIVKYLAELPHIYEGVYNEQMEIANSKAPGELLNWEDIQKMRYSWNVACEVLRLAPPLQGAFREAINDFIFNGFSIPKGWKLYWSANSTHRSAEYFPEPEKFDPSRFEGRGPAPYTFVPFGGGPRMCPGKEYARLEILVFMHNLVKRFRWEKMIPDEKIVVDPMPMPAKGLPVRLYPHKA
ANY30853.1~NA-C_28,ANY30853.1,False,False,False,False,False,False,False,False,False,False,False,False,False,False,False,False,False,False,True,False,False,False,False,False,False,False,False,MELFFLASIALISSLSLPFLYLFYRHYSTWGYKLPPGSMGWPVVGESLEFFSTGWKGYPEKFIFDRLKKYKPSQVFKTSIFGEKVAILCGATGNKFLYSNENKLVQAWWPKSVDKIFPAATQHSSIEEARTMRKLIPLFLKPESLQRYIPIMDTIATRHMESGWEGKDKVEVFPLAKRYTFWVACRLFLSIEDPVHVAKFADPFNEIAAGIISIPIDLPGTPFHKGIKSSEIVRKELSAIIKQRKLDLADGKASPTQDILSHMLLTSTDDGKFMNEMDIANKILGLLIGGHDTASASCTFIVKFLAELPHIYEGVYKEQMEIANSKKPGELLNWEDIQKMKYSWNVACEVMRLAPPLQGGFREAISDFMYNGFQIPKGWKLYWSANTTHLNPEFFPEPTKFDPSRFDGSGPAPYTFVPFGGGPRMCPGKEYARLEILVFMYHIVKRFKWEKVLPSEKVIVNPMPIPEHGLPVRLFPHPQTTVA
ANY30854.1~NA-C_28,ANY30854.1,False,False,False,False,False,False,False,False,False,False,False,False,False,False,False,False,False,False,True,False,False,False,False,False,False,False,False,MELFFLCSIALVFFLSLPFLYLFYRHNSTRGYKLPPGSMGWPVVGESLEFFSTGWKGYPEKFIFDRLKKYKPSQVFKTSIFGEQVAILCGATGNKFLYSNENKLVQAWWPKSVDKIFPAATQHSSIEEARTMRKLIPLFLKPESLQRYIPIMDTIATRHMESGWEGKDKVEVFPLAKRYTFWVACRLFLSIEDPVHVAKFADPFNEIAAGIISIPIDLPGTPFHKGIKSSEIVRKELRAIIKQRKLDFADGKASPTQDILSHMLLTSTEDGKFMNEMDIANKILGLLIGGHDTASASCTFIVKFLAELPHIYEGVYKEQMEIANSKKPGELLNWEDIQKMKYSWNVACEVMRLAPPLQGGFREAISDFMYNGFQIPKGWKLYWSANTTHLNPECFPEPQKFDPSRFDGSGPAPYTFVPFGGGPRMCPGKEYARLEILVFMYHIVKRFKWEKVLPNEKVIVNPMPIPEHGLPVRLFPHPQTAVA
AEX07772.1~NA-C_28,AEX07772.1,False,False,False,False,False,False,False,False,False,False,False,False,False,False,False,False,False,False,True,False,False,False,False,False,False,False,False,MEIFYVTLLSLFVLLVSLSFHFLFYKNKSTLPGPLPPGRTGWPMVGESLQFLSAGWKGHPEKFIFDRMAKYSSNVFRSHLLGEPAAVFCGAIGNKFLFSNENKLVQAWWPDSVNKVFPSSNQTSSKEEAIKMRKMLPNFLKPEALQRYIGLMDQIAQKHFSSGWENREQVEVFPLAKNYTFWLASRLFVSVEDPIEVAKLLEPFNVLASGLISVPIDLPGTPFNRAIKASNQVRKMLISIIKQRKIDLAEGKASPTQDILSHMLLTSDENGKFMHELDIADKILGLLIGGHDTASSACTFIVKFLGELPEIYEGVYKEQMEIANSKAPGEFLNWEDIQKMKYSWNVACEVLRLAPPLQGAFREALNDFMFHGFSIPKGWKIYWSVNSTHRNPECFPDPLKFDPSRFDGSGPAPYTFVPFGGGPRMCPGKEYARLEILVFMHNLVKRFKWEKIIPNEKIVVDPMPIPEKGLPVRLYPHINA
CBN88268.1~NA-C_28,CBN88268.1,False,False,False,False,False,False,False,False,False,False,False,False,False,False,False,False,False,False,True,False,False,False,False,False,False,False,False,MEPNFYLSLLLLFVSFISLSLFFIFYKQKSPLNLPPGKMGYPIIGESLEFLSTGWKGHPEKFIFDRMRKYSSELFKTSIVGESTVVCCGAASNKFLFSNENKLVTAWWPDSVNKIFPTTSLDSNLKEESIKMRKLLPQFFKPEALQRYVGVMDVIAQRHFVTHWDNKNEITVYPLAKRYTFLLACRLFMSVEDENHVAKFSDPFQLIAAGIISLPIDLPGTPFNKAIKASNFIRKELIKIIKQRRIDLAEGTASPTQDILSHMLLTSDENGKSMNELNIADKILGLLIGGHDTASVACTFLVKYLGELPHIYDKVYQEQMEIAKSKPAGELLNWDDLKKMKYSWNVACEVMRLSPPLQGGFREAITDFMFNGFSIPKGWKLYWSANSTHKNAECFPMPEKFDPTRFEGNGPAPYTFVPFGGGPRMCPGKEYARLEILVFMHNLVKRFKWEKVIPDEKIIVDPFPIPAKDLPIRLYPHKA
AFO63032.1~NA-C_28,AFO63032.1,False,False,False,False,False,False,False,False,False,False,False,False,False,False,False,False,False,False,True,False,False,False,False,False,False,False,False,MELFYVPLLSLFVLFISLSFHFLFYKSKPSSSGGFPLPPGKTGWPIIGESYEFLSTGWKGYPEKFIFDRMTKYSSNVFKTSIFGEPAAVFCGAACNKFLFSNENKLVQAWWPDSVNKVFPSSTQTSSKEEAIKMRKMLPNFFKPEALQRYIGLMDQIAANHFESGWENKNEVVVFPLAKSYTFWIACKVFVSVEEPAQVAELLEPFSAIASGIISVPIDLPGTPFNSAIKSSKIVRRKLVGIIKQRKIDLGEGKASATQDILSHMLLTSDESGKFMGEGDIADKILGLLIGGHDTASSACTFVVKFLAELPQIYEGVYQEQMEIVKSKKAGELLKWEDIQKMKYSWNVACEVLRLAPPLQGAFREALSDFTYNGFSIPKGWKLYWSANSTHINSEVFPEPLKFDPSRFDGAGPPPFSFVPFGGGPRMCPGKEYARLEILVFMHHLVKRFKWEKVIPDEKIVVNPMPIPANGLPVRLFPHKA
AOG74838.1~NA-C_28/C_16,AOG74838.1,False,False,False,False,False,False,False,False,True,False,False,False,False,False,False,False,False,False,True,False,False,False,False,False,False,False,False,MDSLFIIISLVIVILTTIFILSNLLSKKTILLPGKTGLPLIGESIDYFNKLRTGINEKFVMERKLKYASDVFKTSILGENMAFLTGPEGNKFLFSNENKLVQVWWPSSVDSIIKKSHNKSAQAESAKVRVLLPPFLRAHAIKHYVSTMDSELRQHVADFWVGRDEVEVCPLVRKYTFALAVRLFLSVRDPGELEALARPFEEAAGGIIAIPINFPGTRFNRGIKASQRIRKVIGGIIEQRRKDLSEGKATPSQDLLSHMIVEVDRRNAENPDIAPATDSDISSDILGLLIGGYDTINTTIVFVMMTLVEYPDVYDQVLKEQREIAASKAPGELLNWDDLGKMKYSWNVACEVLRLRPPTVGAFRVAKTDFNYGGYTIPKGWKLHYIPHFTQKNPDYFPNPEKFDPSRFAGDGPAPYTFVPFGGGPRMCPGNEYARAEILVFMHNIILRYNWEKLIPNEKVVIDPLPRPSQGLPIRLIPHKA
A0A3Q7HBJ5.1~NA-C_28,A0A3Q7HBJ5.1,False,False,False,False,False,False,False,False,False,False,False,False,False,False,False,False,False,False,True,False,False,False,False,False,False,False,False,MELLYVCLVCVFVFLVSLLLLYKKKSGEGLPPGKTGWPVFGESLEFLSSGWKGHPEKFIFDRVAKYSSSVFKTHLLGEEAAVFCGASANKFLFSNENKLVQAWWPNSVNKVFPSSTQTSSKEEAIKMRKMLPNFFKPEALQRYVGIMDHITQRHFATGWENKEQVVVFPLTKRYTFWLACRLFLSVEDPKHVAKFADPFDVLASGLISIPIDLPGTPFNRAIKASNFIRKELVRIIKQRKIDLGEGKVSSTQDILSHMLLTCDENGKFLGDLDIADKILGLLIGGHDTASSACSFIVKYLAELPHIYQRVYTEQMEIAKSKGPGELLRWEDIQKMKYSWNVACEVLRLAPPLQGAFREALSDFMFNGFYIPKGWKIYWSANSTHKREEFFPDPEKFDPSRFEGSGPAPYTFVPFGGGPRMCPGKEYARLEILVFMHHLVKRFKFEKIIPHEKIIVNPMPIPANGLPLRLYPHHHNP
K4CEE8.1~NA-C_28,K4CEE8.1,False,False,False,False,False,False,False,False,False,False,False,False,False,False,False,False,False,False,True,False,False,False,False,False,False,False,False,MELFYASLVCLFVLLLSLSFLFLFNKKNKSMILSCPLPPGNSGWPVIGETLEFLSTGWKGHPEKFIFDRISKYKSSIFKTHLLGEKAVVFCGASSNKFLFSNENKLVQTWWPSSVDKVFPSSTQTSSKEEAIKMRKMLPNFLKPEALQRYIRIMDHIAQKHFQSWENQQEVVVFPLAKRYTFWLACRLFVSVEDPNHVARLADPFDVLASGLISIPINLPGTPFNRAIKASNFIRKELVAIIKQRKIDLTEGKASDSQDILSHMLLTSDENGKFMHELDIADKILGLLIGGHDTASSACAFIVKYLAELPEIYDQVYKEQIEIAKSKGPGELLSWEDIKKMKYSWNVACEVLRLAPPLQGAFREALVDFTFNGFSIPKGWKIYWSANSTHINPEVFVDPLKFDPSRFEGNGPAPYTFVPFGGGPRMCPGKEYARLEILVFMHHLVKRFSWKKIIRDEKIVVNPMPIPANGLPIRLYPHHVKT
AXU93523.1~NA-C_3,AXU93523.1,False,False,False,False,False,False,False,False,False,False,False,False,False,False,False,False,False,False,False,False,True,False,False,False,False,False,False,MAMFYASLFSLFTIVVSCLLRFAFFKSKSAANINLPPGRRGWPVIGETVEFVTAGWKGHPEKFIVDRMKKFSHHVFRTSLMLEDAAVFCGPEGNKFLFSNENKLVRFWLPASARKILPFTQYCGDDIAKMVRYHLKPETIRQYVPIIDMVAQKHFETRWEGKDQILTHETTKNFTFLVACKIFFSIDEPEWVNNLSGPFKRLAPGLFSIPINLPGTPFRRAINARTFIGKELTAIVKQRKIDLANGKASPTQDILSLLLGDDYGKYMADTAIADLIIGLMIGGYDSTSSTCTFIVNYLAELPEIYEKVYKEQTEIAKSKTSKELLNWDDISKMKYSWNVVSEVLRLVPPTQGTFREAICNFTFRQYSIPKGWKLYWSTNSTHKNPNFFLEPEKFDPSRFDSQALVPYTYVPFGGGCHLCPGKEFARVELLVFIHHLVRKFKLKKIFSKEDIIFDLLQPKLAKGLPIHLYPHKL
NP_001268115.1~NA-C_28,NP_001268115.1,False,False,False,False,False,False,False,False,False,False,False,False,False,False,False,False,False,False,True,False,False,False,False,False,False,False,False,MEVFFLSLLLIFVLSVSIGLHLLFYKHRSHFTGPNLPPGKIGWPMVGESLEFLSTGWKGHPEKFIFDRISKYSSEVFKTSLLGEPAAVFAGAAGNKFLFSNENKLVHAWWPSSVDKVFPSSTQTSSKEEAKKMRKLLPQFFKPEALQRYIGIMDHIAQRHFADSWDNRDEVIVFPLAKRFTFWLACRLFMSIEDPAHVAKFEKPFHVLASGLITVPIDLPGTPFHRAIKASNFIRKELRAIIKQRKIDLAEGKASQNQDILSHMLLATDEDGCHMNEMEIADKILGLLIGGHDTASAAITFLIKYMAELPHIYEKVYEEQMEIANSKAPGELLNWDDVQNMRYSWNVACEVMRLAPPLQGAFREAITDFVFNGFSIPKGWKLYWSANSTHKSPECFPQPENFDPTRFEGNGPAPYTFVPFGGGPRMCPGKEYARLEILVFMHNVVKRFKWDKLLPDEKIIVDPMPMPAKGLPVRLHPHKP
NP_001268076.1~NA-C_28,NP_001268076.1,False,False,False,False,False,False,False,False,False,False,False,False,False,False,False,False,False,False,True,False,False,False,False,False,False,False,False,MEVFFLSLLLISVLSVSIRLYLLLYKHRSHFTGPNLPPGKIGWPMVGESLEFLSTGWKGHPEKFIFDRISKYSSEVFKTSLLGEPAAVFAGAAGNKFLFSNENKLVHAWWPSSVDKVFPSSTQTSSKEEAKKMRKLLPQFLKPEALQRYTGIMDHIAQRHFADSWDNRDEVIVFPLAKRFTFWLACRLFMSIEDPAHVAKFEKPFHVLASGLITIPIDLPGTPFHRAIKASNFIRKELRAIIKQRKIDLAESKASKTQDILSHMLLATDEDGCHMNEMSIADKILGLLIGGHDTASSAITFLVKYMAELPHIYEKVYKEQMEIANSKAPGELLNWDDVQKMRYSWNVACEVMRLAPPLQGAFREAITDFVFNGFSIPKGWKLYWSANSTHKSLECFPQPEKFDPTRFEGAGPAPYTFVPFGGGPRMCPGKEYARLEILIFMHNLVKRFKWDKLLPDEKIIVDPMPMPAKGLPVRLHPHKP
AHF22083.1~Positive_Control-C_3,AHF22083.1,True,False,False,False,False,False,False,False,False,False,False,False,False,False,False,False,False,False,False,False,True,False,False,False,False,False,False,MVDLILIYSIFLYLIVVLVPLSLYFVFYKSKPVVDRKLPPGQTGWPVIGETLEFLTNGWKGHPEKFIFDRMARFSPHVFKTSLMLEDAAVFCGSAGNKFLFSNENKLVKAWWPASVEKILPSAKETTNQRKMLSRSFRPESLRQYVPVMDMMAQRHFKTEWDGMDQIVTHEVTQNFTFSLACKIFVSIEDPEEVKHLSGPFEKFAPGIFSIPIDLPWTPLRRAIHAGNFIRKEIIAIIKQRKIDLADGKASPTQDILSQMLCDEESQNIAEADIADVIIGLLIGGHDNASSTCAFIVKFLADLPEIYEGVLKEQLEIAKSKAPGELLNWEDLSKMKYSWNVACEVLRLAPPLQGSFREAMTDFVYNGYSIPKGWKLYWSALSTHKNPEVFTEPQKLDPSRFDGKGPAPYTFVPFGGGPHMCPGREYARLEILVFMHHLVIKYKWEKVIPNEQIIVNPMPKLAKGLPLRLYPRYA
AOG74847.1~NA-C_28,AOG74847.1,False,False,False,False,False,False,False,False,False,False,False,False,False,False,False,False,False,False,True,False,False,False,False,False,False,False,False,MEQISLSWLITLVALFLFLPLILLSTRNKANTSNNFPPGKTGWPIIGESLEFLNTGRRGVPEKFIHDRMQKFSSHIFRTSLLGEPAAVLCGPTGNKFLYSNENKLVQAWWPSSVYKIFPSTGQSSSSEEAIKMRKMLLSFFKPEALQRYVETMDTIAKQHLKNEWENRKEVMVFPLSKGYTFALACKLFMSIDDPIQLARFADPFAILASGVIAIPINLPGTSFNKAIKASELIRKDLHKIIKQRKIELAEKRASPMQDVLSHMLSTSDENGTFMSEMDIADKILGLLIGGHDTASAAITFVMKFLAELPHIYNDVHKEQMEILKSKGSRELLKWEDIQKMKYSWNVACEVMRLAPPLQGGFREALADFTYNGFSIPKGWKLYWSTNSTHKNSTYFPNPENFDPSRYEGNGPAPYTYVPFGGGPRMCPGKEYARLEILVFMHNVVTKFKWEKILPDENIVVNPMPVPAKGLPIRLEPQVC
APG38190.1~NA-C_16,APG38190.1,False,False,False,False,False,False,False,False,True,False,False,False,False,False,False,False,False,False,False,False,False,False,False,False,False,False,False,MGINRLNLSTLLLYKYTTMELIFSMFFLLVVLFLSTLLFFFNRSKRESCRSSLKLPPGQWGWPIIGESLEYLNSGLRGVPEKFVQERMKKFSTAIFKTSLLMEPTAVVCGPGGNKLLFANEDKLVTTWFPSTINKIFPTTAVSTGSEEGKIVRKMFEGVINPGTLQMYAAKMDFIAKQHFKIYWDNNTDVKVSPLAKMYTITVACKLFVNVDDPVQVAKFSRLFTILAAGFVSMPIDLPGTPLNKAIKAANDIRNDLYEIIRQRKVDLAENKESVPQDILTHILLQNGEYAPLYVADKLLGLLMGGYNTVTSVITFIVKYLAELPHIYDEVLNEQMEILKTKKEGELLNREDIQKMRYSWNVACEVMRLTPPFQGAFREALTDFSYAGFSIPKGWKLYWSTYSTHINANYFPNPKTFDPSRFEGIGPAPYTYVPFGGGPRMCPGKDYSRLVILVFMHNIITKFKWNAVLSDEKIIVDPVPMPAKGFPIQLQPQCP
AOG74836.1~NA-C_28,AOG74836.1,False,False,False,False,False,False,False,False,False,False,False,False,False,False,False,False,False,False,True,False,False,False,False,False,False,False,False,MELLYVSLLTLLVLLFPLSLHFLFKKTKSGLGEVGRLPPGKTGWPIVGESIEFLSTGWKGHPEKFIFDRMSKYSPQVFRTSLMLEDAAVFCGSAGNKFLFSNEKQLVTAWWPASVDKVFPSSDQRSKEEAIKMKKLLPTFFKPVALQNYVGVMDQITERHFASDWDNNNKVVYPLTKRFTFALACKIFVSIDDPDEVARLVVPFESIATAILSIPLDLPGTGFRRGINAANFIRKELLAIIKQRKIDLAKGKASPTQDILSHMLLTSDENGKFMQEYDIADKILGLLIGGHDTASSACVFIVKYLAELPEIYDGVYKEQMEIAESKAPGELLNWDDLTKMKYSWNVACEVLRLAPPLQGAFREAITDFMYSGFSIPKGWKLYWSANSTHKNPKFFPEPQKFDPSRFEGAGPAPFTFVPFGGGPRMCPGKEYARVEILVFMHHLVKRFKWEKIIPNEKIVVNPMPCPAKGLPIRLYPHKA
BAW34647.1~NA-C_28/C_22,BAW34647.1,False,False,False,False,False,False,False,False,False,False,False,False,False,True,False,False,False,False,True,False,False,False,False,False,False,False,False,MEHFYMSLLLLFVTLVSLSLFFLIFYYNKHNMNNNNNLPPGKMGYPVIGESLEFLSTGWKGHPEKFIFDRMVRYSSELIKTSILGVPTVIFCGPACNKFLFSNENKLVTGWWPDSVNKIFPTTSNSKEESKKMRKLLPQFLKPEALQRYVGIMDTLAQKHFASLWEEKTHVTVYPLAKRYTFMLACRLFMSVEDENHVAKFREPFHLLASGIISVPIDLPWTPFNRGIKASNFIRKELLKIIRQRKVDLAQGVASPTQDILSHMLLTCDDENGEFMTELNIADKILGLLIGGHDTASAACTFIVKYLAELPHIYDRVYQEQMEIANSKSPGELLNWDDINKMRYSWNVASEVMRVAPPLQGGFREAINDFVFNGFSIPKGWKLYWSANSTHKNPEYFPAPEKFDPTRFEGNGPAPYTFVPFGGGPRMCPGKEYARLEILVFMHNLVKRFKWEMLIPEEKIVVDPLPMPANDLPIRLYPHDT
AFZ40057.1~NA-C_28,AFZ40057.1,False,False,False,False,False,False,False,False,False,False,False,False,False,False,False,False,False,False,True,False,False,False,False,False,False,False,False,MEFFYASLLCLFVSFVFLLLHLLFYKTKPRSGSLPPGKTGWPVLGESLEFLPTGWKGHPEKFIFDRMAKYSSQIFRTHLLGEPAAVLCGSAGNKFLFSNENKLVQAWWPSSVDKIFPNVNPTSSKEEAIKMRKMLPQFMKPEALHRYVGIMDHIARRHFADGWENKEEVVVFPLAKNYTFWLAMRLFVSVEDPAMVEKFAAPFNLLAAGLISIPIDLPGTPFNKGIKASAYIRKELGEIIKQRKADLAEGKASPTQDILSHMLLTANEDGKFMHELDIANKILGLLIGGHDTASSACTFIVKYLAELPEVYDAVYREQVEIAKTKAPGEMLNWEDLQKMKYSWNVACEVLRLAPPLQGAFREAIADFSFNGFSVPKGWKLYWSANSTHKNAEFFPEPQKFDPSRFEGSGPAPYTFVPFGGGPRMCPGKEYARLEILVFMHHLVNKFKWEKIIPDEKIVVDPMPIPAKGLPIRLYPRTA
AFZ40058.1~NA-C_28,AFZ40058.1,False,False,False,False,False,False,False,False,False,False,False,False,False,False,False,False,False,False,True,False,False,False,False,False,False,False,False,MDVFYVSLFCLFVSFVLLSLHLLFYKNKPGPALPPGKTGWPVIGESLEFLSTGWKGHPEKFILDRMAKFSSVVFRTHLLGEKAAVFCGAAGNKFLFSNENKLVQAWWPSSVDKIFPSSTQTSSKEEAIKMRKMLPNFFKPEALQRYVGIMDHIAQRHFADGWDNKEEVVVFPLAKNFTFWLACRLFVSIEDPDQVDKFAEPFNLLAAGLISIPIDLPGTPFNKGIKASNRVRKELVSIIKQRKIDLAEGKASPTQDILSHMLLTGDENGKFMQELDIADKILGLLIGGHDTASSACTFIVKYLAELPQVYERVYNEQMEIAKTKAPGELLNWEDLQKMKYSWNVACEVLRLASPLQGAFREAITDFVYNGFSIPKGWKLYWSANSTHKNPEFFPEPMKFDPSRFEGSGPAPYTFVPFGGGPRMCPGKEYARLEILVFMHHLVKRFRWEKMIPDEKIVVDPMPMPAKGLPVRLFPHKF
AHF22088.1~NA-C_28,AHF22088.1,False,False,False,False,False,False,False,False,False,False,False,False,False,False,False,False,False,False,True,False,False,False,False,False,False,False,False,MELLFVSLLSLFLLILLPLSLLFLFPSSFSTTTTEANKNSANLPPGLTGWPVVGESFQFLAAGWRGNPEKFIFDRIAKYSSYVYKTNLMLERTAVFCGAPAHKFLFSNENKLVQSWWPSSVNKIFPSSNQTSSKEEAMKMRKMLPNFFKPEALQGYIGIMDTIAQRHFAADWDNKDYIVVFPLCKRYTFWLACKIFMSIEDPKDVDRFLARFNLVAEGLLSIPIDLPGTPFHHSIKAAEFIREHLVAIIKQRKIDLAEGKASPTQDIMSYMLLTPDEDGKFMKEYDIADKILGLLVGGHDTASSACAFIVKYLAELPQVYQGVYKEQMEIAKSKGPGELLNWDDIQKMKYSWNVACEVLRLAPPLQGAFRDVLKDFMYEGFYIPKGWKVYWSAHSTHKNPEYFPEPYKFDPSRFDGSGPAPYTFVPFGGGPRMCPGKEYARLEILVFMHNLVKRFRWEKLIPDEKIVVNPMPVPEKGLPIRLFSYDA
ALR73782.1~NA-C_28,ALR73782.1,False,False,False,False,False,False,False,False,False,False,False,False,False,False,False,False,False,False,True,False,False,False,False,False,False,False,False,MYLTILFLFVSSILLSLMFLLRKHLSHFSYQNLPPGKTGFPLIGESLSFLSEGSQGHPEKFITDRVRRFISSSSGVFKTHLFGSPTAVMTGASGNKFLFTNENKLVVSWWPDSVKKIFPYTQSTYTEESKKLRILLLQFMKPEALRKYIGVMDEVTQRHFETEWTNKKQLIVYPLSKKLTFSIACRLFLSMDDPERVSKLEERFNSVVMGIYSIPIDLPGTRFNRSIKASRLIRKEVCAIIGQRREELKAGRASAEQDVLSHMLTSVGETKDEDLANYLIGILIGGHDTAAIATTFIISYLAEYPHVYQRVLQEQKEILNEKKEKERLKWEDIEKMKYSWNVACEVMRLVPPLTGTFREAIDHFTFKGFYIPKGWKLYWSATATHMNPDYFPEPERFEPNRFEGSGPKPYTYIPFGGGPRMCPGREFARLEILVIIHNLVNRFKWEKVSPNENKIVVDPLPKPGNGLPIRIFPHF
ALR73781.1~NA-unknown,ALR73781.1,False,False,False,False,False,False,False,False,False,False,False,False,False,False,False,False,False,False,False,False,False,False,False,False,False,False,True,MYLTILFLFVSSILLSLMFLLRKHLSHFSYQNLPPGKTGFPLIGESLSFLSEGRQGRPEKFVTDRVRRFISSSTGVFKTHLFGYPTAVMTGASGNKFLFTNENKLVVSWWPDSVKKIFPYTQSTYTDESKKLRILLMQFMKPEALRKYIGVMDEVAQRHFETLWTNQKQLIVYPLSKKLTFSVACRLFLSMDDPERVSKLEDRFNSVVTGIYSVPIDLPGTRFNRSIKASRLLRKEVCAIIGQRREELKAGRASAEQDVLSHMLMSVGETKDEDLANYLIGILIGGHDTAAIATTFIINYLAEYPHVYQRVLQEQKEILKEKKEEERLKWEDIEKMKYSWNVACEVMRLVPPLTGNFREAIDHFTFKGFYIPKGWKLYWSATATHMNPDYFPEPERFEPNRFEGSGPKPYSYIPFGGGPRMCPGREFARLEILVIIHNLVNRFKWEKVFPNENKIVVDPLPKPGNGLPIRIFPHF
AOG74832.1~NA-C_28,AOG74832.1,False,False,False,False,False,False,False,False,False,False,False,False,False,False,False,False,False,False,True,False,False,False,False,False,False,False,False,MELFFVPLFSSLVLFVFFCFLLLFYKNNKWRSSGAPLPPGQTGWPFIGESYEFLSTGWKGYPEKFIFDRIAKHSSNVFKTSILGEHAAVFCGAACNKFLFSNENKLVQAWWPDSVNKVFPSSTQTSSKEEAIKMRKMLPNFLKPDALQRYVGTMDSIARRHFESGWDNKNEIVVFPLAKTYTFWIACKLFVSVEEPSQVAKLLEPFSAIASGIISVPIDLPGTPFNSAIKSSKRIREMLWKIIKQRKIDLAEGKASPTQDILSHMLLTSDENGKFMSELDIADKILGLLIGGHDTASSACTFVVKFLAELPEIYDGVYKEQMEIVKSKGPGELLNWDDIQKMKYSWNVACEVLRLAPPLQGGFREVLTDFSYNGFSIPKGWKIYWTANSTHRNSEVFPEPLKFDPSRFEGTGPPPFTFVPFGGGPRMCPGKEYARLEILVFIHNLVKRYKWEKIIPDEKIIVNPMPIPAKGLPIRLFPHKA
AOG74831.1~NA-C_28,AOG74831.1,False,False,False,False,False,False,False,False,False,False,False,False,False,False,False,False,False,False,True,False,False,False,False,False,False,False,False,MELLSSYASFLFLLFVLLSVGLLYKKKSSSSSKTGSPIPPGKTGWPVLGESLEFLSTGWKGHPEKFIFDRMAKYSSSVFRTSLLGEPAAVFCGAAGNKFLFSNENKLVQAWWPSSVDKLFPSSNQTSSKEEAIKMRKMLPHFFKPEALKQYVGIIDHITQRHFSSSWDGNKEVTVFPLTKRFTFWLACRLFMSVEDPNHVAQFADPFDVLASGLISIPIDLPGTPFRRAINASNHIRKELTKIIKQRKIDLGEGKANPTQDILSHMLLTSDEDGKFMNELDIADKILGLLIGGHDTASSACAFIVKYLAELPHIYDGVYNEQMEIAKSKAPGELLNWDDLQKMKYSWNVACEVMRLAPPLQGAFREATSDFIYNGFAIPKGWKLYWSANSTHKNAEFFPEPQKFDPSRFEGSGPAPYTFVPFGGGPRMCPGKEYARLEILVFMHHLVKRFKWEKIIPDEKVVVNPMPIPAKGLPVRLFPHKA
AOG74834.1~NA-C_6,AOG74834.1,False,False,False,False,False,False,False,False,False,False,False,False,False,False,False,False,False,False,False,False,False,False,False,True,False,False,False,MSLFSDVVLLVIFPIILSLFFYRKLKSSSSKTVNTPPGSSGWPIVGESIKFGSAGPQKFIKERMEKYSPDVFHTSLLGEKLAVFCGAQGNKFVFTNETTVLTSWWPQAMKKALISPELSENEAKEIRKSQKGFLPDILKPEALKQYIPVMDAMARDHVASEWTPRYVVKVSPLAMKYTFGLACRLFMNVVEPDRIDKLTKHFTRVITGFMAVPIDLPGTAYNSAINGGKLVRAELLNIISARREEIRENKETIGRDFLSKMLLVTDEDGEFMTEKEICNNIIGLLVASYETTSTAVTFVLKHLAEYPHIYDKVYEEQMEIKKSKKPGDLLCWEDVQKMKYTWNVACESLRLAPPGQGAFREAATDFTYAGFTIPKGWKVFWTVHTSHRDPKYFPDPDKFDPSRFEGSGPAPYSYVPFGGGPRMCPGKEYARLEILVFIYNVVTNFKLEKLSPNEKVLFRSSLVLTEGLPVRLVPHKN
AFO63031.1~NA-C_6,AFO63031.1,False,False,False,False,False,False,False,False,False,False,False,False,False,False,False,False,False,False,False,False,False,False,False,True,False,False,False,MDLFISSQLLLLLVFCLFLFWNFKPSSQNKLPPGKTGWPIIGETLEFISCGQKGNPEKFVTQRMNKYSPDVFTTSLAGEKMVVFCGASGNKFIFSNENKLVVSWWPPAISKILTATIPSVEKSKALRSLIVEFLKPEALHKFISVMDRTTRQHFEDKWNGSTEVKAFAMSESLTFELACWLLFSINDPVQVQKLSHLFEKVKAGLLSLPLNFPGTAFNRGIKAANLIRKELSVVIKQRRSDKLQTRKDLLSHVMLSNGEGEKFFSEMDIADVVLNLLIASHDTTSSAMGSVVYFLADHPHIYAKVLTEQMEIAKSKGAEELLSWEDIKRMKYSRNVINEAMRLVPPSQGGFKVVTSKFSYANFIIPKGWKIFWSVYSTHKDPKYFKNPEEFDPSRFEGDGPMPFTFIPFGGGPRMCPGSEFARLEVLIFMHHLVTNFKWEKVFPNEKIIYTPFPFPENGLPIRLSPCTL
BAP59952.1~NA-C_28,BAP59952.1,False,False,False,False,False,False,False,False,False,False,False,False,False,False,False,False,False,False,True,False,False,False,False,False,False,False,False,MDHYFYLTLLLLFVSSISLSLFSLFYKHRSPFTAPNLPPGRMGFPVIGESLEFLSTGWNGHPEKFIFDRMTKYCSHIFKTSIVGEPAVVFCGPACNKFLFSNENKLVTAWWPNSVNKVFPSSLQTSSKEESKKMRKMLPQFLKPQALQRYVGIMDDIAQRHFESHWENKTEVTVYPLTKRYTFLLASRLFMSIEDDTHVAKLRDTFHLLASGIISVPVDLPGTPFRKAINASNVIRKELLKIIRQRKVDLNEGKASPTQDILSHMLLTCNESGQFMNELDIADKILGLLIGGHDTASATCTFIVKYLAELPHIYDKVYHEQMEIAKLKSPGELLNWDDVNKMRYSWNVACEVMRVAPPLQGGFREALHDFMFNGFSIPKGWKLYWSANSTHKSPEYFPEPEKFDPTRFEGEGPAPYTFVPFGGGPRMCPGKEYARLEILVFMHNLVKRFKWEKLIPDERIIVDPLPIPAKDLPVRLFPHKS
ALO23117.1~NA-C_28,ALO23117.1,False,False,False,False,False,False,False,False,False,False,False,False,False,False,False,False,False,False,True,False,False,False,False,False,False,False,False,MQLFYVPLLSLFVLFVSLSFYFLFYKSKSGSTSGLPLPPGKTGWPVIGESFEFLSTGWKGYPEKFIFDRLAKYSSNVFKTSLFGQPAAAFCGAACNKFLFSNENKLVQAWWPDSVNKVFPSSTQTSSKEEAIKMRKLLPNFLKPEALQRYVGVMDQIATKHFKSGWENKKEVLVFPLAKNYTFWIACKVFVSVEEPTQVAKLLEPFNAIASGIISVPIDLPGTPFNSAIKSSKIVRDKLMGIIKQRKTDLGEGKASPTQDILSHMLLTSDENGKFMTEGDIADKILGLLIGGHDTASSACTFVVKFLAELPEIYEGVYKEQMEIAKSKKAGELLNWEDIQKMKYSWNVACEVLRLAPPLQGAFREALTDFSYNGFSIPKGWKLYWSANSTHRNSEVFPEPLKFDPSRFEGAGPPPYSFVPFGGGPRMCPGKEYARLEILVFMHHVVKRFKWEKVIPDEKIVVNPMPIPAKGLPVRLFPHKA
AOG74849.1~NA-cycloartane,AOG74849.1,False,False,False,False,False,False,False,False,False,False,False,False,False,False,False,False,False,False,False,False,False,False,False,False,False,True,False,MEVISFSMLIILLFALFLISLPLLLFLIQNKSHSSKNTTMFPHGNMGWPIIGETLEFLKLGRKGIPEKFINDRMQKFSSKVFKTSLFGETMVVLCGPEGNKFLFSNENTLVKGWVPGSIRKIIPSAGNVSTNEGAIKMRKKLQTSFKLETLQKFIGKMDLAAKEHLTTHWDNKKEVLVFPLAKNYGFSLVCQLFMSLDDHVEAAKFYDHFAVLLAGLISIPIDLPGTSLHKAIGASNILRKYIAEIVRQRKLDIAERVESVPQDILSHMLLTSDENGQFLNDMEIADRIVGLLVAGHDTVSAAITFIVKYLAELPHIYEEVQNEQREILRSKPKGELLNWEDISRMKYSWNVAREAMRLASPAQGFFREAITNFTYAGFSIQKGWKIYWSTYSTHKDPNYFPNPETFDPSRFEGNGPAPYTYIPFGGGPHMCPGNVYARLVILVFMHNVVTRFKWEKIFADERIIIDPLPKPAKGLPIRLQPQCT
QIH97367.1~NA-C_28,QIH97367.1,False,False,False,False,False,False,False,False,False,False,False,False,False,False,False,False,False,False,True,False,False,False,False,False,False,False,False,MEFFYASLLCLFVSLVFLSLHLLFYKTKTGSLPPGKTGWPVIGESLEFLSTGWKGHPEKFIFDRMARYSSHVFRTHLLGEPAAVLCGSAGNKFLFSNENKLVQAWWPSSVEKIFPNDNAETSSKEESIKMRRMLPTFFKPEALHRYVGIMDHIARRHFADGWDGKREVVVFPLAKNYTFWLACRLFLSVEDPSQVEKFAAPFNLLASGLISIPIDLPGTPFHKGIKASAYIRKELVAIIKQRKADLADGTASPTQDILSHMLLTSNEDGKFMQESDIANKILGLLIGGHDTASSACTFVVKYLAELPQVYEGVYKEQMEIAKSKAAGELLNWEDLQKMKYSWNVACEVLRLAPPLQGAFREALADFSFNGFSIPKGWKLYWSANSTHKNSEFFPEPEKFDPSRFEGSGPAPYTFVPFGGGPRMCPGKEYARLEILVFMHHLVKRFKWEKMIPDEKIVVDPMPIPANGLPVRLYPHTS
APZ88353.1~NA-C_28,APZ88353.1,False,False,False,False,False,False,False,False,False,False,False,False,False,False,False,False,False,False,True,False,False,False,False,False,False,False,False,MQLFYVPLLSLFVLLVSLSFYFLFYKSKSGSPGALPLPPGKTGWPVIGESFEFLSTGWKGHPEKFIFDRLAKYSSNVFRTSLLGQPAAVFCGAACNKFLFSNENKLVQAWWPDSVNKVFPSSTQTSSKEEAIKMRKLLPNFLKPEALQRYVGIMDQIAKKHFESGWENKKEVSVFPLAKNYTFWIACKVFLSVEEPTQVAKLLEPFNAIASGIISVPIDLPGTPFNSAIKSSKIIRDKLLGIIKQRKIDLGEGKASPTQDILSHMLLTSDENGKFMTEGDIADKILGLLIGGHDTASSACTFVVKFLAELPEIYEGVYKEQMEIAKSKKPGELLSWEDIQKMKYSWNVACEVLRLAPPLQGAFREVLTDFSYNGFSIPKGWKLYWSANSTHRNSEVFPEPLKFDPSRFEGAGPPPYSFVPFGGGPRMCPGKEYARLEILVFMYHVVKRFKWEKVIPDEKIVVNPMPIPASGLPVRLFPHKA
AZS32332.1~NA-C_28,AZS32332.1,False,False,False,False,False,False,False,False,False,False,False,False,False,False,False,False,False,False,True,False,False,False,False,False,False,False,False,MEHFYLSILLFFVSFITLSLFFVFYRHLSHFRGTNLPPGRFGLPFIGETLEFLADGWKGYPEKFFFERMSKYSSEIFKTSILAEPTAVFCGAAGNKFLFSNENKLVTAWWPDSVNKVFPSSLQTSSQEEARRMRKMLPNFLKPEALQRYIGIMDHIAQRHFAMGWENKDEVEVFPLAKRFTFWLACRLFVSVEDPDHVAKFADPFNEIASGIFSVPIDLPGTPLNRAKHASNFIRKELGAIIKQRKIDLADGTASPTQDILSHMLLATDEDGKHMNELDIADKILGLLIGGHDTASAACTFIVKYLAELPHIYQGVYEEQMEIARSKAPGELLNWDDLQKMKYSWNVACEVLRLASPLQGAFREALTDFMFNGFSIPKGWKLYWSAHSTHRSPDYFPDPEKFDPSRFDGKGPAPYTFVPFGGGPRMCPGKEYARLEILVFMYNLVKRFRWEKVLPDEKIIVNPMPMPAKGLPVRLYPHKA
AZS32333.1~NA-C_28,AZS32333.1,False,False,False,False,False,False,False,False,False,False,False,False,False,False,False,False,False,False,True,False,False,False,False,False,False,False,False,MGLPSSSSVSAHKDSTMEPNFYLSLLPLFVSFVSISLFVVFYRHRSSFCGPNLPPGDVGLPYVGESLQFLSTGWKGHPEKFIFDRISKFSSHVFKTSLLGEPAAVFCGSAGNKFLFSNENKLVQAWWPNSVNKVFPSSLQTSSKEEAKKMRKMLPQFLKPEALQRYIGIMDTIAQQHFAMGWENKDEIVVFPLAKRYTFWLACRLFISVEDPNHVARFADPFNLLASGIISIPIDLPGTPFNRAIKASNFIRKELIAIIKQRKVDLAEGKATATQDILSHMLLATDEDGKHMNEMDIADKILGLLIGGHDTASAACTFIVKYLAELPHIYDEVYKEQMEIANSKAPGELLNWDDIQKMRYSWNVACEVMRLAPPLQGAFREAMNDFIFNGFSIPKGWKIYWSANSTHKSADYFPEPEKFDPARFEGAGPAPYTFVPFGGGPRMCPGKEYARLEILVFMHNLVKRFRWEKLIPDEKIVVDPMPMPAKGLPVRLHPHRA
ON108677~NA-C_7/C_28,ON108677,False,False,False,False,False,False,False,False,False,False,False,False,False,False,False,False,False,False,True,False,False,False,False,False,True,False,False,MFMTSSAMWFTVSLVFITIVLIRIIRGKAAGGVDPTSGKQHPPVVNGFALLGLLPRLLNKDLPTKINCLYSKYGSVFTVSLFGRNVTFLIGPEVSAHFFQGLDSEISHGNLLEFTVPMFGQEVAHGVDTATRNEQARFYLDALKQSKLRSHFDPMLQEVEEYFSKWGQEGIVDLKHEFEQLLMLISSRCLLGKEVREKMFDEFYTLFRDIENGVNLVSVFFPYIPIPANRRRDRARVKLIELLSEIVRSRKSSGRVEEDALQKLIDSKYKDGRSTSETEVTGMIIGLIFGGKHTSSHATTWTGACLLSHEKFLAASSEEQKQIMKKYKGRLEYEALLEMNTLHSCIKEALRMHPPSPMLVRKANKHFTVKTREGQEYDIPKGNTIASPIVQNNIMPYIYKDPHLYDPDRFGPARQEDVAGGKFSYTSFGGGRHVCVGEGYAYMQIKIIWSHLLKNFELELLSPFPNTDWNKLIPEPQGNMMVSYKRHRLLG
ON108678~NA-C_19,ON108678,False,False,False,False,False,False,False,False,False,True,False,False,False,False,False,False,False,False,False,False,False,False,False,False,False,False,False,MDLASTAAVGWALALLLITALATKIARARITIVDPPRTTTTTTQPPPVVNGIALLRLLPTLSKKGLPAMVNDLYLKFGSVFMVSVFGIKVTILIGPEVTPHFFQGLESEISHGNLLEFTVPMFGEAVGYGRDAATRIEQTRFHIEALRPSRLKNHVYPMIQEVEDYFAKWGNEGIVDLKLEFERLLMLISSRVLLGKEVRETMFDEVYTLFREIENGVTVISFLFPYLPIPANHRRDRARTRLTEILSDVVKSRKNSGRVEEDTLQKLIDSKYKDGRSTTVPEVVGLIIGLLFAGKHTSSHTSTWTGACLLSHPMFLRAAIEEQKQIGRKYKDGLGYDAMLEMDTLHSCIKEALRMHPPTPMLVRKAHKHFTVQTKQGKQYDIPEGHTVASPIVVNNNIPYIYKDPEVYDPDRFGPKRQEDKVGGKFSYTSFSGGRHTCTGEAYAYMQIKVIWSHLLSNFELKLISPFPKTDWSKFLPEPEGTLFVRYKRNGCRAST
ON108679~NA-C_1,ON108679,False,False,False,True,False,False,False,False,False,False,False,False,False,False,False,False,False,False,False,False,False,False,False,False,False,False,False,MEFTSGDVWFAVAVLLIATVVTKIAIARATVDPTCTRPLPPVVKGVALLGLLHALVTKDLPTVIHDLYEKFGSVFTVSLLGQKVTFLVGPEVSAHFFKGLESEINIGNLLNFTVPIFGQEVGYGVDLATRNEQARFCLDALKPSKLRSHVDPMLQEVEEYFAKWGQHGIVDLKHEFEVLLMLISSRVLLGKEVREKMFDEFCTLFGQIENGVNLVSVFFPYIPIPSNQRRDRARVKLTQILSEVVSSRKSSGRVEEDTLQRLIDSRYKDGRSTTEAEITGMIIGMLFAGKHTSSHTTIWTGACLLNSPKFLAAAVEEQKELVVKYKDQIDYNTLAEMDALHCCIKEALRMHPPSPVLVRKAQKQFTVKTKEGNEYDIPRGHTIASPTIVNNNMHYIYKEPQVYDPDRFGPGREEDIVGGKFSYTSFGSGRHACIGESYAYMQIKLIWSHLLRNFELELVSPFPRTDWNKIVPGPQGKVMVSYKRSRMSA
ON108669~NA-C_19,ON108669,False,False,False,False,False,False,False,False,False,True,False,False,False,False,False,False,False,False,False,False,False,False,False,False,False,False,False,MDLASLTAVWWAVALLFITVLVTKISRARVTTVDLHRTTGQLPPLVNGVALLKLLPTLLNKGLPAMVNDLYVKYGSVFMVSSFGVKVTLLIGPEVTAHFFQGLESEISHGNLFEFTVPMFGEAVGYGRDTATRTEQMRFHIEALRPSRLRSHVYPMLQEVEGYFAKWGEEGIVDLKLEFEKLLMLISSRCLLGKEVRENMFDEVYTLFHEIEDNGVTLISFLFPYLPTPANRKRDKARIRLTQILSDVVDSRKNSGRVEDDTLQKLIDSKYKDGRPTTVEEVVGLIIGLLFAGKHTSSHTSTWTAACLLSHPTFLRAAIEEQQQISSKYKDMGLDYNAFIEMDTLHSCIKEALRKHPPTPMLVRRAHKQFMVKTKEGKEYDIPQDHIVATPTIVTNNISYIYKDPQVYDPCRFGPERREDKVGGKFSYTSFSGGRHICTGEAYAYMQLKVIWSHLLRNFELELISPFPKTDWGKFLPEPQGKLLVKYKRNGIL
ON108670~NA-C_25/C_2,ON108670,False,False,False,False,False,False,False,False,False,False,True,False,False,False,False,False,True,False,False,False,False,False,False,False,False,False,False,MEMASSAKWFAVALVFITVILLRVIRGRRMAAAPASEKPPPPVVNGFALLGLLPRLLTMDLRTKINCLHDKYGSVFTVSPFGLTNVTFLIGPEVQSHFFQGLESEINHGNLLEFLVPMFGQEIGQGVDAATRTEQSRFYLDALKQSKLRRHLDPMLQEVESYFGKWGLEGVVDLKHEFEELLMLISSRCLLGKEVREKMFDEFYKLFRDVENGVNMISVFFPYIPIPANRRRDKARLKLIELLSGTVRSRKSSPSVEEDVLQRLIDSKYKDGRSTTETEVTGMIIALIFGGKHTSSLASTWTGACLLTHPKFLAAASQEQKEIMMKYKDKIEYDALLEMNTLHNCIKEALRLNPPTTMLVRKALKHFTVRTRQGQEYGIPKGHTLASPIIQNNYLPYIYKDPEVYDPDRFGPVRQEDIVGGKFSYTSFGGGRHFCSGDAYAYMQVKVIWSHLLNNFDLKLLSPYPKTDWSKLIPEPQGNMMVSYKRRQLLG
MN621243~NA-C_29,MN621243,False,False,False,False,False,False,False,False,False,False,False,False,False,False,False,False,False,False,False,True,False,False,False,False,False,False,False,MATITDIQYYVVLFFLWLFSTLLLQYAFRRSTKGATHLRLPPSPPSLPVVGHIHLLSKDIHICFQNLARKYGPLLYLRFGSFKCLLISSASVATEVFKSNDVAFSSKPFSVLGDRLIFGNTGFVISQYGDYWRYMKKLTVTELLGARQLERSRKVRQEELHRYLQRVFEKAGVEEVFDVGSELMKLTNNTICRMVLSTRCSEEDNEAEEVKELVEGSFDLAMKMTMVAMSGPLKKVVGKYYEKEDKDINRRCDELLERMWKEHEERAKREGVDREDKDFMDILLEAYYNDKAEFKITRNQVKAFILDIFIAGTSTSADTMQWVMANLINHPDVLKKVRQEIESVVGTSKRLVEESDLPNFPYLQAVVKETLRLYPPGPVLPRRTNEDSKVSGFDIPKDLIVAFNVYAIMRDPEAWDKPNEFIPERFLSSTKEQNTQLVNFMAFGAGRRLCPGSTLALTLMNTAIANMVQCFDWKVGIDGDIVNMKAGTGFTLALAEPLMCRPVVRFNPFAG
MN621244~NA-C_29,MN621244,False,False,False,False,False,False,False,False,False,False,False,False,False,False,False,False,False,False,False,True,False,False,False,False,False,False,False,MATTIIDVQYYVFLFLLCLSSTLLLQYFFKKSKPAGTIHLRPPPSPPALPVIGHIHLLTKDIHICFQKLALKYGPLLFLRFGSFKFLLISSASVVTEIFKSHDVAFASKPVSVFENRLIFSNIGFIFSPYGDYWRFMKKMTVTELLGAKQLQRSRNVRREELHRYLKKVLEKAQESEVFSLGAELMKLTNNTICRMALSTRCSEEDNEAEKIMELVNGSLELGMKLAMANMAGPLKKVGVWMYGKEDREINKKCDELLERMWKEHEERAKRDGGVDREDKDLMDILLEAYHDENVEFKINKNQIKAFILDLFIAGTSTSTDAMQWVMANLINHPEVMKKTREEIDSVVGNKRLVEETDLPNLPYLQAVVKETLRLYPPGPLLPRRTYEACQLRGFDIPRDIMVVLNFYAIMRDPEAWDNPNDFIPERFLSSNKEKANQIVNFVAFGAGRRMCPGATLALTLMNTTVASMVQCFDWKVGEDGDRVNMEPEAGLHLALAEPLKCRPIVRFDPFSS
MN621245~NA-C_29,MN621245,False,False,False,False,False,False,False,False,False,False,False,False,False,False,False,False,False,False,False,True,False,False,False,False,False,False,False,MATTTIIDAQYYVFLFLLCLSSTLLLQFFFKKSKPAGATHLRPLPSPPALPLVGHIHLLTKYVHICFQKLALKYGPLLFLRFGSFKFLLISSASVVTEVFKSNDVAFASKPMSVFEDRLIFANIGFIFSPYGEYWRYMKKMTVTELLGSKQLQRSHNVRREELHRYLKKVLEKAQESEVFSLGTELMKLTNNTICRMALSTRCSEEDNEAEKIKELVDGSLELGMKLAMVNMAGPLKKLGVWMYGKEDREINRKCDELLERIWKEHEERAKRDGGVDREDKDLMDILLEAYHDEKAEFKINKNQIKAFILDLFLAGTSTSTDAMEWAMANLINHPEVMKKAREEIDSVVGNRRLVEETDLPNLPYLQAVVKETLRLYPPGPLLPRRTHEACELRGFDIPRDIMVVFNFYAIMRDPEAWENPNEFIPERFLSSNKEKAHQNFNFVAFGAGRRMCPGATLALTLMNTTVASMVQCFDWKVGKDGDRVNMEPEAGLHLKLAEPLQCRPILRFHLFSS
MK829814~NA-C_29,MK829814,False,False,False,False,False,False,False,False,False,False,False,False,False,False,False,False,False,False,False,True,False,False,False,False,False,False,False,MAIITDMQYYVVLFLLWLFSTLLLQYAFRRSTKGTTTHLRLPPSPPALPVIGHFHLLSKDIHICFQNLARKYGPLLYLRFGSFKCLLISSVSVATEVFKSNDVAFSSKPFSVLGDRLIFGNTGFIISQYGEYWRYMKKLTVTELLGARQLERSRKVRKEELYRYLQKVIDKASALEVFDVGSELMKLTNNTICRMVLSTRCSEEDNEAEEVKELVEGSFDLAMKMTMVAMAGPLKKVVGRYYEKEDRDINRRCDELLERMWKEHEERAKREGVDREDKDFMDILLEAYYDEKADFRLTRNQVKAFILDIFIAGTSTSADTMQWVVANLINYPDVMKKVRQEIESVVGNTRLVEESDLPNLPYLQAVVKETLRLYPPGPVLPRRTNDASKVSGFDIPKDLIVAFNVYAIMRDPEAWDKPDEFIPERFLSSSKEQNTQLVNFMAFGAGRRLCPGSTLALTLMNAAIANMVLCFDWKVGKDGDRVNMKAGTGFTLALAEPLMCRPILRFNPFTG
AY552551~NA-14α_demethylation,AY552551,False,True,False,False,False,False,False,False,False,False,False,False,False,False,False,False,False,False,False,False,False,False,False,False,False,False,False,MELGDNKILNVGLLLVATLLVAKLISALIMPRSKKRLPPVIKALPIVGGLIRFLKGPIVMLRQEYPKLGSVFTLNLLNKNITFFIGPEVSAHFFKAPETDLSQQEVYQFNVPTFGPGVVFDVDYTIRQEQFRFFTEALRVTKLKGYVDQMVTEAEEYFSKWGESGEVDLKYELEHLIILTASRCLLGEEVRNKLFDDVSALFHDLDNGMLPISVIFPYLPIPAHRRRDNARKKLAEIFANIINSRKRTGKAENDMLQCFIDSKYKDGRPTTEGEITGLLIAALFAGQHTSSITSTWTGSYLLTNNKYMSAVVDEQKNLMKKHGNKVDHDILSEMDVLYRCIKEALRLHPPLIMLLRSSHSDFSVTTREGKEYDIPKGHIVATSPAFANRLPHIFKNPESYDPDRFGPGREEDKAAGAFSYISFGGGRHGCLGEPFAYLQIKAIWSHLLRNFEFELISPFPEIDWNAMVVGVKGEVMVKYKRRKLSAE
DQ680852~NA-C_12/C_13/C_16,DQ680852,False,False,False,False,False,True,True,False,True,False,False,False,False,False,False,False,False,False,False,False,False,False,False,False,False,False,False,MDMTICVVWLVLAIISIAAVVSKSSKRSNASDSVVTRPPPPVVTGIDLLKFLHALCRKDPEAAMMYLYNKLGSIFTLSFLWKRVTILIGHEASIPFFHGLESDVSQGNFNEFTVPMFGKENGYAVEYATRIEQSRFFYDSLKASQLRSHVDLIRQEVEEYFAKWGDEGEVDLKQEFTKLLMLIAGRCLLGSEVRDTIFGEFYTLFADIEEGVNLFSYMFPYMPVPVNNRRDRAQMKLTSIVSEIVRSRKRCNRVEDDMLQRLIDSRYKDGRPTTEGEVSGMIIGLIFAGKHTSTITASWTGACLLTHPKFLGAAVEEQKQMMSKYKDNIDYNILSEMEILHSCIKEAGRMYPAAPVLLRKTLKEISVQTREGGEYGIPKGTTLAHLVMLTGKVPHTYKDPEVYDPDRFRVGREEDKIGGKLSYTIFGAGRHACAGESFAFMQIKIIWSHLLRNFDLKLTSPFPKQDWSKFIIEPKGKVMVSYKRCRMPAN
NM_123623~NA-C_23,NM_123623,False,False,False,False,False,False,False,False,False,False,False,False,False,False,True,False,False,False,False,False,False,False,False,False,False,False,False,MEMMILISLCLTTFLTILLFFKSLLKRPNSNLPPSPWRLPVIGNLHQLSLHPHRALSSLSARHGPLMLLRFGRVPVLIVSSADVAHDVMKTHDLKFANRPITKSAHKISNGGRDLVFAPYGEYWRNVKSLCTIHLLSNKMVQSSEKRREEEITLLMETLEEASLSSSSVNLSKLITNMVSDIMGKVVLGKKYSGEEGTIDVKTITKSFLDAVGLSPVGEYIPSLAWIGKITGSDGKLEKITKQFGDFIEKVLQEHEDTTADKETPDFVDMLLTIQRDETAQCQLDKSDLKVIIFEMFLGSTTTTSAVIEWAMTRLMRNPECLKKLQDEIRSVSKMNSYVSGKEVENMNYLKAVIKEVLRLHPPLPLLVPRLLSEDVKLKGYDITAGTQVIINAWAIQRDTATWGSDAQEFRPERHFDSTWDFVGRNFKYIPFGAGRRLCPGIGLGSVMASVTLANLVKRFDWRVEDGPSGYDKPDLVEGAGIDVCRKFPLVVFPSSA
MK803264~NA-C_21,MK803264,False,False,False,False,False,False,False,False,False,False,False,False,True,False,False,False,False,False,False,False,False,False,False,False,False,False,False,MEFRLPVLLSFLLFFLMLVRHWKRSKGQGKPPPGPKPLPILGNLHQLADGLPHYAVTKLCRKYGPVMKLKLGQLDAVVISSPEAAKEVLKTNEIKFAQRPEVYAVEIMSYDHSSIVFSPYGDYWREMRKISVLELLSNRRVTSFRSIREDEVWNLVQFISENEGCIVNLSERIFIMTNDIVSRAAFGNKCDDQHNFTALLEEILQIGAGFAIADLYPSLTFLRPLTGMKPALERIHKKMDKILEQIVTEHQIKRKAAAKNNTKFEEEDLVDTLLNYAEANKNEFHLTTDQVKAVTLDIFSAGSETSATSMEWAMSELLKNPRVMKKAQEEVRQACKGKSKIKETDIQNLEYLKLVIKETFRLHAPGPFTPREARETCEIGGYTIPAKAKILINLHAMGRDPTIWKDPECFRPERFEGSSIDFKGNHFELIPFGGGRRICPGISFATANIELGLAQMMYHFDYKLPNGKSLEDLDMNENFGMTCRRKENLQVIATTRIPFQK
MK803271~NA-C_23/C_24/C_25,MK803271,False,False,False,False,False,False,False,False,False,False,False,False,False,False,True,True,True,False,False,False,False,False,False,False,False,False,False,MNLQLDYFSITSFLVFLVVLFRIVSDWNKKSTNLRLPPGPSKLPIIGSVHHMIGLDVDLPYHALTDLAKKYGPLMHLQLGQMSLVVASSAKMFKELMKENDLAISQRPVPYVARVLNDAGRDIAFVPYGDYWRQIRKISRMELFSVRKVQSLYYIREDQSNKMIDAIGGSAETVMNLSKAVSDYTSTVVARAAFGSGCKDQDKFIKLSLEMVAAAGAVSTLPDMFPALGFIPVLSGKKAFLQNIQKEADKILDYIIDEHIQRTKSKDYDGKESDKEDIVDVLLRLEKTGELEIPITTPDIKAVIWSVFAGGTDTSSTTTLWAMSELMRNPKVMEKVQAEVREKLKGKKEILEADIQDLPYMRAVIKETLRLRIPGPLLLPRETMEPIEVDGYVIPEKTKILFNAWAVTRDPELWENPESFIPERFIEKQIDFKGTNYEFTPFGSGRRICPGMNFGIANVELPLAKLLYYFNWQLPHGMKPEDLDMTAKFGVVCGRKNDLFLIPTPYNIEVEN
KF460438~NA-C_28,KF460438,False,False,False,False,False,False,False,False,False,False,False,False,False,False,False,False,False,False,True,False,False,False,False,False,False,False,False,MEDHFLSFPILLSLMVLLMFMILKRFKTTNTASNLPPGPWKLPIFGSIHHLIGSLPHHRLRELSKKYGPLMHLQLGETSAIVVSSSEIAKEVLKTHEITFAQRPRSLGAEITTYGFTDIAFSSYGDYWRQLRKICALELLSAKCVRSFHSIREEEVSNLIRYISMNTGSCVNLTDIVLSMTYSIVARAAFGDKCKDQEAYILFMKKSMRVAESFSVTNLFPSQRWLLVISGAMNKFKELHRTTDKVLEKIITEATAKSGGDGSLLSILLNLKDHGDPEFHLTINNIKAVLQDMFIAGSETSSTSLEWTFSEMLKNPRVMKRAQAEVRQVFGSRGYVEEMALEELKFLKAVIKETLRLHPPIPLFPRECGETCEIDGYTIPVGTQVIVNTWAIGRDLCWSEEEKFYPERFLDCPIDYKGSNFEFIPFGAGKRICPGILFALPNIVLPLAQLLYYFDWELPFGTSHEDFDMAEAFGTTVRRKNDLVVIPISYNPVSVE
LC456843~NA-C_23,LC456843,False,False,False,False,False,False,False,False,False,False,False,False,False,False,True,False,False,False,False,False,False,False,False,False,False,False,False,MENILLYFSLSLLSILVVRFLLRSPSGRKLPPSPAFRLPIIGHLHLLGRPAQHAFKKLADKYGPVFSLRFGSRLVVIITSPEAVKECFTKNDVVLAARPLLNSGKYMAYDNTIFAAASYGEHWRNLRRIGSIEIYSPTRLNKFLDSRGDEVKRLLRRLGESNNSPPPASAGFSTVKLEPLFAELTFNVVMRMVAGKSYFGENVSNEEEAKQFRYIMKEIFMISEASSPGDFIPIWNWIDPTGYEKKLKNIAKKVDIFLVNLIEEIRNRKGEGNTMVDHLLSMQVSEPQFFSDQIIKGLIWVIMLAGTDTQSGTLTWTMSHLLNNPEVLKKARAEIDTVVGRERLVEENDLSKMTYLQQVIAETLRLNPLPLLLPHCASEDCTIQGYHIPRDTMLLFNVWAIHRDPKLWDDALIFKPERHATLTIEDQYKYLPFGLGRRACPGGGMANRLVGLALATMIQCFEWKRVSDELVDMTVGNGITASRAFPLEAMCKPWPDMERVLVEEVGLVRK
KM655856~NA-C_25,KM655856,False,False,False,False,False,False,False,False,False,False,False,False,False,False,False,False,True,False,False,False,False,False,False,False,False,False,False,MEDSILQYSAFSILSIAVVVLAIIKYLLKFNSNKNLPPSPPSIPIIGHLHLLKLPVHRTLQTLSQKYGPVLSLRFGSRSVVVVTSLEAAEECFIKNDIIFANRPNFAVSHCLSYNETTLGAAPYGDHWRKLRRVSTLEILCSSRLNANYEIRRDEVRRAMKKIYEVSRDGFGKVEFKPLVKELTMNVTMRMVAGKRYFGEEAAKSSEARTFQAIVHELFEFTLSSYPADFLPILKYIDIQGFMKRAKKLITRVDAFWQGLIDEHRRGEISNEEMKNCMVAHFLKLQETQPDYYTDDIIKGLILTMILGGSDTTAVTIEWAMSNLLNHPSVLKKARAEIESQLGGDKLIEETDLSKLNYLRYIILETLRLYPAGPLLLPHKSSADCRISGYDIPRDTMLLVNAWAIHRDPVLWEDPTSFKPERFENNNGEGDGNNKLMIAFGLGRRACPGTGMANRVMGLMLGTLIQCFDWKSIDGKEVDMNEGKGVSMPKAQPLEALCKAREIATKLL
AB035868~NA-C_6,AB035868,False,False,False,False,False,False,False,False,False,False,False,False,False,False,False,False,False,False,False,False,False,False,False,True,False,False,False,MGAMMVMMGLLLIIVSLCSALLRWNQMRYTKNGLPPGTMGWPIFGETTEFLKQGPNFMRNQRLRYGSFFKSHLLGCPTLISMDSEVNRYILKNESKGLVPGYPQSMLDILGTCNMAAVHGSSHRLMRGSLLSLISSTMMRDHILPKVDHFMRSYLDQWNELEVIDIQDKTKHMAFLSSLTQIAGNLRKPFVEEFKTAFFKLVVGTLSVPIDLPGTNYRCGIQARNNIDRLLRELMQERRDSGETFTDMLGYLMKKEGNRYPLTDEEIRDQVVTILYSGYETVSTTSMMALKYLHDHPKALQELRAEHLAFRERKRQDEPLGLEDVKSMKFTRAVIYETSRLATIVNGVLRKTTRDLEINGYLIPKGWRIYVYTREINYDANLYEDPLIFNPWRWMKKSLESQNSCFVFGGGTRLCPGKELGIVEISSFLHYFVTRYRWEEIGGDELMVFPRVFAPKGFHLRISPY
AB087801~NA-Baeyer_Villiger/C_6,AB087801,False,False,True,False,False,False,False,False,False,False,False,False,False,False,False,False,False,False,False,False,False,False,False,True,False,False,False,MGIMMMILGLLVIIVCLCTALLRWNQMRYSKKGLPPGTMGWPIFGETTEFLKQGPDFMKNQRLRYGSFFKSHILGCPTIVSMDAELNRYILMNESKGLVAGYPQSMLDILGTCNIAAVHGPSHRLMRGSLLSLISPTMMKDHLLPKIDDFMRNYLCGWDDLETVDIQEKTKHMAFLSSLLQIAETLKKPEVEEYRTEFFKLVVGTLSVPIDIPGTNYRSGVQARNNIDRLLTELMQERKESGETFTDMLGYLMKKEDNRYLLTDKEIRDQVVTILYSGYETVSTTSMMALKYLHDHPKALEELRREHLAIRERKRPDEPLTLDDIKSMKFTRAVIFETSRLATIVNGVLRKTTHDLELNGYLIPKGWRIYVYTREINYDTSLYEDPMIFNPWRWMEKSLESKSYFLLFGGGVRLCPGKELGISEVSSFLHYFVTKYRWEENGEDKLMVFPRVSAPKGYHLKCSPY
KF318735~NA-C_16,KF318735,False,False,False,False,False,False,False,False,True,False,False,False,False,False,False,False,False,False,False,False,False,False,False,False,False,False,False,MWVVGLIGVAVVTILITQYVYKWRNPKTVGVLPPGSMGLPLIGETLQLLSRNPSLDLHPFIKSRIQRYGQIFATNIVGRPIIVTADPQLNNYLFQQEGRAVELWYLDSFQKLFNLEGANRPNAVGHIHKYVRSVYLSLFGVESLKTKLLADIEKTVRKNLIGGTTKGTFDAKHASANMVAVFAAKYLFGHDYEKSKEDVGSIIDNFVQGLLAFPLNVPGTKFHKCMKDKKRLESMITNKLKERIADPNSGQGDFLDQAVKDLNSEFFITETFIVSVTMGALFATVESVSTAIGLAFKFFAEHPWVLDDLKAEHEAVLSKREDRNSPLTWDEYRSMTHTMHFINEVVRLGNVFPGILRKALKDIPYNGYTIPSGWTIMIVTSTLAMNPEIFKDPLAFNPKRWRDIDPETQTKNFMPFGGGTRQCAGAELAKAFFATFLHVLISEYSWKKVKGGSVARTPMLSFEDGIFIEVTKKNK
HQ128570~NA-C_11,HQ128570,False,False,False,False,True,False,False,False,False,False,False,False,False,False,False,False,False,False,False,False,False,False,False,False,False,False,False,MWTVVLGLATLFVAYYIHWINKWRDSKFNGVLPPGTMGLPLIGETIQLSRLSDSLDVHPFIQKKVERYGPIFKTCLAGRPVVVSADAEFNNYIMLQEGRAVEMWYLDTLSKFFGLDTEWLKALGLIHKYIRSITLNHFGAEALRERFLPFIEASSMEALHSWSTQPSVEVKNASALMVFRTSVNKMFGEDAKKLSGNIPGKFTKLLGGFLSLPLNFPGTTYHKCLKDMKEIQKKLREVVDDRLANVGPDVEDFLGQALKDKESEKFISEEFIIQLLFSISFASFESISTTLTLILKLLDEHPEVVKELEAEHEAIRKARADPDGPITWEEYKSMTFTLQVINETLRLGSVTPALLRKTVKDLQVKGYIIPEGWTIMLVTASRHRDPKVYKDPHIFNPWRWKDLDSITIQKNFMPFGGGLRHCAGAEYSKVYLCTFLHILCTKYRWTKLGGGRIARAHILSFEDGLHVKFTPKE
KM655862~NA-C_11/C_20,KM655862,False,False,False,False,True,False,False,False,False,False,False,True,False,False,False,False,False,False,False,False,False,False,False,False,False,False,False,MWTILLGLATLAIAYYIHWVNKWKDSKFNGVLPPGTMGLPLIGETIQLSRPSDSLDVHPFIQRKVKRYGPIFKTCLAGRPVVVSTDAEFNHYIMLQEGRAVEMWYLDTLSKFFGLDTEWLKALGLIHKYIRSITLNHFGAESLRERFLPRIEESARETLHYWSTQTSVEVKESAAAMVFRTSIVKMFSEDSSKLLTEGLTKKFTGLLGGFLTLPLNLPGTTYHKCIKDMKQIQKKLKDILEERLAKGVKIDEDFLGQAIKDKESQQFISEEFIIQLLFSISFASFESISTTLTLILNFLADHPDVVKELEAEHEAIRKARADPDGPITWEEYKSMNFTLNVICETLRLGSVTPALLRKTTKEIQIKGYTIPEGWTVMLVTASRHRDPEVYKDPDTFNPWRWKELDSITIQKNFMPFGGGLRHCAGAEYSKVYLCTFLHILFTKYRWRKLKGGKIARAHILRFEDGLYVNFTPKE
AB433179~NA-C_11,AB433179,False,False,False,False,True,False,False,False,False,False,False,False,False,False,False,False,False,False,False,False,False,False,False,False,False,False,False,MEVHWVCMSAATLLVCYIFGSKFVRNLNGWYYDVKLRRKEHPLPPGDMGWPLIGDLLSFIKDFSSGHPDSFINNLVLKYGRSGIYKTHLFGNPSIIVCEPQMCRRVLTDDVNFKLGYPKSIKELARCRPMIDVSNAEHRLFRRLITSPIVGHKALAMYLERLEEIVINSLEELSSMKHPVELLKEMKKVSFKAIVHVFMGSSNQDIIKKIGSSFTDLYNGMFSIPINVPGFTFHKALEARKKLAKIVQPVVDERRLMIENGPQEGSQRKDLIDILLEVKDENGRKLEDEDISDLLIGLLFAGHESTATSLMWSITYLTQHPHILKKAKEEQEEITRTRFSSQKQLSLKEIKQMVYLSQVIDETLRCANIAFATFREATADVNINGYIIPKGWRVLIWARAIHMDSEYYPNPEEFNPSRWDDYNAKAGTFLPFGAGSRLCPGADLAKLEISIFLHYFLRNYRLERINPECHVTSLPVSKPTDNCLAKVIKVSCA
NM_001308937~NA-C_19,NM_001308937,False,False,False,False,False,False,False,False,False,True,False,False,False,False,False,False,False,False,False,False,False,False,False,False,False,False,False,MELIMNVCVIIGVVLGFFYVFARRFNEIWYSFKLGRKIYKSLPPGDLGWPFVGSTLAFNKAFRVVGDPYTFIHTHLLRYGRVGMYKSHLFGMPTVIVTNPEICRRIYLDDECFEPNYPKSVKILETNGNFLKIEHKIGYKIIASPMNGSEVLSKHVEFIEQLVEMGLEEWSSMRREPIEVMDKIGGLFFKVVLHIFLGNEIDDQAMAELHTLYKELGLVIMSFLPYDLPGFTYRRALKARNKIEKILRCVIEKKRKRFEKDDGTTEVYSLLDKLIVAKNENGSKSYSDDTIIDLLLGTFFAGHNTPATAAMWALLHISQNPHIFQMAKEEQESIIRQRPSTQKGLTFQEIKQMKFLTKFINEVLRRNTVAPTNFRKAKTNVNINGYTIPKGWTNYTPKPGEFIPFGLGSKFCPGSELAKLEMTILLHHFVLNYKVEPVDQNCNDTRLPSAKPMGLCRIVRVSQ
LC456844~NA-C_19/C_5/C_19,LC456844,False,False,False,False,False,False,False,False,False,True,False,False,False,False,False,False,False,False,False,False,False,False,True,False,False,False,False,MELLSNFGAILGALLGLYILVFGFLRKFNDIWYRFKLGKNVYNALPPGDMGWPLVGSSLSFYQAFKIGGDPNAVMDNLISRFGRVRMYKSHLYGFPVIIVTDPEVCRRIYLDDEHFKLNYPKSVKLLQADGSLLKVDYKIVHRLMAAPINGVEALSRYVEFIEDAVVEGLEEWGSMKGPVPLLHEFKRLTFKIIIGVFLGPVFTDSEVAELESLYAEIGPAIMSIFPYNLPGFSYRRALKARIKVENIVRPVIQNRKKALENNVDLEETCQLDAVIKATDKNGERVFNDNAIICMLLGLLYAGYHTSAHGAQWTMVHVSENPDVYQKAKEEQEMIIKQRPPNQKGLNFKEIKQMKYTAKIINEVLRLNNIVFTNFRMATKDVNVNGYTIPKGWIAAMWIRGVHMDDKIYENPLEFNPSRWDNYTPKPGEYIPFGIGSRFCPGNELAKLEMTVLLHHFLLGYRWERVNRKALVSNIPIPALVDECLTNITKLPSY
LC456845~NA-C_7,LC456845,False,False,False,False,False,False,False,False,False,False,False,False,False,False,False,False,False,False,False,False,False,False,False,False,True,False,False,MEILNNFWALLGASIGLYFFVFGFLRNFNELWYFLRLGGKIYNALPPGHMGWPLLGSSLSFYKAFKIGGDPNSIINHLVSRYGRVRMYKSHLYGSPVIIVTDPEVCRRVYLDDERFKLSYPKSVNILQGDRSLLKIDYKIVHRLMAAPINGSEALSKYMGFIEEAVVKGLEEWGSVKGPVELLLEFKRLTFKVITGVFLGPAFTDSEIAQLENLYAEIGLAILSIFPYDLPGFSYRRALKARSKVENIVRPVIERRRRILEENEELEETCQMDAVIKATDKNGEKIFNDNAIICMLLGLLYAGYHTSAHGAQWTMVHVSENPDVYQKAKEEQEMIIKQRPSTQKGLNFKEIKQMKYATKVINEMLRLNNIVFTTFRVATTDVNVNGYIIPKGWAVPIWNRGVHMDPEIYQNPLEFDPSRWDNYVPKPGEFIPFGLGSRYCPGNELARLEICILLHHFLLGYRWERVNPKAPLSNIPVPAPVDNCLTKITKLQSY
X87367~NA-C_3,X87367,False,False,False,False,False,False,False,False,False,False,False,False,False,False,False,False,False,False,False,False,True,False,False,False,False,False,False,MAFTAFLLLLSSIAAGFLLLLRRTRYRRMGLPPGSLGLPLIGETFQLIGAYKTENPEPFIDERVARYGSVFMTHLFGEPTIFSADPETNRFVLQNEGKLFECSYPASICNLLGKHSLLLMKGSLHKRMHSLTMSFANSSIIKDHLMLDIDRLVRFNLDSWSSRVLLMEEAKKITFELTVKQLMSFDPGEWSESLRKEYLLVIEGFFSLPLPLFSTTYRKAIQARRKVAEALTVVVMKRREEEEEGAERKKDMLAALLAADDGFSDEEIVDFLVALLVAGYETTSTIMTLAVKFLTETPLALAQLKEEHEKIRAMKSDSYSLEWSDYKSMPFTQCVVNETLRVANIIGGVFRRAMTDVEIKGYKIPKGWKVFSSFRAVHLDPNHFKDARTFNPWRWQSNSVTTGPSNVFTPFGGGPRLCPGYELARVALSVFLHRLVTGFSWVPAEQDKLVFFPTTRTQKRYPIFVKRRDFAT
AB206579~NA-C_22,AB206579,False,False,False,False,False,False,False,False,False,False,False,False,False,True,False,False,False,False,False,False,False,False,False,False,False,False,False,MAAMMASITSELLFFLPFILLALLTFYTTTVAKCHGGHWWRGGTTPAKRKRMNLPPGAAGWPLVGETFGYLRAHPATSVGRFMEQHIARYGKIYRSSLFGERTVVSADAGLNRYILQNEGRLFECSYPRSIGGILGKWSMLVLVGDPHREMRAISLNFLSSVRLRAVLLPEVERHTLLVLRAWPPSSTFSAQHQAKKFTFNLMAKNIMSMDPGEEETERLRREYITFMKGVVSAPLNLPGTPYWKALKSRAAILGVIERKMEERVEKLSKEDASVEQDDLLGWALKQSNLSKEQILDLLLSLLFAGHETSSMALALAIFFLEGCPKAVQELREEHLGIARRQRLRGECKLSWEDYKEMVFTQCVINETLRLGNVVRFLHRKVIKDVHYKGYDIPSGWKILPVLAAVHLDSSLYEDPQRFNPWRWKSSGSSGGLAQSSSFMPYGGGTRLCAGSELAKLEMAVFLHHLVLNFRWELAEPDQAFVFPFVDFPKGLPIRVHRIAQDDEQE
AF135485~NA-C_24,AF135485,False,False,False,False,False,False,False,False,False,False,False,False,False,False,False,True,False,False,False,False,False,False,False,False,False,False,False,MLDIKGYLVLFFLWFISTILIRSIFKKPQRLRLPPGPPISIPLLGHAPYLRSLLHQALYKLSLRYGPLIHVMIGSKHVVVASSAETAKQILKTSEEAFCNRPLMIASESLTYGAADYFFIPYGTYWRFLKKLCMTELLSGKTLEHFVRIRESEVEAFLKRMMEISGNGNYEVVMRKELITHTNNIITRMIMGKKSNAENDEVARLRKVVREVGELLGAFNLGDVIGFMRPLDLQGFGKKNMETHHKVDAMMEKVLREHEEARAKEDADSDRKKDLFDILLNLIEADGADNKLTRESAKAFALDMFIAGTNGPASVLEWSLAELVRNPHVFKKAREEIESVVGKERLVKESDIPNLPYLQAVLKETLRLHPPTPIFAREAMRTCQVEGYDIPENSTILISTWAIGRDPNYWDDALEYKPERFLFSDDPGKSKIDVRGQYYQLLPFGSGRRSCPGASLALLVMQATLASLIQCFDWIVNDGKNHHVDMSEEGRVTVFLAKPLKCKPVPRFTPFAA
DQ335790~NA-C_24,DQ335790,False,False,False,False,False,False,False,False,False,False,False,False,False,False,False,True,False,False,False,False,False,False,False,False,False,False,False,MLEIQGYVVLFLLWFISSIFIRSLFKKSVCYKLPPGPPISFPILGHAPYLRSLLHKSLYKLSNRYGPLMHIMLGSQHVVVASTAESAKQILKTCEESFTNRPIMIASENLTYGAADYFFIPYGNYWRFLKKLCMTELLSGKTLEHFVHIREDEIKCFMGTLLEISKNGKPIEMRHELIRHTNNIISRMTMGKKSSGMNDEVGQLRKVVREIGELLGAFNLGDIIGFMRPLDLQGFGKRNKDTHHKMDVMMEKVLKEHEEARAKEGAGSDRKKDLFDILLNLIEADDGAESKLTRQSAKAFALDMFIAGTNGPASVLEWALAELIRNPHVFKKAREEIDSTVGKERLFKESDIPNLPYLQAVVKETLRMHPPTPIFAREATRSCQVDGYDVPAFSKIFINAWAIGRDPNYWDNPLVFNPERFLQSDDPSKSKIDVRGQYYQLLPFGSGRRSCPGSSLALLVIQATLASLIQCFDWVVNDGKSHDIDMSEVGRVTVFLAKPLKCKPVPHFVPFSSA
AB437320~NA-C_24,AB437320,False,False,False,False,False,False,False,False,False,False,False,False,False,False,False,True,False,False,False,False,False,False,False,False,False,False,False,MLDIQGYLVLFLLWFISTILIRSIFKKSQCYKLPPGPPISLPLIGHAPYLRSLLHQALYKLSTRYGPLMHVLIGSQHVIVASSAEMAKQILKTYEESFCNRPIMIASENLTYGAADYFFIPYGTYWRFLKKLCMTELLSGKTLEHFVNIREDEIQCFLRNVLEISKTGKGVEMRQELIRHTNNIISRMTMGKKSNGTNDEVGQVRKLVREIGELLGAFNLGDIIGFMRPFDLQGFGKKNRDAHHNMDVMMEKVLKEHEEARAKEKGGAESDRKKDLFDILLNLIEADGADNKLTRESAKAFALDMFIAGTNGPASVLEWSLAELIRNPQVFKKAREEIDSVVGKERLVKESDIPNLPYLQAVVKETLRMHPPTPIFAREAIRGCQVDGYDIPANSKIFINAWAIGRDPKYWDNPQVYSPERFLITDEPGKSKIDVRGQYYQLLPFGSGRRSCPGSSLALLVIQATLASLVQCFDWVVNDGKNSEIDMSEEGRVTVFLAKPLKCKPVPRFVPFSA
KF906535~NA-C_24,KF906535,False,False,False,False,False,False,False,False,False,False,False,False,False,False,False,True,False,False,False,False,False,False,False,False,False,False,False,MPDIQVYLVLFLLWFISTILIKSLFTKTQSLRLPPGPPISLPLLGHAPYLRSLLHQALYKLSLRYGPLIHVLIGSKHVVVASSAEMAKQILKTNEEFFCNRPIMIASESLTYGAADYFFIPYGTYWRFLKKLCMNELLSGRTLEHFVDTRQDEVEAFVRNILEISKTGKPIEMRHELIRHTNNIISRMTMGKKSIKSGDEVARLRKVIREVGELLGAFNLGDIVGFMRPFDLQGFGKKNWETHHQLDVMMEQVLKEHEEARSKSDSDRKKDLFDILLDLIEADGDNKLTRESAKAFALDMFIAGTNGPASVLEWSLAELIRNPHALKKAREEIDSVVGKDRLVKESDIPNLHYLQAVVKETLRLHPPTPIFAREALRSCQVEGYDIPQYSKIFINAWAIGRDPNHWDNALEYLPERFLQTEEPGKSKIDVRGQYYQLLPFGSGRRSCPGTSLALLVIQGTLASLIQCFDWVVNDGKNNEVDMSEEGRVTVFLAKPLKCKPVARFAPFSSA
KF906536~NA-C_24,KF906536,False,False,False,False,False,False,False,False,False,False,False,False,False,False,False,True,False,False,False,False,False,False,False,False,False,False,False,MLEIQGYLVLFLLWFISTIFIKSIIFKKSVCYKLPPGPPISVPFLGHAPYLRSLLHQALYKLSIRYGPLMHIMLGSKHVIVASSAESAKNILKTYEESFCNRPIMIASESLTYGAADYFFIPYGNYWRFLKKLCMTELLSGKTLEHFVSIREDEIKAFLNTLLEISKSGKKIEMRQELIRHTNNIISRMTMGKKSNGMGDEVGKLRKLVREIGELLGAFNLGDIIEFMRPLDLQGFGKRNRNAHHNMDEMMEKVLKEHEEVRAKEGVDSDRKKDLFDILLNLIEADSKLTRESAKAFALDMFIAGTNGPASVLEWALAELIRNPQVFKKAREEIDSVVGKERLVKESDIPNLPYLQAVVKETLRLHPPTPIFAREAIRSCQVDGYDIPEHSKIFINAWAIGRDPNYWDNPLVYDPERFLLSDDPSKSKIDVRGQYYQLLPFGSGRRSCPGASLALLVIQATLASLVQCYDWVVNDGKSNEIDMSEVGRVTVFLAKPLKCKPVPHFVPFSA
KF906537~NA-C_24,KF906537,False,False,False,False,False,False,False,False,False,False,False,False,False,False,False,True,False,False,False,False,False,False,False,False,False,False,False,MLDIQGYLVLFLLWFISTIFIKSIIFKKSVCYKLPPGPPISVPFLGHAPYLRSLLHQALYKLSIRYGPLMHIMLGSKHVIVASSAESAKNILKTYEESFCNRPIMIASESLTYGAADYFFIPYGNYWRFLKKLCMTELLSGKTLEHFVSIREDEIKAFLNTLLEISKSGKKIEMRQELIRHTNNIISRMTMGKKSNGMGDEVGKLRKLVREIGELLGAFNLGDIIEFMRPLDLQGFGKRNRNAHHNMDEMMEKVLKEHEEVRAKEGVDSDRKKDLFDILLNLIEADSKLTRESAKAFALDMFIAGTNGPASVLEWALAELIRNPQVFKKAREEIDSVVGKERLVKESDIPNLPYLQAVVKETLRLHPPTPIFAREAIRSCQVDGYDIPEHSKIFINAWAIGRDPNYWDNPLVYDPERFLLSDDPSKSKIDVRGQYYQLLPFGSGRRSCPGASLALLVIQATLASLVQCYDWVVNDGKSNEIDMSEVGRVTVFLAKPLKCKPVPHFVPFSA
KF906538~NA-C_24,KF906538,False,False,False,False,False,False,False,False,False,False,False,False,False,False,False,True,False,False,False,False,False,False,False,False,False,False,False,MSPIITKLKNSTMLEIQGYLVLFLLWFISTIFIRSLFKKSECYKLPPGPPISFPILGHAPYLRSLLHQALYKLSTRYGPLMHIMLGSQHVVVASSAESAKQILKTCEESFINRPIMIASESLTYGAADYFFIPYGNYWRFLKKLCMTELLSGKTLEHFVSIREDEVKCFLRNILEISKSGKPIEMRHELIRHTNNIISRMTMGKKSNGANDEVGELRKVIREIGELLGAFNLGDIIGFMRPFDLQGFGKKNNDTHHKMDAMMEKVLKEHEEVRAKEGEGSDRKKDLFDILLNLIEADGADSKLTRQSAKAFALDMFIAGTNGPASVLEWALAELIRNPQVFKKARDEIDTIVGKERLVKESDIPNLPYLQAVVKETLRLHPPTPIFAREAIRSCQVDGYDVPAYSKIFINAWAIGRDPNYWDNPSVYDPERFLQSDDPSKSKIDVRGQYYQLLPFGSGRRSCPGASLALIVIQATLASLVQCYDWEVNDGKSNEIDMKEVGRVTVFLAKPLKCKPISHFAPFSAA
KF906539~NA-C_24,KF906539,False,False,False,False,False,False,False,False,False,False,False,False,False,False,False,True,False,False,False,False,False,False,False,False,False,False,False,MSPIVTKLKNSTMLEIQGYLVLFFLWFISTIFIRSLFKKSECYKLPPGPPISFPILGHAPYLRSLLHQALYKLSTRYGPLMHIMLGSQHVIVASSAESAKQILKTCEESFCNRPIMIASESLTYGAADYFFIPYGNYWRFLKKLCMTELLSGKTLEHFVSIREDEVECFLRNLLEISKNGKPIEMRHELIRHTNNIISRMTMGKKSSGVNDEVGELRKVIREIGELLGAFNLGDIIGFMRPFDLQGFGKKNKDTHHKMDAMMEKVLKEHEEVRAKEGEGSDRKKDLFDILLNLIEADGADSKLTRQSAKAFALDMFIAGTNGPASVLEWALAELIRNPQVFKKARQEIDTIVGKERLVKESDIPNLPYLQAVVKETLRLHPPTPIFAREAIRSCQVDGYDVPAYSKIFINAWAIGRDPNYWDNPSVYDPERFLQNDDPSKSKLDVRGQYYQLLPFGSGRRSCPGASLALIVIQATLASLVQCYDWDVNDGKSNEIDMKEVGRVTVFLAKPLKCKPVSHFVPFSE
KF906540~NA-C_24,KF906540,False,False,False,False,False,False,False,False,False,False,False,False,False,False,False,True,False,False,False,False,False,False,False,False,False,False,False,MLDIKGYLVLFFLWFISTVFIRSIFKRSQGMKLPPGPPISIPLLGNAPYLRAVLHQALYKLSLRYGPLIHITIGSKNVVVASSPETAKQILKTSEEAFCNRPLMIASESLTYGAADYFFIPYGTYWRFLKKLCMTELLSGRTLEHFVGIRESEVEAFLKRMLEISETGKEVVMRQELITHTNNIITRMIMGKKSNDANDFVAQLRKLVREVAELLGAFNLGDIIGFARPLDLQGYGKKNMETHQKVDTMLEMVLKEHEKARAKAAADSDRKKDLFDILLNLIEADGTDNKLTRQSAKAFALDMFIAGTNGPASVLEWSLAELVRNPHVLKKAREEIDSVVGKERVVKESDIPNLPYLQAVVKETLRMHPPTPIFAREAMRTCQVDGYDIPAHSTILISTWAIGRDPIYWDNALEYNPDRFLVSDEVGKGKIDVRGQYYQLLPFGSGRRSCPGASLALLVMQATLASLIQCFDWVVNDGKSHDIDMTEEGRVTVFLKKPLTCKPVPRFTPFAA
AB558145~NA-C_22,AB558145,False,False,False,False,False,False,False,False,False,False,False,False,False,True,False,False,False,False,False,False,False,False,False,False,False,False,False,MENLGTLLSSLNLQPTKVAIITVISSVLIWWIWSALDWIWFTPKRIEKRLKQQGLKGNSYRLMVGDIRDMVKMIKEAKSKPMDPYSNDIAPRVLPFVVHTIAKYGKSSFMWLGPRPRVFIMEPDKIKEMTTKVYDFQKPDTSPLFKLLASGFANYDGDKWAKHRKIVSPAFNVEKMKMLIPIFCHSCDDMVNKLDKVVSSSNGPCELDIWPFVQNVSSDVLARAGFGSSFEEGKRVFQLQKEMISLTMTLFKFAFIPGYRFLPTYTNRRMKAIDLEIRTSLMKIINRRLKAIKAGEPTNNDLLGILLESNYKESEKGNGGGGMSLRDVVDEVKLFYLAGQEANAELLVWTLLLLAKNPEWQAKAREESFQVFGNENPDYEKIGQLKIVSMILQESLRLYPPVIMLSRFLRKDTKLGDLTLPAGVELIVPVSMMHQEKEFWGDDAGDFKPERFSEGVSKATNGKVSYLPFGWGPRLCIGQNFGLLEAKIAVSMILRQFSLEFSPSYTHAPSFIITLQPEHGAHLILHKL
AB558147~NA-C_29,AB558147,False,False,False,False,False,False,False,False,False,False,False,False,False,False,False,False,False,False,False,True,False,False,False,False,False,False,False,MEVFMFPTGTTIIISVLSVLLAVIPWYLLNKLWLKPKRFEKLLKAQGFQGEPYNLSVLKDKSKQNYMLKLQQEDKSKSIGLSKEAAPSIFTHVHQTVHKYGKKSFFWEGTTPRVIITDPDQIKEVFNKIEDFPKPILKSIAKYLSVGIVHYEGKKWAKHRKIANPAFHLEKLKVMLPAFSHSCNEMISKWKELLSSDGTCELDVWPFLQNFTCDVISRTAFGSSYAEGEKLFQLLKKQGFLLTIGRQTNNTLWGLLATTTKTKMKEIEKEIHDSLEGIIEKREKALKNGEATNDDLLGILLQSNHAEKQGHGNSKNIGMTTQDVIDECKLFYIAGQETTSSLLVWTMVLLGRYPEWQARAREEVLQVFGNKNPNNEGLSQLKIVTMILYEVLRLFPPVIYFNRALRKDLKLGNVSLPEGTQISLPILLIHQDHDLWGDDAKEFNPERFAEGIAKATKGQVSYFPFGWGPRICLGQNFALLEAKIAISLLLQNFSFKLSPNYVHVPTTVLTLTPKYGASIILHKL
AB558146~NA-C_30,AB558146,False,False,False,False,False,False,False,False,False,False,False,False,False,False,False,False,False,False,False,False,False,True,False,False,False,False,False,MEVFMFPTGTTVIISVLSVLLAVIPWYLLNKLWLKPKRFEKLLKAQGFQGEPYNLSVLKDKSKQNYMLKLQQEDKSKSIGLSKEAAPSIFTPVHQTVRKYGNNSFLWEGTTPRVIITDPDQIKDVFNKIDDFPKPKLRSIAKYLSVGILDHEGKKWAKHRKIANPAFHLEKLKVMLPAFSHSCNEMISKWKELLSSDGTCEIDVWPSLQNFTCDVISRTAFGSSYAEGTKLFQLLKKQGFLLMTGRHTNNPLWGLLATTTKTKMKEIDREIHDSLEGIIEKREKALKNGETTNDDLLGILLQSNHAEKQGQGNSKNIGMTTQDVIDECKLFYLAGQETTSSLLVWTMVLLGRYPEWQARAREEVLQVFGNQNPNNEGLSQLKIVTMILYEVLRLFPPLIYFNRALRKDLKLGNLLLPEGTQISLPILLIHQDHDLWGDDAKEFKPERFAEGIAKATKGQVSYFPFGWGPRICLGQNFALLEAKIAVSLLLQNFSFELSPNYVHVPTTVLTLQPKNGASIILHKL
DQ335780~NA-C_2,DQ335780,False,False,False,False,False,False,False,False,False,False,True,False,False,False,False,False,False,False,False,False,False,False,False,False,False,False,False,MEASLAIYYGIILITVTLGLVYTWRVLNWIWLKPKRLEKLLREQGCNGNSYRLVLGDLKDSYKMGKKAKSKPMELSDDIIPRVIPYIQQLVQIYGKNPFIWSGTTPRLILTEPELIKDVLNRTSELQKPKYEIFKFLFSGLIIHEGEKWRKHRRLMNAAFQLEKLKIMAPSFLTSCIDMISKWESTLSSDGSGEIDIWPSLQNLTSDVISRNAFGSSYEEGKRIFDLQREQGELVMKNLVKSLIPLWRFIPTATQRRMHEIEKDIDSSLRYIINKREKAMKAGEATENDLLGLLLESNHQEIRDHGNNKNMGMSLEDVVGECKLFYLAGQESTSTMLVWTMILLSRYPDWQERAREEVLQIFGNKKPDYEGLNKLKILPMILYEVLRLYPPAFGVTRYVGKDIKFGNMEVPAGVEVFLPIILLQHNNELWGDDAKMFNPERFAEGISKATNGRFIYFPFGGGPRVCMGQNFSLLEAKMAVSMILQNFYFELSPTYAHTPNLVMTIQPEKGAHVILRKVKA
DQ335782~NA-C_23,DQ335782,False,False,False,False,False,False,False,False,False,False,False,False,False,False,True,False,False,False,False,False,False,False,False,False,False,False,False,MELSWETKSAIILITVTFGLVYAWRVLNWMWLKPKKIEKLLREQGLQGNPYRLLLGDAKDYFVMQKKVQSKPMNLSDDIAPRVAPYIHHAVQTHGKKSFIWFGMKPWVILNEPEQIREVFNKMSEFPKVQYKFMKLITRGLVKLEGEKWSKHRRIINPAFHMEKLKIMTPTFLKSCNDLISNWEKMLSSNGSCEMDVWPSLQSLTSDVIARSSFGSSYEEGRKVFQLQIEQGELIMKNLMKSLIPLWRFLPTADHRKINENEKQIETTLKNIINKREKAIKAGEATENDLLGLLLESNHREIKEHGNVKNMGLSLEEVVGECRLFHVAGQETTSDLLVWTMVLLSRYPDWQERARKEVLEIFGNEKPDFDGLNKLKIMAMILYEVLRLYPPVTGVARKVENDIKLGDLTLYAGMEVYMPIVLIHHDCELWGDDAKIFNPERFSGGISKATNGRFSYFPFGAGPRICIGQNFSLLEAKMAMALILKNFSFELSQTYAHAPSVVLSVQPQHGAHVILRKIKT
LC143440~NA-C_21,LC143440,False,False,False,False,False,False,False,False,False,False,False,False,True,False,False,False,False,False,False,False,False,False,False,False,False,False,False,MEAAWVNILMLILILALIWVWKKFNSLWLTPKRLEKILREQGLRGSPYRFKVGDTKETLKMQMQAMSKPMNLFSNDIGPRVSPYDHYIVNKHGKNSFIWNGQTPRVTLTDPELIKDVFNKIYDFGKPNMGPNIRSLIPGLAMHEGEKWSKHRKIINPAFNLEKLKNMLPLFIQCCDDLISKWEEMLSSDGSSEIDVWPFVKNLTADVISRTAFGSSYLEGRRIFQLLKEKIELTLKMRGQRLVPKRMKEIDRDIKASLMDIINKRDKALKAGEATKNNLLDILLESNHKEIEEHGNNKNVGMNIEEVIEECKLFYFAGQDTTSVLLVWTMILLSRYPDWQARAREEVSQVFGNQKPTFDGLNQLKIVTMILYEVLRLYPPGVGVPRKVIKDVKLGNLSFPAGVEIFISTILVHHDSELWGDDAKEFKPERFSEGVLKATNGRFSFFPFGGGPRICIAQNFALLEAKIALSMILQCFSFELSPTYTHAPTMVMTIQPQYGAPVILHKVEKYE
AB558153~NA-C_30,AB558153,False,False,False,False,False,False,False,False,False,False,False,False,False,False,False,False,False,False,False,False,False,True,False,False,False,False,False,MDASSTPGAIWVVLTVILAAIPIWVCHMVNTLWLRPKRLERHLRAQGLHGDPYKLSLDNSKQTYMLKLQQEAQSKSIGLSKDDAAPRIFSLAHQTVHKYGKNSFAWEGTAPKVIITDPEQIKEVFNKIQDFPKPKLNPIAKYISIGLVQYEGDKWAKHRKIINPAFHLEKLKGMLPAFSHSCHEMISKWKGLLSSDGTCEVDVWPFLQNLTCDVISRTAFGSSYAEGAKIFELLKRQGYALMTARYARIPLWWLLPSTTKRRMKEIERGIRDSLEGIIRKREKALKSGKSTDDDLLGILLQSNHIENKGDENSKSAGMTTQEVMEECKLFYLAGQETTAALLAWTMVLLGKHPEWQARARQEVLQVFGNQNPNFEGLGRLKIVTMILYEVLRLYPPGIYLTRALRKDLKLGNLLLPAGVQVSVPILLIHHDEGIWGNDAKEFNPERFAEGIAKATKGQVCYFPFGWGPRICVGQNFALLEAKIVLSLLLQNFSFELSPTYAHVPTTVLTLQPKHGAPIILHKL
KT150517~NA-C_23,KT150517,False,False,False,False,False,False,False,False,False,False,False,False,False,False,True,False,False,False,False,False,False,False,False,False,False,False,False,MDGVVVTYTKIAAAVAVAVVVVGWAWKVLNWVWVSPRKLEESLRKQGFRGNSYRLFYGDLKESSEMTRKAKLKPINLSDDPVLRVRPFIHQTVKKYGKSSFIWIGPTPRVQIMDPEIIKEIMVKSYKFNKPKRNPLVKLFADGLANHEGELWAKHRKLLNPAFHLERLKCMLPAMYFSCIEMVSKWDKMISKDGSRELDVWPFLQRLTSDVISHTAFGSSYEEGNIVFELQTEQAELVMKTLQSVYIPGWSYLPTKRNRKMKEIDRKTQSCLMNIINKKTKAMQAGEGSTDDILGILLESNLKEQLGQGKKNVGMSIQEVMGECKQFYFAGQETTSGLLVWTMVLLSIHPNWQARAREEVLQQFGNAKPDFDNLNHLKIVTMILYEVLRLYPPVDTLFRRVDQETTLGDITLPAGVQISLPIMILHHDQNIWGDDAKEFNPERFSEGVSKATKNQVVFFPFGWGPRICIGQNFALLEAKLALAIILQRFSFELSPSYTHAPTTVLTVQPQHGANLILHKL
NM_117621~NA-C_15/C_16,NM_117621,False,False,False,False,False,False,False,True,True,False,False,False,False,False,False,False,False,False,False,False,False,False,False,False,False,False,False,MDAIVVDSQNCFIIILLCSFSLISYFVFFKKPKVNFDLLPSPPSLPIIGHLHLLLSTLIHKSLQKLSSKYGPLLHLRIFNIPFILVSSDSLAYEIFRDHDVNVSSRGVGAIDESLAFGSSGFIQAPYGDYWKFMKKLIATKLLGPQPLVRSQDFRSEELERFYKRLFDKAMKKESVMIHKEASRFVNNSLYKMCTGRSFSVENNEVERIMELTADLGALSQKFFVSKMFRKLLEKLGISLFKTEIMVVSRRFSELVERILIEYEEKMDGHQGTQFMDALLAAYRDENTEYKITRSHIKSLLTEFFIGAADASSIAIQWAMADIINNREILEKLREEIDSVVGKTRLVQETDLPNLPYLQAVVKEGLRLHPPTPLVVREFQEGCEIGGFFVPKNTTLIVNSYAMMRDPDSWQDPDEFKPERFLASLSREEDKKEKILNFLPFGSGRRMCPGSNLGYIFVGTAIGMMVQCFDWEINGDKINMEEATGGFLITMAHPLTCTPIPLPRTQNSLISHL
NM_124173~NA-C_15/C_16,NM_124173,False,False,False,False,False,False,False,True,True,False,False,False,False,False,False,False,False,False,False,False,False,False,False,False,False,False,False,MASMITVDFENCFIFLLLCLFSRLSYDLFFRKTKDSRAGCALPPSPPSLPIIGHLHLILFVPIHQSFKNISSKYGPLLHLRFFNFPIVLVSSASTAYEIFKAQDVNVSSRPPPPIEESLILGSSSFINTPYGDYSKFMKKFMVQKLLGPQALQRSRNIRADELERFYKTLLDKAMKKQTVEIRNEAMKLTNNTICKMIMGRSCSEENGEAETVRGLVTESIFLTKKHFLGAMFHKPLKKLGISLFAKELMNVSNRFDELLEKILVEHEEKLQEHHQTSDMLDMLLEAYGDENAEYKITRDQIKSLFVDLFSAGTEASANTIQWTMAEIIKNPKICERLREEIDSVVGKTRLVQETDLPNLPYLQAIVKEGLRLHPPGPVVRTFKETCEIKGFYIPEKTRLFVNVYAIMRDPDFWEDPEEFKPERFLASSRLGEEDEKREDMLKYIPFGSGRRACPGSHLAYTVVGSVIGMMVQHFDWIIKGEKINMKEGGTMTLTMAHPLKCTPVPRNLNT
NM_180821~NA-C_7,NM_180821,False,False,False,False,False,False,False,False,False,False,False,False,False,False,False,False,False,False,False,False,False,False,False,False,True,False,False,MDRRGKYWAGPMWIGLSMCGSGSDTILECRLRLFKLQRQNQMSFVWSAAVWVIAVAAVVISKWLYRWSNPKCNGKLPPGSMGLPIIGETCDFFEPHGLYEISPFVKKRMLKYGPLFRTNIFGSNTVVLTEPDIIFEVFRQENKSFVFSYPEAFVKPFGKENVFLKHGNIHKHVKQISLQHLGSEALKKKMIGEIDRVTYEHLRSKANQGSFDAKEAVESVIMAHLTPKIISNLKPETQATLVDNIMALGSEWFQSPLKLTTLISIYKVFIARRYALQVIKDVFTRRKASREMCGDFLDTMVEEGEKEDVIFNEESAINLIFAILVVAKESTSSVTSLAIKFLAENHKALAELKREHAAILQNRNGKGAGVSWEEYRHQMTFTNMVINETLRMANMAPIMYRKAVNDVEIKGYTIPAGWIVAVIPPAVHFNDAIYENPLEFNPWRWEGKELRSGSKTFMVFGGGVRQCVGAEFARLQISIFIHHLVTTYDFSLAQESEFIRAPLPYFPKGLPIKISQSL
AB219423~NA-C_22,AB219423,False,False,False,False,False,False,False,False,False,False,False,False,False,True,False,False,False,False,False,False,False,False,False,False,False,False,False,MVFSVSIFASLAPYLISAFLLFLLVEQLSYLFKKRNIPGPFFVPPIIGNAVALVRDPTSFWDKQSSTANISGLSANYLIGKFIVYIRDTELSHQIFSNVRPDAFHLIGHPFGKKLFGDHNLIYMFGEDHKSVRRQLAPNFTPKALSTYSALQQLVILRHLRQWEGSTSGGSRPVSLRQLVRELNLETSQTVFVGPYLDKEAKNRFRTDYNLFNLGSMALPIDLPGFAFGEARRAVKRLGETLGICAGKSKARMAAGEEPACLIDFWMQAIVAENPQPPHSGDEEIGGLLFDFLFAAQDASTSSLLWAVTLLDSEPEVLNRVREEVAKIWSPESNALITVDQLAEMKYTRSVAREVIRYRPPATMVPHVAAIDFPLTETYTIPKGTIVFPSVFDSSFQGFTEPDRFDPDRFSETRQEDQVFKRNFLAFGWGPHQCVGQRYALNHLVLFIAMFSSLLDFKRLRSDGCDEIVYCPTISPKDGCTVFLSRRVAKYPNFS
AB233425~NA-C_22,AB233425,False,False,False,False,False,False,False,False,False,False,False,False,False,True,False,False,False,False,False,False,False,False,False,False,False,False,False,MVFSVSIFASLAPYLVSALLLFFLIEQLSYLVKKRNLPGPLFVPPIIGNAISLVRDPTSFWFKQSDTAGTSPGLAANYLIGKFIIYIRDTELSHQIFSNVRLEAFHPLGHPFGKQLFGDHSLIYLFGEDHKTVRRHLAPNFTPKALSTYSDLQQIVMLRHLRQWEESFSGGTKPVSMRDLVRELNLETSQTVFVGPYLDKEARNTFCTDYNLFNLGSMALPINLPGFAFNKARRAVMNLEKTLSVCAGKSKKRMATGEEPTCLIDFWMHAFVTEIESGNPPPLHSEDEAIGGLLFDFLFAAQDASTSSLLWAVTFLESHPKVLSKVREEVAKIWSPQSGHLITADQLAEMKYTRAVAREVVRYRPPATMVPHIATNDFPLTESYTIPKGTIVFPSVFDASFQGFTEPNRFDPDRFSETRQEDQVFKRNYLAFGWGAHQCVGQRYALNHLVLFIAMFSSLFDFKRLQSDGCDDIIYCPTISPKDGCTVFLSKRIVTYPNL
AB223043~NA-C_22,AB223043,False,False,False,False,False,False,False,False,False,False,False,False,False,True,False,False,False,False,False,False,False,False,False,False,False,False,False,MASIWGLLSPWIPYFISFIAFLLLLEQISYIKKKRFLPGPTLVFPFLGNVIPLVTNPTKFWDLQSALAKSTSHGFSVNYIIGKFILYIHSTDLSHKVFANVRPDAFHLIGHPFGKKLFGEHNLIYMFGQEHKDLRRRIAPNFTPKALGTYTDIQQRIIIKHFKSWLDEASKSPNTPIPLRLLCRDMNLDTSQTVFVGPYLDGESRKRFNVDYNYFNVGLRKLPVDLPGFAFRNARLAVGRLVDTLSVCVEQSLNKMKNEEEPTCLIDFWMQENLREINEAKINGLQKPFQYSNKELGGYLFDFLFAAQDASTSALLWAIVLLDSHPQVLEKVRSDVARFWSPESEEPLTAEMLTEMKYLEAVAREIIRIRAPATMVPHIAGEEFRLTEDYVIPKGTIVFPSVFDSSFQGFPEPEKFEPDRFMEERQEERVYKKNFLALGAGPHACVGQKYAINHLMLIIAMFTALIDFKRHKTDGCDDISYIPTIAPKDDCKVFLAHRCTR
OQ107266~NA-C_23,OQ107266,False,False,False,False,False,False,False,False,False,False,False,False,False,False,True,False,False,False,False,False,False,False,False,False,False,False,False,MWFTVGLVLVFALFIRLYSSLWLKPRATRIKLSNQGIKGPKPAFLLGNVAEMRRFQSKLPKSELKQGQVSHDWASKSLFPFFSLWSQKYGNTFVFSLGNIQVLYVSDHELVKEINQNTSLDLGKPKYLQKERGPLLGQGILTSNGQLWAYQRKIMTPELYKEKIKGMCELMVESVAWLVEEWGTKIQAEGGAADIRIDEDLRSFSGDVISKACFGSCYAGGREIFLRLRALQHQIASKALLMGFPGLKYLPIKSNREIWRLEKEIFQLIMKLAEDRKKEQHERDLLQIIIEGAKSSDLSSEAMAKFIVDNCKNVYLAGHETTAMSAGWTLLLLANHPEWQARVRDEILQVTEGRNPDFDMLHKMKLLTMVIQEALRLYPTVIFMSREALEDINVGNIQVPKGVNIWIPVVNLQRDTTVWGADANEFNPERFANGVNNSCKVPQLYLPFGAGPRICPGINLAMTEIKILLCILLTKFSFSVSPNYRHSPVFKLVLEPENGINVIMKKL
AEY75217~NA-C_12,AEY75217,False,False,False,False,False,True,False,False,False,False,False,False,False,False,False,False,False,False,False,False,False,False,False,False,False,False,False,MELQFPLFSIFFVTILFFFLFKKSSKTTKNLPPGPRKLPIIGNILELAGEVQHRVLAELSQKHGPIMHLQLAEISAIVVSSSKVAKEVLKTHDLAFSDRAQLQLSKIILKGCKDVVFNDYDDYWRQMRKICTVELLTANKVNSFRAIREDEAWNLVESIKTSLDSPVNLTHKFTSLTNAITCRAAIGERSKYQDELVHLIELMAALGGGFDIADLFPSYKFLHFLSGLRSKLEKVRKRLDDIFYNILKEHEEKRAKTKNSDGRVAGEEDLVDVLLRVQEKGGLQFPISSNNIQGIICDMLTAGTDTASTALDWAMSELVRYPSVLHKAQAEVREAFKGKTKIHEDDVQGLSYLKLVIKETLRLHPPAPLLLPKECREQCVIEGYTIPVRTKLIVNAWAIGRDPEYWVNAESFDPERFSNKSIDYNGTNLNYIPFGAGRRSCPGIAFGIATIELPLALLLYHFNWGMPGGIKPSALDMNEVLGATLKRKTNLLLSATSYTPNEDSS
AFO63031~NA-C_6,AFO63031,False,False,False,False,False,False,False,False,False,False,False,False,False,False,False,False,False,False,False,False,False,False,False,True,False,False,False,MDLFISSQLLLLLVFCLFLFWNFKPSSQNKLPPGKTGWPIIGETLEFISCGQKGNPEKFVTQRMNKYSPDVFTTSLAGEKMVVFCGASGNKFIFSNENKLVVSWWPPAISKILTATIPSVEKSKALRSLIVEFLKPEALHKFISVMDRTTRQHFEDKWNGSTEVKAFAMSESLTFELACWLLFSINDPVQVQKLSHLFEKVKAGLLSLPLNFPGTAFNRGIKAANLIRKELSVVIKQRRSDKLQTRKDLLSHVMLSNGEGEKFFSEMDIADVVLNLLIASHDTTSSAMGSVVYFLADHPHIYAKVLTEQMEIAKSKGAEELLSWEDIKRMKYSRNVINEAMRLVPPSQGGFKVVTSKFSYANFIIPKGWKIFWSVYSTHKDPKYFKNPEEFDPSRFEGDGPMPFTFIPFGGGPRMCPGSEFARLEVLIFMHHLVTNFKWEKVFPNEKIIYTPFPFPENGLPIRLSPCTL
OP821088~NA-C_28,OP821088,False,False,False,False,False,False,False,False,False,False,False,False,False,False,False,False,False,False,True,False,False,False,False,False,False,False,False,MEFFYVSLLCLFVLLISLSLHFLFYKNKSGFSGQIPPGKTGWPVIGESLEFLSNGWKGHPEKFIFDRIAKYSSYVFRTHLFGEPAAVFCGANGNKFLFSNENKLVQAWWPASVDKVFPSSNQTSSKEEAVKMRKMLPTFFKPEALQRYVGIMDHIAQRHFSDGWDNKNEVVVFPLAKRYTFWLACRLFVSVEDPAHVAKFADPFNELASGLISIPIDLPGTPFHRAIKSSNFIRKELVSIIKQRKIDLAEGKASPTQDILSHMLLTSDESGKFMHELDIADKILGLLVGGHDTASSACTFVVKYLAELPEIYEGVYQEQMEIAKSKAPGELLNWDDIQKMKYSWNVACEVLRLAPPLQGAFREAITDFMFNGFSIPKGWKLYWSANSTHRNSEFFPEPLKFDPSRFEGSGPAPYTFVPFGGGPRMCPGKEYARLEILVFMHHLVKRFKWEKLIPDEKIVVDPMPIPAKGLPIRLYPHNA
OQ107260~NA-C_28,OQ107260,False,False,False,False,False,False,False,False,False,False,False,False,False,False,False,False,False,False,True,False,False,False,False,False,False,False,False,MEHLYLSLVLLFVSSISLSLFFLFYKHKSMFTGANLPPGKIGYPLIGESLEFLSTGWKGHPEKFIFDRMSKYSSQIFKTSILGEPTAVFPGAVCNKFLFSNENKLVNAWWPASVDKIFPSSLQTSSKEEAKKMRKLLPQFLKPEALHRYIGIMDSIAQRHFADSWENKNQVIVFPLAKRYTFWLACRLFISVEDPTHVSRFADPFQLLAAGIISIPIDLPGTPFRKAINASQFIRKELLAIIRQRKIDLGEGKASPTQDILSHMLLTCDENGQYMNELDIADKILGLLVGGHDTASAACTFIVKFLAELPHIYEQVYKEQMEIAKSKVPGELLNWEDIQKMKYSWNVACEVMRLAPPLQGAFREAITDFVFNGFSIPKGWKLYWSANSTHKSPDYFPEPDKFDPTRFEGNGPAPYTFVPFGGGPRMCPGKEYARLEILVFMHNLVKRFKWEKLVPDEKIVVDPMPIPAKGLPVRLYPHKA
OQ107248~NA-C_16,OQ107248,False,False,False,False,False,False,False,False,True,False,False,False,False,False,False,False,False,False,False,False,False,False,False,False,False,False,False,MIYNNDSNDNELVISSVQQPSMDPFFIFGLLLLALFLSVSFLLYLSRRAYASLPNPPPGKLGFPVVGESLEFLSTRRKGVPEKFVFDRMAKYCRDVFKTSILGATTAVMCGTAGNKFLFSNEKKHVTGWWPKSVELIFPTSLEKSSNEESIMMKQFLPNFLKPEPLQKYIPVMDIITQRHFNTSWEGRNVVKVFPTAAEFTTLLACRVFLSVEDPIEVAKISEPFEILAAGFLSIPINLPGTKLNKAVKAADQIRDAIVQILKRRRVEIAENKANGMQDIASMLLTTPTNAGFYMTEAHISEKILGMIVGGRDTASTVITFIIKYLAENPEIYNKVYEEQMEVVKSKKPGELLNWEDVQKMKYSWCVACEAMRLAPPVQGGFKVAINDFVYSGFNIRKGWKLYWSAIATHMNPEYFPEPEKFNPSRFEGKGPVPYSFVPFGGGPRMCPGKEYSRLETLVFMHHLVTRYNWEKVYPTEKITVDPMPFPVNGLPIRLIPHKHQ
AEX07773~NA-C_28,AEX07773,False,False,False,False,False,False,False,False,False,False,False,False,False,False,False,False,False,False,True,False,False,False,False,False,False,False,False,MEIFYVTLLSLFVLLVSLSFHFLFYKNKSTLPGPLPPGRTGWPMVGESLQFLSAGWKGHPEKFIFDRMAKYSSNVFRSHLLGEPAAVFCGAIGNKFLFSNENKLVQAWWPDSVNKVFPSSNQTSSKEEAIKMRKMLPNFLKPEALQRYIGLMDQIAQKHFSSGWENREQVEVFPLAKNYTFWLASRLFVSVEDPIEVAKLLEPFNVLASGLISVPIDLPGTPFNRAIKASNQVRKMLISIIKQRKIDLAEGKASPTQDILSHMLLTSDENGKFMHELDIADKILGLLIGGHDTASSACTFIVKFLGELPEIYEGVYKEQMEIANSKAPGEFLNWEDIQKMKYSWNVACEVLRLAPPLQGAFREALNDFMFHGFSIPKGWKIYWSVNSTHRNPECFPDPLKFDPSRFDGSGPAPYTFVPFGGGPRMCPGKEYARLEILVFMHNLVKRFKWEKIIPNEKIVVDPMPIPEKGLPVRLYPHINA
KU878852~NA-C_2,KU878852,False,False,False,False,False,False,False,False,False,False,True,False,False,False,False,False,False,False,False,False,False,False,False,False,False,False,False,MDLFLPLVFLSVILIVLIFKPRSDGDKKLPPGSFGWPIMGETIEFLFGHPKEFVDKRMKKYSPDIFKSNILGEKTAIICGPEGHKFLFSNEEKFFTVFRPHPIQRLFRSYNNKSAPDPPPSGAGSKDDVKSIKQPGFFKPEALSRFIGVIEATIQQHLRAHWEGKDTVEAYPLSKSLTLTLSCRFFLGIDNPERIARLVHMFDDITLGMHSIISNVPGTVFYRAKNAAAAVRKELLCVIKEKKQEMAAGKKAQDVLSHMISFSDPSTGKFMPELEVADKMMGLITAGYSTVATSMAFLMKFVGESPAIYNKIRAEQIELAESKNPGEPLTWVDIQKLKYSWQAMCETMRLVPPLQGTFREVINEFTYAGYTVPKGWKVYWTVSTVHMNPKYFPNPEKFDPSRYEEGKISTPYTYVPFGGGPRMCPGKEYARIAVLTFLHHVVRKYKWEVLFPDEKVIGDMMPAPEKGLPIRLHPH
MF120282~NA-C_2,MF120282,False,False,False,False,False,False,False,False,False,False,True,False,False,False,False,False,False,False,False,False,False,False,False,False,False,False,False,MESQLLLLLLLGALALIIYAFKFKSSKTNLPPGSFGWPIIGETIAFMKEQQQHFVGERMKKHSTKLFKTSIFGERMVVLCGTAGHKFIATNEEKLFLAWRPLSMQKLFRSSYLKAAATAIVPQADVIQIYRAPGFLKPEALVKYIETMDSLVQEHLKLHWEGKTTVEVYKLAQLLVTSLSARFFTGLHDNERTEKYARLMDVVTSGLHTIHINIPGTTFHRAMKGAKALRKEVLLLIEEKKAAAASGVQMHDILSFMLFNPDPTGRFSTENEVADKFMGSMVAAFHSPSMVTSFLFKYLGERPEICDKVRREQLEIASSKKWGEALNWEDIHKMKYSWGVALEVMRLVPPLQGTFREVASEFTYEGYTIPKGWKVFWSASSTNKIPEYFPDPEEFDPSRFENGKTPPAYSNIPFGSGPRICPGKEYARLQLMCCLHHIVTKYKWEVINPNSKIAGGLNPVPEEGIHIRIQPYFPLQ
MG708191~NA-C_2,MG708191,False,False,False,False,False,False,False,False,False,False,True,False,False,False,False,False,False,False,False,False,False,False,False,False,False,False,False,MDPFFLVLVSLGLLLLFTLVYASLGSRNSGHKNLPPGSFGWPIMGETVEFLFGKPDKFVFDRMKKYSPDIFKTRILGEDTAVICGPNGHKFLFSNEQKLFTAFRPHSMQKLFRSYKTAAGAPPQPTAVEDRAKVARDEEAKVIRSPGFLKPEALVRYLGKMDSITQQQIRIHWEGKDLVKAYSFTKSLTLTLACRFFLGTDDPERIARLVENFDDMTVGMHSITVNFPGTIFYKANKAAAAIRKELRSVIGEKKAAMSSGAPMGDILSHMIVATDPTGKHMPEAEIADKIMGLLTAGYSTVATAMTFFMKYVGERPDIYKKVFDEQMEIAAAKKEGELLDWEDLQKMKYSWNVMYEVMRLTPPLQGTFREALTDFTYAGYTIPKGWKVYWTVSTTNKNPEFFPNPDKFDPSRYEDGNTFPPFTFVPFGGGPRMCPGKEYARLAILVFIHNVVKRFKWEVVDRKEKILGDMMPTPQKGLPIHLHHH
OP821089~NA-C_2,OP821089,False,False,False,False,False,False,False,False,False,False,True,False,False,False,False,False,False,False,False,False,False,False,False,False,False,False,False,MEVFALALFIITFAITIFGFSRWADRDTKLPPGSFGLPVIGETIQFLFGKPEKFVGDRMKKYSPNIFKTKILGEKTAVICGPNGHKFLFSNEQKYFAAFRPHPIQYIFRSYQTKAAAAPPPELPRDETKVLRQPGFLKPEALIRFLGKMDTVTQQQLQAHWEGKDVVKAFPLAKTVTLALACHFFMGMDNPERIARLVQHFDDITVGMHSIMLNIPGTIFHRANKAAAAIRTELMSVIKEKKDAMASGAKMQDILSHMIVITDPSGKFMPEAEIADKVMGLLVAGYSTVATTITFLMKYVGLNPDVYEMIRAEQMEIAASKKAGEFLEWEDMKKMRYSWNVICETMRLVPPLQGTFREVLTEFTYAGYTVPKGWKVYWTVSTTNMNPEYFRDPQKFDPSRYENGEAQAPYTYVPFGGGPRTCPGKEYARLAILSFVHNVVKYYKWEVMDPLEKVNGDMMPTPEKGLPIRLHRL
OP821090~NA-C_2,OP821090,False,False,False,False,False,False,False,False,False,False,True,False,False,False,False,False,False,False,False,False,False,False,False,False,False,False,False,MEVFALALFIITFAIIIFGFSRWADRDTKLPPGSFGLPVIGETIQFLFGKPEKFVGDRMKKYSPNIFKTKILGEKTAVICGPNGHKFLFSNEQKYFAAFRPHPIQYIFRSYQTKAAAAPPPELPRDETKVLRQPGFLKPEALIRFLGKMDTVTQQQLQAHWEGKDVVKAFPLAKTVTLALACHFFMGMDNPERIARLVQHFDDITVGMHSIMLNIPGTIFHRANKAAAAIRTELMSVIKEKKDAMASGAKMQDILSHMIVITDPSGKFMPEAEIADKVMGLLVAGYSTVATTITFLMKYVGLNPDVYGMIRAEQMEIAASKKAGEFLEWEDMKKMRYSWNVICETMRLVPPLQGTFREVLTEFTYAGYTVPKGWKVYWTVSTTNMNPEYFRDPQKFDPSRYENGEAQAPYTYVPFGGGPRTCPGKEYARLAILSFVHNVVKYYKWEVMDPLEKVNGDMMPTPEKGLPIRLHRL
KU878851~NA-C_6,KU878851,False,False,False,False,False,False,False,False,False,False,False,False,False,False,False,False,False,False,False,False,False,False,False,True,False,False,False,MSLFSDVVLLVIFPIILSLFFYRKLKSSSSKTVNTPPGSSGWPIVGESIKFGSAGPQKFIKERMEKYSPDVFHTSLLGEKLAVFCGAQGNKFVFTNETTVLTSWWPQAMKKALISPELSENEAKEIRKSQKGFLPDILKPEALKQYIPVMDAMARDHVASEWTPRYVVKVSPLAMKYTFGLACRLFMNVVEPDRIDKLTKHFTRVITGFMAVPIDLPGTAYNSAINGGKLVRAELLNIISARREEIRENKETIGRDFLSKMLLVTDEDGEFMTEKEICNNIIGLLVASYETTSTAVTFVLKHLAEYPHIYDKVYEEQMEIKKSKKPGDLLCWEDVQKMKYTWNVACESLRLAPPGQGAFREAATDFTYAGFTIPKGWKVFWTVHTSHRDPKYFPDPDKFDPSRFEGSGPAPYSYVPFGGGPRMCPGKEYARLEILVFIYNVVTNFKLEKLSPNEKVLFRSSLVLTEGLPVRLVPHKN
JX036031~NA-C_6,JX036031,False,False,False,False,False,False,False,False,False,False,False,False,False,False,False,False,False,False,False,False,False,False,False,True,False,False,False,MDLFISSQLLLLLVFCLFLFWNFKPSSQNKLPPGKTGWPIIGETLEFISCGQKGNPEKFVTQRMNKYSPDVFTTSLAGEKMVVFCGASGNKFIFSNENKLVVSWWPPAISKILTATIPSVEKSKALRSLIVEFLKPEALHKFISVMDRTTRQHFEDKWNGSTEVKAFAMSESLTFELACWLLFSINDPVQVQKLSHLFEKVKAGLLSLPLNFPGTAFNRGIKAANLIRKELSVVIKQRRSDKLQTRKDLLSHVMLSNGEGEKFFSEMDIADVVLNLLIASHDTTSSAMGSVVYFLADHPHIYAKVLTEQMEIAKSKGAEELLSWEDIKRMKYSRNVINEAMRLVPPSQGGFKVVTSKFSYANFIIPKGWKIFWSVYSTHKDPKYFKNPEEFDPSRFEGDGPMPFTFIPFGGGPRMCPGSEFARLEVLIFMHHLVTNFKWEKVFPNEKIIYTPFPFPENGLPIRLSPCTL
KC963423~NA-C_16,KC963423,False,False,False,False,False,False,False,False,True,False,False,False,False,False,False,False,False,False,False,False,False,False,False,False,False,False,False,MELSITLMLIFSTTIFFIFRNVYNHLISKHKNYPPGSMGLPYIGETLSFARYITKGVPEKFVIERQKKYSTTIFKTSLFGENMVVLGSAEGNKFIFGSEEKYLRVWFPSSVDKVFKKSHKRTSQEEAIRLRKNMVPFLKADLLRSYVPIMDTFMKQHVNSHWNCETLKACPVIKDFTFTLACKLFFSVDNPLELEKLIKLFVNIVNGLLTVPIDLPGTKFRGVIKSVKTIRHALKVLIRQRKVDIREKRATPTQDILSIMLAQAEDENYEMNDEDVANDFLAVLLASYDSANTTLTMIMKYLAEYPEMYDRVFREQMEVAKTKGKDELLNLDDLQKMNYTWNVACEVLRIATPTFGAFREVIADCTYEGYTIPKGWKLYYAPRFTHGSAKYFQDPEKFDPSRFEGDGAPPYTFVPFGGGLRMCPGYKYAKIIVLVFMHNIVTKFKWEKVNPNEKMTVGIVSAPSQGLPLRLHPHKSPS
AB223041~NA-C_26,AB223041,False,False,False,False,False,False,False,False,False,False,False,False,False,False,False,False,False,True,False,False,False,False,False,False,False,False,False,MEGFCFQWLCVILFLYVLLLCIQKAFVHLWWTPKIIQKHFKKQGITGPKYHFLFGNLKEIASFTTPSWPSTFTSHDILPNVLPFYHHWKKIYGSIFVIWFGPTARVTISDPALIRDIFVLKSDNFEKNESPALVKKLEGDGLLSLKGEKWAHHRKIITPTFYIENLRLMIPMMGKSMKEMLDKWSKMSNASGKVEIEVSEMFSTLAEDVITRIVFGNSYEDGKAIFELQAQQMIYATEAYQKVFIPGYRFLPSKKNRICWRLDKQVRKSLMKLIEERRKKEEVLSEECPNDLLEVMIKAGSDDEYRNTITVNDIVEECKTIFFAGKHTTSNLLTWTTILLAMHPKWQELARDEVLTVCGARDPPSKQQISKLKTLGMIINESVRLYPPAVAAIRRAKVDTQLGDFTLPRGTELLIPIIAIHHDQTLWGQDANEFNPARFGLGVAQAAKHPMAFMPFGLGARRCVGQNLAVLQAKLAIAMILQRFSFDLSPNYRHAPTILMLLCPQYGAPIIFQKL
MF596155~NA-C_24,MF596155,False,False,False,False,False,False,False,False,False,False,False,False,False,False,False,True,False,False,False,False,False,False,False,False,False,False,False,MSWLGFEMPVLTSIFLCLFLVILLAVVKNLQKLWWTPNRIQNRMVAQGVHGPSYKFIHGSTKEILSMKRETMGRPRSLTHDIFSAVQPHIHTWSKIFGKNFLQWYGVQPQMIIAEPELCKEVLNNKDRNYRKQRSQGYIKKLLGDSISMAEGEKWVKLRKLAHHAFHGESLKNMIPEMIKSSETMVQRWKTYEGKEIEVNEEFRVFTSEVISRTAFGSSFVEGKNIFEMLRELTSLIFRNTFKLRVPGISMFYKTSDEIKSEKLEKGIRDIITEIVRKREKTAITGGEANDFGSDYLGILLKAHHDANEKQRISVEDLVDECKTFYFAGQETTNSLLAWTIFLLALHTDWQEEARKEVLKLFGKENPNTDGLNKLKTMGMIINESLRLYPPVVSLTRESLKEVRLGQIVVPANVELHVANMALHHDPKYWGKDVQLFKPERFSEGIAKATNNNTVAFMPFGMGPRTCVGMNFAIIEAKIALSMILQRYSFTLSPGYVHSPIQFLTVRPQYGVQVILHPV
NM_123002~NA-C_28,NM_123002,False,False,False,False,False,False,False,False,False,False,False,False,False,False,False,False,False,False,True,False,False,False,False,False,False,False,False,MYMAIMIILFLSSILLSLLLLLRKHLSHFSYPNLPPGNTGLPLIGESFSFLSAGRQGHPEKFITDRVRRFSSSSSCVFKTHLFGSPTAVVTGASGNKFLFTNENKLVVSWWPDSVNKIFPSSMQTSSKEEARKLRMLLSQFMKPEALRRYVGVMDEIAQRHFETEWANQDQVIVFPLTKKFTFSIACRSFLSMEDPARVRQLEEQFNTVAVGIFSIPIDLPGTRFNRAIKASRLLRKEVSAIVRQRKEELKAGKALEEHDILSHMLMNIGETKDEDLADKIIGLLIGGHDTASIVCTFVVNYLAEFPHVYQRVLQEQKEILKEKKEKEGLRWEDIEKMRYSWNVACEVMRIVPPLSGTFREAIDHFSFKGFYIPKGWKLYWSATATHMNPDYFPEPERFEPNRFEGSGPKPYTYVPFGGGPRMCPGKEYARLEILIFMHNLVNRFKWEKVFPNENKIVVDPLPIPDKGLPIRIFPQS
LC106013~NA-C_16/C_22/C_28,LC106013,False,False,False,False,False,False,False,False,True,False,False,False,False,True,False,False,False,False,True,False,False,False,False,False,False,False,False,MYLTIIFLFISSIIFPLLFFLGKHLSNFRYPNLPPGKIGFPLIGETLSFLSAGRQGHPEKFVTDRVRHFSSGIFKTHLFGSPFAVVTGASGNKFLFTNENKLVISWWPDSVNKIFPSSTQTSSKEEAIKTRMLLMPSMKPEALRRYVGVMDEIAQKHFETEWANQDQLIVFPLTKKFTFSIACRLFLSMDDLERVRKLEEPFTTVMTGVFSIPIDLPGTRFNRAIKASRLLSKEVSTIIRQRKEELKAGKVSVEQDILSHMLMNIGETKDEDLADKIIALLIGGHDTTSIVCTFVVNYLAEFPHIYQRVLEEQKEILNNKDVNEKLTWEDIEKMRYSWNVACEVMRIVPPLAGTFREAIDHFSFKGFYIPKGWKLYWSATATHKNPEYFPEPEKFEPSRFEGSGPKPYTYVPFGGGSRICPGREYARLEILIFMHNLVKRFKWEKVFPKENKLVADPAPIPAKGLPIRIFPQS
DQ335781~NA-C_28,DQ335781,False,False,False,False,False,False,False,False,False,False,False,False,False,False,False,False,False,False,True,False,False,False,False,False,False,False,False,MEPNFYLSLLLLFVTFISLSLFFIFYKQKSPLNLPPGKMGYPIIGESLEFLSTGWKGHPEKFIFDRMRKYSSELFKTSIVGESTVVCCGAASNKFLFSNENKLVTAWWPDSVNKIFPTTSLDSNLKEESIKMRKLLPQFFKPEALQRYVGVMDVIAQRHFVTHWDNKNEITVYPLAKRYTFLLACRLFMSVEDENHVAKFSDPFQLIAAGIISLPIDLPGTPFNKAIKASNFIRKELIKIIKQRRVDLAEGTASPTQDILSHMLLTSDENGKSMNELNIADKILGLLIGGHDTASVACTFLVKYLGELPHIYDKVYQEQMEIAKSKPAGELLNWDDLKKMKYSWNVACEVMRLSPPLQGGFREAITDFMFNGFSIPKGWKLYWSANSTHKNAECFPMPEKFDPTRFEGNGPAPYTFVPFGGGPRMCPGKEYARLEILVFMHNLVKRFKWEKVIPDEKIIVDPFPIPAKDLPIRLYPHKA
KF309251~NA-C_3,KF309251,False,False,False,False,False,False,False,False,False,False,False,False,False,False,False,False,False,False,False,False,True,False,False,False,False,False,False,MVDLILIYSIFLYLIVVLVPLSLYFVFYKSKPVVDRKLPPGQTGWPVIGETLEFLTNGWKGHPEKFIFDRMARFSPHVFKTSLMLEDAAVFCGSAGNKFLFSNENKLVKAWWPASVEKILPSAKETTNQRKMLSRSFRPESLRQYVPVMDMMAQRHFKTEWDGMDQIVTHEVTQNFTFSLACKIFVSIEDPEEVKHLSGPFEKFAPGIFSIPIDLPWTPLRRAIHAGNFIRKEIIAIIKQRKIDLADGKASPTQDILSQMLCDEESQNIAEADIADVIIGLLIGGHDNASSTCAFIVKFLADLPEIYEGVLKEQLEIAKSKAPGELLNWEDLSKMKYSWNVACEVLRLAPPLQGSFREAMTDFVYNGYSIPKGWKLYWSALSTHKNPEVFTEPQKLDPSRFDGKGPAPYTFVPFGGGPHMCPGREYARLEILVFMHHLVIKYKWEKVIPNEQIIVNPMPKLAKGLPLRLYPRYA
AB619802~NA-C_28,AB619802,False,False,False,False,False,False,False,False,False,False,False,False,False,False,False,False,False,False,True,False,False,False,False,False,False,False,False,MEVFFLSLLLIFVLSVSIGLHLLFYKHRSHFTGPNLPPGKIGWPMVGESLEFLSTGWKGHPEKFIFDRISKYSSEVFKTSLLGEPAAVFAGAAGNKFLFSNENKLVHAWWPSSVDKVFPSSTQTSSKEEAKKMRKLLPQFFKPEALQRYIGIMDHIAQRHFADSWDNRDEVIVFPLAKRFTFWLACRLFMSIEDPAHVAKFEKPFHVLASGLITVPIDLPGTPFHRAIKASNFIRKELRAIIKQRKIDLAEGKASQNQDILSHMLLATDEDGCHMNEMEIADKILGLLIGGHDTASAAITFLIKYMAELPHIYEKVYEEQMEIANSKAPGELLNWDDVQNMRYSWNVACEVMRLAPPLQGAFREAITDFVFNGFSIPKGWKLYWSANSTHKSPECFPQPENFDPTRFEGNGPAPYTFVPFGGGPRMCPGKEYARLEILVFMHNVVKRFKWDKLLPDEKIIVDPMPMPAKGLPVRLHPHKP
AB619803~NA-C_28,AB619803,False,False,False,False,False,False,False,False,False,False,False,False,False,False,False,False,False,False,True,False,False,False,False,False,False,False,False,MEVFFLSLLLISVLSVSIRLYLLLYKHRSHFTGPNLPPGKIGWPMVGESLEFLSTGWKGHPEKFIFDRISKYSSEVFKTSLLGEPAAVFAGAAGNKFLFSNENKLVHAWWPSSVDKVFPSSTQTSSKEEAKKMRKLLPQFLKPEALQRYTGIMDHIAQRHFADSWDNRDEVIVFPLAKRFTFWLACRLFMSIEDPAHVAKFEKPFHVLASGLITIPIDLPGTPFHRAIKASNFIRKELRAIIKQRKIDLAESKASKTQDILSHMLLATDEDGCHMNEMSIADKILGLLIGGHDTASSAITFLVKYMAELPHIYEKVYKEQMEIANSKAPGELLNWDDVQKMRYSWNVACEVMRLAPPLQGAFREAITDFVFNGFSIPKGWKLYWSANSTHKSLECFPQPEKFDPTRFEGAGPAPYTFVPFGGGPRMCPGKEYARLEILIFMHNLVKRFKWDKLLPDEKIIVDPMPMPAKGLPVRLHPHKP
KF318733~NA-C_28,KF318733,False,False,False,False,False,False,False,False,False,False,False,False,False,False,False,False,False,False,True,False,False,False,False,False,False,False,False,MELLFVSLLSLFLLILLPLSLLFLFPSSFSTTTTEANKNSANLPPGLTGWPVVGESFQFLAAGWRGNPEKFIFDRIAKYSSYVYKTNLMLERTAVFCGAPAHKFLFSNENKLVQSWWPSSVNKIFPSSNQTSSKEEAMKMRKMLPNFFKPEALQGYIGIMDTIAQRHFAADWDNKDYIVVFPLCKRYTFWLACKIFMSIEDPKDVDRFLARFNLVAEGLLSIPIDLPGTPFHHSIKAAEFIREHLVAIIKQRKIDLAEGKASPTQDIMSYMLLTPDEDGKFMKEYDIADKILGLLVGGHDTASSACAFIVKYLAELPQVYQGVYKEQMEIAKSKGPGELLNWDDIQKMKYSWNVACEVLRLAPPLQGAFRDVLKDFMYEGFYIPKGWKVYWSAHSTHKNPEYFPEPYKFDPSRFDGSGPAPYTFVPFGGGPRMCPGKEYARLEILVFMHNLVKRFRWEKLIPDEKIVVNPMPVPEKGLPIRLFSYDA
KX343075~NA-C_28,KX343075,False,False,False,False,False,False,False,False,False,False,False,False,False,False,False,False,False,False,True,False,False,False,False,False,False,False,False,MELFFLASIALISSLSLPFLYLFYRHYSTWGYKLPPGSMGWPVVGESLEFFSTGWKGYPEKFIFDRLKKYKPSQVFKTSIFGEKVAILCGATGNKFLYSNENKLVQAWWPKSVDKIFPAATQHSSIEEARTMRKLIPLFLKPESLQRYIPIMDTIATRHMESGWEGKDKVEVFPLAKRYTFWVACRLFLSIEDPVHVAKFADPFNEIAAGIISIPIDLPGTPFHKGIKSSEIVRKELSAIIKQRKLDLADGKASPTQDILSHMLLTSTDDGKFMNEMDIANKILGLLIGGHDTASASCTFIVKFLAELPHIYEGVYKEQMEIANSKKPGELLNWEDIQKMKYSWNVACEVMRLAPPLQGGFREAISDFMYNGFQIPKGWKLYWSANTTHLNPEFFPEPTKFDPSRFDGSGPAPYTFVPFGGGPRMCPGKEYARLEILVFMYHIVKRFKWEKVLPSEKVIVNPMPIPEHGLPVRLFPHPQTTVA
KT150521~NA-C_28,KT150521,False,False,False,False,False,False,False,False,False,False,False,False,False,False,False,False,False,False,True,False,False,False,False,False,False,False,False,MQLFYVPLLSLFVLFVSLSFYFLFYKSKSGSTSGLPLPPGKTGWPVIGESFEFLSTGWKGYPEKFIFDRLAKYSSNVFKTSLFGQPAAAFCGAACNKFLFSNENKLVQAWWPDSVNKVFPSSTQTSSKEEAIKMRKLLPNFLKPEALQRYVGVMDQIATKHFKSGWENKKEVLVFPLAKNYTFWIACKVFVSVEEPTQVAKLLEPFNAIASGIISVPIDLPGTPFNSAIKSSKIVRDKLMGIIKQRKTDLGEGKASPTQDILSHMLLTSDENGKFMTEGDIADKILGLLIGGHDTASSACTFVVKFLAELPEIYEGVYKEQMEIAKSKKAGELLNWEDIQKMKYSWNVACEVLRLAPPLQGAFREALTDFSYNGFSIPKGWKLYWSANSTHRNSEVFPEPLKFDPSRFEGAGPPPYSFVPFGGGPRMCPGKEYARLEILVFMHHVVKRFKWEKVIPDEKIVVNPMPIPAKGLPVRLFPHKA
KU878864~NA-C_28,KU878864,False,False,False,False,False,False,False,False,False,False,False,False,False,False,False,False,False,False,True,False,False,False,False,False,False,False,False,MEQISLSWLITLVALFLFLPLILLSTRNKANTSNNFPPGKTGWPIIGESLEFLNTGRRGVPEKFIHDRMQKFSSHIFRTSLLGEPAAVLCGPTGNKFLYSNENKLVQAWWPSSVYKIFPSTGQSSSSEEAIKMRKMLLSFFKPEALQRYVETMDTIAKQHLKNEWENRKEVMVFPLSKGYTFALACKLFMSIDDPIQLARFADPFAILASGVIAIPINLPGTSFNKAIKASELIRKDLHKIIKQRKIELAEKRASPMQDVLSHMLSTSDENGTFMSEMDIADKILGLLIGGHDTASAAITFVMKFLAELPHIYNDVHKEQMEILKSKGSRELLKWEDIQKMKYSWNVACEVMRLAPPLQGGFREALADFTYNGFSIPKGWKLYWSTNSTHKNSTYFPNPENFDPSRYEGNGPAPYTYVPFGGGPRMCPGKEYARLEILVFMHNVVTKFKWEKILPDENIVVNPMPVPAKGLPIRLEPQVC
KY047600~NA-C_16,KY047600,False,False,False,False,False,False,False,False,True,False,False,False,False,False,False,False,False,False,False,False,False,False,False,False,False,False,False,MGINRLNLSTLLLYKYTTMELIFSMFFLLVVLFLSTLLFFFNRSKRESCRSSLKLPPGQWGWPIIGESLEYLNSGLRGVPEKFVQERMKKFSTAIFKTSLLMEPTAVVCGPGGNKLLFANEDKLVTTWFPSTINKIFPTTAVSTGSEEGKIVRKMFEGVINPGTLQMYAAKMDFIAKQHFKIYWDNNTDVKVSPLAKMYTITVACKLFVNVDDPVQVAKFSRLFTILAAGFVSMPIDLPGTPLNKAIKAANDIRNDLYEIIRQRKVDLAENKESVPQDILTHILLQNGEYAPLYVADKLLGLLMGGYNTVTSVITFIVKYLAELPHIYDEVLNEQMEILKTKKEGELLNREDIQKMRYSWNVACEVMRLTPPFQGAFREALTDFSYAGFSIPKGWKLYWSTYSTHINANYFPNPKTFDPSRFEGIGPAPYTYVPFGGGPRMCPGKDYSRLVILVFMHNIITKFKWNAVLSDEKIIVDPVPMPAKGFPIQLQPQCP
JN565975~NA-C_28,JN565975,False,False,False,False,False,False,False,False,False,False,False,False,False,False,False,False,False,False,True,False,False,False,False,False,False,False,False,MEIFYVTLLSLFVLLVSLSFHFLFYKNKSTLPGPLPPGRTGWPMVGESLQFLSAGWKGHPEKFIFDRMAKYSSNVFRSHLLGEPAAVFCGAIGNKFLFSNENKLVQAWWPDSVNKVFPSSNQTSSKEEAIKMRKMLPNFLKPEALQRYIGLMDQIAQKHFSSGWENREQVEVFPLAKNYTFWLASRLFVSVEDPIEVAKLLEPFNVLASGLISVPIDLPGTPFNRAIKASNQVRKMLISIIKQRKIDLAEGKASPTQDILSHMLLTSDENGKFMHELDIADKILGLLIGGHDTASSACTFIVKFLGELPEIYEGVYKEQMEIANSKAPGEFLNWEDIQKMKYSWNVACEVLRLAPPLQGAFREALNDFMFHGFSIPKGWKIYWSVNSTHRNPECFPDPLKFDPSRFDGSGPAPYTFVPFGGGPRMCPGKEYARLEILVFMHNLVKRFKWEKIIPNEKIVVDPMPIPEKGLPVRLYPHINA
JQ958967~NA-C_28,JQ958967,False,False,False,False,False,False,False,False,False,False,False,False,False,False,False,False,False,False,True,False,False,False,False,False,False,False,False,MEFFYASLLCLFVSFVFLLLHLLFYKTKPRSGSLPPGKTGWPVLGESLEFLPTGWKGHPEKFIFDRMAKYSSQIFRTHLLGEPAAVLCGSAGNKFLFSNENKLVQAWWPSSVDKIFPNVNPTSSKEEAIKMRKMLPQFMKPEALHRYVGIMDHIARRHFADGWENKEEVVVFPLAKNYTFWLAMRLFVSVEDPAMVEKFAAPFNLLAAGLISIPIDLPGTPFNKGIKASAYIRKELGEIIKQRKADLAEGKASPTQDILSHMLLTANEDGKFMHELDIANKILGLLIGGHDTASSACTFIVKYLAELPEVYDAVYREQVEIAKTKAPGEMLNWEDLQKMKYSWNVACEVLRLAPPLQGAFREAIADFSFNGFSVPKGWKLYWSANSTHKNAEFFPEPQKFDPSRFEGSGPAPYTFVPFGGGPRMCPGKEYARLEILVFMHHLVNKFKWEKIIPDEKIVVDPMPIPAKGLPIRLYPRTA
JQ958968~NA-C_28,JQ958968,False,False,False,False,False,False,False,False,False,False,False,False,False,False,False,False,False,False,True,False,False,False,False,False,False,False,False,MDVFYVSLFCLFVSFVLLSLHLLFYKNKPGPALPPGKTGWPVIGESLEFLSTGWKGHPEKFILDRMAKFSSVVFRTHLLGEKAAVFCGAAGNKFLFSNENKLVQAWWPSSVDKIFPSSTQTSSKEEAIKMRKMLPNFFKPEALQRYVGIMDHIAQRHFADGWDNKEEVVVFPLAKNFTFWLACRLFVSIEDPDQVDKFAEPFNLLAAGLISIPIDLPGTPFNKGIKASNRVRKELVSIIKQRKIDLAEGKASPTQDILSHMLLTGDENGKFMQELDIADKILGLLIGGHDTASSACTFIVKYLAELPQVYERVYNEQMEIAKTKAPGELLNWEDLQKMKYSWNVACEVLRLASPLQGAFREAITDFVYNGFSIPKGWKLYWSANSTHKNPEFFPEPMKFDPSRFEGSGPAPYTFVPFGGGPRMCPGKEYARLEILVFMHHLVKRFRWEKMIPDEKIVVDPMPMPAKGLPVRLFPHKF
MG708187~NA-C_28,MG708187,False,False,False,False,False,False,False,False,False,False,False,False,False,False,False,False,False,False,True,False,False,False,False,False,False,False,False,MEHFYLSILLFFVSFITLSLFFVFYRHLSHFRGTNLPPGRFGLPFIGETLEFLADGWKGYPEKFFFERMSKYSSEIFKTSILAEPTAVFCGAAGNKFLFSNENKLVTAWWPDSVNKVFPSSLQTSSQEEARRMRKMLPNFLKPEALQRYIGIMDHIAQRHFAMGWENKDEVEVFPLAKRFTFWLACRLFVSVEDPDHVAKFADPFNEIASGIFSVPIDLPGTPLNRAKHASNFIRKELGAIIKQRKIDLADGTASPTQDILSHMLLATDEDGKHMNELDIADKILGLLIGGHDTASAACTFIVKYLAELPHIYQGVYEEQMEIARSKAPGELLNWDDLQKMKYSWNVACEVLRLASPLQGAFREALTDFMFNGFSIPKGWKLYWSAHSTHRSPDYFPDPEKFDPSRFDGKGPAPYTFVPFGGGPRMCPGKEYARLEILVFMYNLVKRFRWEKVLPDEKIIVNPMPMPAKGLPVRLYPHKA
MG708188~NA-C_28,MG708188,False,False,False,False,False,False,False,False,False,False,False,False,False,False,False,False,False,False,True,False,False,False,False,False,False,False,False,MGLPSSSSVSAHKDSTMEPNFYLSLLPLFVSFVSISLFVVFYRHRSSFCGPNLPPGDVGLPYVGESLQFLSTGWKGHPEKFIFDRISKFSSHVFKTSLLGEPAAVFCGSAGNKFLFSNENKLVQAWWPNSVNKVFPSSLQTSSKEEAKKMRKMLPQFLKPEALQRYIGIMDTIAQQHFAMGWENKDEIVVFPLAKRYTFWLACRLFISVEDPNHVARFADPFNLLASGIISIPIDLPGTPFNRAIKASNFIRKELIAIIKQRKVDLAEGKATATQDILSHMLLATDEDGKHMNEMDIADKILGLLIGGHDTASAACTFIVKYLAELPHIYDEVYKEQMEIANSKAPGELLNWDDIQKMRYSWNVACEVMRLAPPLQGAFREAMNDFIFNGFSIPKGWKIYWSANSTHKSADYFPEPEKFDPARFEGAGPAPYTFVPFGGGPRMCPGKEYARLEILVFMHNLVKRFRWEKLIPDEKIVVDPMPMPAKGLPVRLHPHRA
JN604536~NA-C_12,JN604536,False,False,False,False,False,True,False,False,False,False,False,False,False,False,False,False,False,False,False,False,False,False,False,False,False,False,False,MAAAMVLFFSLSLLLLPLLLLFAYFSYTKRIPQKENDSKAPLPPGQTGWPLIGETLNYLSCVKSGVSENFVKYRKEKYSPKVFRTSLLGEPMAILCGPEGNKFLYSTEKKLVQVWFPSSVEKMFPRSHGESNADNFSKVRGKMMFLLKVDGMKKYVGLMDRVMKQFLETDWNRQQQINVHNTVKKYTVTMSCRVFMSIDDEEQVTRLGSSIQNIEAGLLAVPINIPGTAMNRAIKTVKLLTREVEAVIKQRKVDLLENKQASQPQDLLSHLLLTANQDGQFLSESDIASHLIGLMQGGYTTLNGTITFVLNYLAEFPDVYNQVLKEQVEIANSKHPKELLNWEDLRKMKYSWNVAQEVLRIIPPGVGTFREAITDFTYAGYLIPKGWKMHLIPHDTHKNPTYFPSPEKFDPTRFEGNGPAPYTFTPFGGGPRMCPGIEYARLVILIFMHNVVTNFRWEKLIPNEKILTDPIPRFAHGLPIHLHPHN
NM_001341032.1~NA-C_15/C_16,NM_001341032.1,False,False,False,False,False,False,False,True,True,False,False,False,False,False,False,False,False,False,False,False,False,False,False,False,False,False,False,MDAIVVDSQNCFIIILLCSFSLISYFVFFKKPKVNFDLLPSPPSLPIIGHLHLLLSTLIHKSLQKLSSKDHDVNVSSRGVGAIDESLAFGSSGFIQAPYGDYWKFMKKLIATKLLGPQPLVRSQDFRSEELERFYKRLFDKAMKKESVMIHKEASRFVNNSLYKMCTGRSFSVENNEVERIMELTADLGALSQKFFVSKMFRKLLEKLGISLFKTEIMVVSRRFSELVERILIEYEEKMDGHQGTQFMDALLAAYRDENTEYKITRSHIKSLLTEFFIGAADASSIAIQWAMADIINNREILEKLREEIDSVVGKTRLVQETDLPNLPYLQAVVKEGLRLHPPTPLVVREFQEGCEIGGFFVPKNTTLIVNSYAMMRDPDSWQDPDEFKPERFLASLSREEDKKEKILNFLPFGSGRRMCPGSNLGYIFVGTAIGMMVQCFDWEINGDKINMEEATGGFLITMAHPLTCTPIPLPRTQNSLISHL
Csa1G044890~NA-C_11/C_20,Csa1G044890,False,False,False,False,True,False,False,False,False,False,False,True,False,False,False,False,False,False,False,False,False,False,False,False,False,False,False,MWTILLGLATLAIAYYIHWVNKWKDSKFNGVLPPGTMGLPLIGETIQLSRPSDSLDVHPFIQRKVKRYGPIFKTCLAGRPVVVSTDAEFNHYIMLQEGRAVEMWYLDTLSKFFGLDTEWLKALGLIHKYIRSITLNHFGAESLRERFLPRIEESARETLHYWSTQTSVEVKESAAAMVFRTSIVKMFSEDSSKLLTEGLTKKFTGLLGGFLTLPLNLPGTTYHKCIKDMKQIQKKLKDILEERLAKGVKIDEDFLGQAIKDKESQQFISEEFIIQLLFSISFASFESISTTLTLILNFLADHPDVVKELEAEHEAIRKARADPDGPITWEEYKSMNFTLNVICETLRLGSVTPALLRKTTKEIQIKGYTIPEGWTVMLVTASRHRDPEVYKDPDTFNPWRWKELDSITIQKNFMPFGGGLRHCAGAEYSKVYLCTFLHILFTKYRWRKLKGGKIARAHILRFEDGLYVNFTPKE
MW514550~NA-C_22,MW514550,False,False,False,False,False,False,False,False,False,False,False,False,False,True,False,False,False,False,False,False,False,False,False,False,False,False,False,MNLVWTAAFGAIALLVVKISQWCYRWSNPKCNGKLPPGSMGFPIIGETFDFFKPHDMYEISPFVMKRMLRYGPIFRTNVLGLKTVVSTDTDVNHEILKQENTSFVFRMPGSFEKMLGKDSLAVNHGKIHKHIKQITLNFLGSDSLKRNMIKEMDRLTRELLESKGAEGIFDVKDEVSRLVVRHLTPKMLSNLPQKTQEKLMDDVKSFNYDWFRPHFTLATLKKLFRSLRGRRGVMKVIVDAFKKRRETKEKYGDFLDTMLDNLDKDDSLLTEDSAQSLVFFLYFASHESTSTTTSLTVKLLSKHPRVLQELKKEHMAILESRENKESGITYEEYRHKMIFTNMVINEVLRLINLAPLMFRMVVEDVEIKGYTIPAGWNVLVTPPMVHYDPKVYENPMEFNPWRWEGKDVRSVSKTFMAFGGGIRQCAGADFARLQISLFLHYLVSNYDFSLVKDNDVMRVLGLYSPKEMPINVSPFPK
MW514551~NA-C_22,MW514551,False,False,False,False,False,False,False,False,False,False,False,False,False,True,False,False,False,False,False,False,False,False,False,False,False,False,False,MNLVWTAAFGAIALLVVKISQWCYRWSNPKCNGKLPPGSMGFPIIGETFDFFKPHDMYEISPFVMKRMLRYGPIFRTNVLGLKTVVSTDTDVNHEILKQENTSFVFRMPGSFEKMLGKDSLAVNHGKIHKHIKQITLNFLGSDSLKRNMIKEMDRLTRELLESKGAEGIFDVKDEVSRLVVRHLTPKMLSNLPQKTQEKLMDDVKSFNYDWFRPHFTLATLKKLFRSLRGRRGVMKVIVDAFKKRRETKEKYGDFLDTMLDNLDKDDSLLTEDSAQSLVFFLYFASHESTSTTTSLTVKLLSKHPRVLQELKKEHMAILESRENKESGITYEEYRHKMIFTNMVINEVLRLINLAPLMFRMAVEDVEIKGYTIPAGWNVLVTPPMVHYDPKVYENPMEFNPWRWEGKDVRSVSKTFMAFGGGIRQCAGADFARLQISLFLHYLVTNYNFSLAKDNDVMRVLGLYSPKEMPINVSPFPK
MW514556~NA-C_16,MW514556,False,False,False,False,False,False,False,False,True,False,False,False,False,False,False,False,False,False,False,False,False,False,False,False,False,False,False,MLNFVWTAALGVIALVVVKISHWWYRWSNPKCNGKLPPGSMGYPIIGETFEFFKPHGMYEISPFVTKRMLRYGPMFRTNILGLKTVVSTEKDVNHEILRQENKSFVLSMPESFLKMIGKDSMAVNHGKIHKNIKQIALSFIGSESLKRSMIRDMDRVTREHLEWNATQGRFEVKDAVSRLILAQLTPKLISTLKPEIQEKFIDDVNSFNFEWFRPHFTLYTLKKLFISIKGRRGVMKVINDAFKRRKESKEKYGDFLDTIVDNLEKDNSLLNQDSAQSLMFFLYFASHETTSTTTSFAVKLLSKHPRVLAELKEEHRAILESRENKECGITFEEYRHKMNFTGMVINEVLRLINLDPTLFRKAVQDVEIKGYTIPAGWTVVVAPSVAHFDPGVYENPLEFNPWRWEGKDVRSGSKDFMAFGGGVRQCVGAEFARLQISIFLHYLVTNYNFSLVKDCEVIRVLGTYLPNELPIEISPSPK
NM_001344756.1~NA-C_7,NM_001344756.1,False,False,False,False,False,False,False,False,False,False,False,False,False,False,False,False,False,False,False,False,False,False,False,False,True,False,False,MSFVWSAAVWVIAVAAVVISKWLYRWSNPKCNGKLPPGSMGLPIIGETCDFFEPHGLYEISPFVKKRMLKYGPLFRTNIFGSNTVVLTEPDIIFEVFRQENKSFVFSYPEAFVKPFGKENVFLKHGNIHKHVKQISLQHLGSEALKKKMIGEIDRVTYEHLRSKANQGSFDAKEAVESVIMAHLTPKIISNLKPETQATLVDNIMALGSEWFQSPLKLTTLISIYKVFIARRYALQVIKDVFTRRKASREMCGDFLDTMVEEGEKEDVIFNEESAINLIFAILVVAKESTSSVTSLAIKFLAENHKALAELKREHAAILQNRNGKGAGVSWEEYRHQMTFTNMVINETLRMANMAPIMYRKAVNDVEIKGYTIPAGWIVAVIPPAVHFNDAIYENPLEFNPWRWEGKELRSGSKTFMVFGGGVRQCVGAEFARLQISIFIHHLVTTYDFSLAQESEFIRAPLPYFPKGLPIKISQSL
KU878866~NA-unknown,KU878866,False,False,False,False,False,False,False,False,False,False,False,False,False,False,False,False,False,False,False,False,False,False,False,False,False,False,True,MEVISFSMLIILLFALFLISLPLLLFLIQNKSHSSKNTTMFPHGNMGWPIIGETLEFLKLGRKGIPEKFINDRMQKFSSKVFKTSLFGETMVVLCGPEGNKFLFSNENTLVKGWVPGSIRKIIPSAGNVSTNEGAIKMRKKLQTSFKLETLQKFIGKMDLAAKEHLTTHWDNKKEVLVFPLAKNYGFSLVCQLFMSLDDHVEAAKFYDHFAVLLAGLISIPIDLPGTSLHKAIGASNILRKYIAEIVRQRKLDIAERVESVPQDILSHMLLTSDENGQFLNDMEIADRIVGLLVAGHDTVSAAITFIVKYLAELPHIYEEVQNEQREILRSKPKGELLNWEDISRMKYSWNVAREAMRLASPAQGFFREAITNFTYAGFSIQKGWKIYWSTYSTHKDPNYFPNPETFDPSRFEGNGPAPYTYIPFGGGPHMCPGNVYARLVILVFMHNVVTRFKWEKIFADERIIIDPLPKPAKGLPIRLQPQCT
Kt_281~NA-unknown,Kt_281,False,False,False,False,False,False,False,False,False,False,False,False,False,False,False,False,False,False,False,False,False,False,False,False,False,False,True,MDEYLIHFLVFLVAAVLLNGVWKGFKSSKLEDKLPPGPRGWPVVGNLVQVLLQKRPFMHIVRDLREKHGPIFTMKMGQRTLVIITSRELMHEALIQKGAAFANRPPDSPIKHILSVGKCTVNTAEYGALWRALRRNMVSELTSPLRVRQCGWIREWAVENHMRQLRAEAAEKGLVEVLSNCRLTICSILICLCFGARLSNQRLKEIESVLKEVMLMGNPKLPDFLPVLTPLFGGLMREAKKVRKKQIESLLPLIRKRQQFVKEGGLTLTKQQVCEETSADVVQMVSPVGAAYIDSLFELDPPERGHLGDPELVTLASEVIIGGTDTSATILQWAMFNLVQHQDIQEKLYKEIVDTVGLNGTIQESDVEKMVYLGAVVRETLRRHPPTHFTLSHAAVTDTELAGYTIPTGVNVEFYTAWLTADPDVWENPGKFQPERFLTGDGVGVDLTGVKGVKMAPFGVGRRICPAFTLGLLHVHLILARMVHDFKWLPLPGSPPDPTETFAFTVVMKNPLKAIIKPRI
Kt_2465~NA-unknown,Kt_2465,False,False,False,False,False,False,False,False,False,False,False,False,False,False,False,False,False,False,False,False,False,False,False,False,False,False,True,MYAFIALALFAAFFTFHQLYKLMFNSYGFRLPLPPGTLGWPYVGETFELYSQNPNVFFASKQKKYGSVFKSHILGCPCVMISSPAAAKFVLVTNSHLFKPTFPASKQRMLGPEAIFFHQGEYHQKLRKLVLRAFMPEAIKTRVSDIEAIAIHSLRSCEGRLITAFQEMKTYTFNVALLSIFGKDEILYREDLKRCYYVLEQGYNSMPVNLPGTLFSKSMKARRELAQILAKIIATRREAKAEHNDLLASFMGDSEGLSDEQIADNVIGVIFAARDTTASVLTWILKFLAENPTVLEAVTKEQEAVVRGEQGLSWADTKNMPLTTRVIQETLRVASILSFTFREAVKDVEYEGYIIPKGWKVLPLFRNIHHSPDLFPEPEKFDPSRFEVSPKPNTFMPFGSGIHACPGNELAKLEILVLLHHLTTKYRWSKVGSQNGIQYGPFALPQNGLPLRLARKEEAAL
Kt_444~NA-unknown,Kt_444,False,False,False,False,False,False,False,False,False,False,False,False,False,False,False,False,False,False,False,False,False,False,False,False,False,False,True,MLTFIALALCFAALFSLHYLYKHLFNSYGYRLPLPPGTLGWPYIGETFELYSQDPNVFFAAKQKKYGSIFKSHILGCPCVMISSPAAAKFVLVTKSHLFKPTFPASKQRMLGNQAIFFHQGDYHQKLRKLVLRAFMPEAIKAKVPDIEALAIHSLNSCQGRLITTFHEMKTYTFNVALLSIFGKDEILYREDLKRCYYVLEQGYNSMPVNLPGTLFHKSMKARKELAQILAKIIATRRQTNKAESNDLLGSFMGGNEGLTDEQIADNVIGVIFAARDTTASVLTWIVKYLGENPAVLQAVTKEQEAVMGGEQGLSWADTKKMPLTTRVIQETLRVATILSFTFREAVEDVEYEGYVIPKGWKVLPLFRNIHHSPDFFPEPEKFDPSRFEASPKPNTFMPFGSGTHACPGNELAKLEILVLLHHLTTKY
