Entry	Entry Name	Reviewed	Annotation	EMBL	InterPro	PANTHER	Sequence
A0A088LHH3	A0A088LHH3_ARAHY	unreviewed	2.0	KF906535;SDMP01000022;	IPR001128;IPR017972;IPR002401;IPR036396;	PTHR47944;PTHR47944:SF4;	MPDIQVYLVLFLLWFISTILIKSLFTKTQSLRLPPGPPISLPLLGHAPYLRSLLHQALYKLSLRYGPLIHVLIGSKHVVVASSAEMAKQILKTNEEFFCNRPIMIASESLTYGAADYFFIPYGTYWRFLKKLCMNELLSGRTLEHFVDTRQDEVEAFVRNILEISKTGKPIEMRHELIRHTNNIISRMTMGKKSIKSGDEVARLRKVIREVGELLGAFNLGDIVGFMRPFDLQGFGKKNWETHHQLDVMMEQVLKEHEEARSKSDSDRKKDLFDILLDLIEADGDNKLTRESAKAFALDMFIAGTNGPASVLEWSLAELIRNPHALKKAREEIDSVVGKDRLVKESDIPNLHYLQAVVKETLRLHPPTPIFAREALRSCQVEGYDIPQYSKIFINAWAIGRDPNHWDNALEYLPERFLQTEEPGKSKIDVRGQYYQLLPFGSGRRSCPGTSLALLVIQGTLASLIQCFDWVVNDGKNNEVDMSEEGRVTVFLAKPLKCKPVARFAPFSSA
A0A088LIS6	A0A088LIS6_GLYGL	unreviewed	2.0	KF906537;	IPR001128;IPR017972;IPR002401;IPR036396;	PTHR47944;PTHR47944:SF4;	MLDIQGYLVLFLLWFISTIFIKSIIFKKSVCYKLPPGPPISVPFLGHAPYLRSLLHQALYKLSIRYGPLMHIMLGSKHVIVASSAESAKNILKTYEESFCNRPIMIASESLTYGAADYFFIPYGNYWRFLKKLCMTELLSGKTLEHFVSIREDEIKAFLNTLLEISKSGKKIEMRQELIRHTNNIISRMTMGKKSNGMGDEVGKLRKLVREIGELLGAFNLGDIIEFMRPLDLQGFGKRNRNAHHNMDEMMEKVLKEHEEVRAKEGVDSDRKKDLFDILLNLIEADSKLTRESAKAFALDMFIAGTNGPASVLEWALAELIRNPQVFKKAREEIDSVVGKERLVKESDIPNLPYLQAVVKETLRLHPPTPIFAREAIRSCQVDGYDIPEHSKIFINAWAIGRDPNYWDNPLVYDPERFLLSDDPSKSKIDVRGQYYQLLPFGSGRRSCPGASLALLVIQATLASLVQCYDWVVNDGKSNEIDMSEVGRVTVFLAKPLKCKPVPHFVPFSA
A0A088LM09	A0A088LM09_PEA	unreviewed	2.0	KF906539;	IPR001128;IPR017972;IPR002401;IPR036396;	PTHR47944;PTHR47944:SF4;	MSPIVTKLKNSTMLEIQGYLVLFFLWFISTIFIRSLFKKSECYKLPPGPPISFPILGHAPYLRSLLHQALYKLSTRYGPLMHIMLGSQHVIVASSAESAKQILKTCEESFCNRPIMIASESLTYGAADYFFIPYGNYWRFLKKLCMTELLSGKTLEHFVSIREDEVECFLRNLLEISKNGKPIEMRHELIRHTNNIISRMTMGKKSSGVNDEVGELRKVIREIGELLGAFNLGDIIGFMRPFDLQGFGKKNKDTHHKMDAMMEKVLKEHEEVRAKEGEGSDRKKDLFDILLNLIEADGADSKLTRQSAKAFALDMFIAGTNGPASVLEWALAELIRNPQVFKKARQEIDTIVGKERLVKESDIPNLPYLQAVVKETLRLHPPTPIFAREAIRSCQVDGYDVPAYSKIFINAWAIGRDPNYWDNPSVYDPERFLQNDDPSKSKLDVRGQYYQLLPFGSGRRSCPGASLALIVIQATLASLVQCYDWDVNDGKSNEIDMKEVGRVTVFLAKPLKCKPVSHFVPFSE
A0A0A0LHC2	A0A0A0LHC2_CUCSA	unreviewed	2.0	KM655860;CM002924;	IPR001128;IPR017972;IPR002401;IPR036396;	PTHR24286;PTHR24286:SF199;	MELIMNVCVIIGVVLGFFYVFARRFNEIWYSFKLGRKIYKSLPPGDLGWPFVGSTLAFNKAFRVVGDPYTFIHTHLLRYGRVGMYKSHLFGMPTVIVTNPEICRRIYLDDECFEPNYPKSVKILETNGNFLKIEHKIGYKIIASPMNGSEVLSKHVEFIEQLVEMGLEEWSSMRREPIEVMDKIGGLFFKVVLHIFLGNEIDDQAMAELHTLYKELGLVIMSFLPYDLPGFTYRRALKARNKIEKILRCVIEKKRKRFEKDDGTTEVYSLLDKLIVAKNENGSKSYSDDTIIDLLLGTFFAGHNTPATAAMWALLHISQNPHIFQMAKEEQESIIRQRPSTQKGLTFQEIKQMKFLTKFINEVLRRNTVAPTNFRKAKTNVNINGYTIPKGWTNYTPKPGEFIPFGLGSKFCPGSELAKLEMTILLHHFVLNYKVEPVDQNCNDTRLPSAKPMGLCRIVRVSQ
A0A0A0LQP6	A0A0A0LQP6_CUCSA	unreviewed	2.0	KM655862;CM002922;	IPR001128;IPR017972;IPR002403;IPR036396;	PTHR24286;PTHR24286:SF305;	MWTILLGLATLAIAYYIHWVNKWKDSKFNGVLPPGTMGLPLIGETIQLSRPSDSLDVHPFIQRKVKRYGPIFKTCLAGRPVVVSTDAEFNHYIMLQEGRAVEMWYLDTLSKFFGLDTEWLKALGLIHKYIRSITLNHFGAESLRERFLPRIEESARETLHYWSTQTSVEVKESAAAMVFRTSIVKMFSEDSSKLLTEGLTKKFTGLLGGFLTLPLNLPGTTYHKCIKDMKQIQKKLKDILEERLAKGVKIDEDFLGQAIKDKESQQFISEEFIIQLLFSISFASFESISTTLTLILNFLADHPDVVKELEAEHEAIRKARADPDGPITWEEYKSMNFTLNVICETLRLGSVTPALLRKTTKEIQIKGYTIPEGWTVMLVTASRHRDPEVYKDPDTFNPWRWKELDSITIQKNFMPFGGGLRHCAGAEYSKVYLCTFLHILFTKYRWRKLKGGKIARAHILRFEDGLYVNFTPKE
A0A0B4KZX8	C87D1_MAELA	reviewed	3.0	KF318735;	IPR001128;IPR017972;IPR002401;IPR036396;	PTHR24286;PTHR24286:SF305;	MWVVGLIGVAVVTILITQYVYKWRNPKTVGVLPPGSMGLPLIGETLQLLSRNPSLDLHPFIKSRIQRYGQIFATNIVGRPIIVTADPQLNNYLFQQEGRAVELWYLDSFQKLFNLEGANRPNAVGHIHKYVRSVYLSLFGVESLKTKLLADIEKTVRKNLIGGTTKGTFDAKHASANMVAVFAAKYLFGHDYEKSKEDVGSIIDNFVQGLLAFPLNVPGTKFHKCMKDKKRLESMITNKLKERIADPNSGQGDFLDQAVKDLNSEFFITETFIVSVTMGALFATVESVSTAIGLAFKFFAEHPWVLDDLKAEHEAVLSKREDRNSPLTWDEYRSMTHTMHFINEVVRLGNVFPGILRKALKDIPYNGYTIPSGWTIMIVTSTLAMNPEIFKDPLAFNPKRWRDIDPETQTKNFMPFGGGTRQCAGAELAKAFFATFLHVLISEYSWKKVKGGSVARTPMLSFEDGIFIEVTKKNK
A0A0B4L1W4	A0A0B4L1W4_ARTAN	unreviewed	2.0	KF309251;PKPP01015219;	IPR001128;IPR017972;IPR002401;IPR036396;	PTHR24286;PTHR24286:SF349;	MVDLILIYSIFLYLIVVLVPLSLYFVFYKSKPVVDRKLPPGQTGWPVIGETLEFLTNGWKGHPEKFIFDRMARFSPHVFKTSLMLEDAAVFCGSAGNKFLFSNENKLVKAWWPASVEKILPSAKETTNQRKMLSRSFRPESLRQYVPVMDMMAQRHFKTEWDGMDQIVTHEVTQNFTFSLACKIFVSIEDPEEVKHLSGPFEKFAPGIFSIPIDLPWTPLRRAIHAGNFIRKEIIAIIKQRKIDLADGKASPTQDILSQMLCDEESQNIAEADIADVIIGLLIGGHDNASSTCAFIVKFLADLPEIYEGVLKEQLEIAKSKAPGELLNWEDLSKMKYSWNVACEVLRLAPPLQGSFREAMTDFVYNGYSIPKGWKLYWSALSTHKNPEVFTEPQKLDPSRFDGKGPAPYTFVPFGGGPHMCPGREYARLEILVFMHHLVIKYKWEKVIPNEQIIVNPMPKLAKGLPLRLYPRYA
A0A0B4L1W8	C7A75_MAELA	reviewed	3.0	KF318733;	IPR001128;IPR017972;IPR002401;IPR036396;	PTHR24286;PTHR24286:SF349;	MELLFVSLLSLFLLILLPLSLLFLFPSSFSTTTTEANKNSANLPPGLTGWPVVGESFQFLAAGWRGNPEKFIFDRIAKYSSYVYKTNLMLERTAVFCGAPAHKFLFSNENKLVQSWWPSSVNKIFPSSNQTSSKEEAMKMRKMLPNFFKPEALQGYIGIMDTIAQRHFAADWDNKDYIVVFPLCKRYTFWLACKIFMSIEDPKDVDRFLARFNLVAEGLLSIPIDLPGTPFHHSIKAAEFIREHLVAIIKQRKIDLAEGKASPTQDIMSYMLLTPDEDGKFMKEYDIADKILGLLVGGHDTASSACAFIVKYLAELPQVYQGVYKEQMEIAKSKGPGELLNWDDIQKMKYSWNVACEVLRLAPPLQGAFRDVLKDFMYEGFYIPKGWKVYWSAHSTHKNPEYFPEPYKFDPSRFDGSGPAPYTFVPFGGGPRMCPGKEYARLEILVFMHNLVKRFRWEKLIPDEKIVVNPMPVPEKGLPIRLFSYDA
A0A0D9Z4A0	A0A0D9Z4A0_9ORYZ	unreviewed	2.0		IPR001128;IPR002401;IPR036396;	PTHR24286;PTHR24286:SF194;	MAAMMASITSELLFFLPFILLALLTFYTTTVAKCHGGHWWRGGTTPAKRKRMNLPPGAAGWPLVGETFGYLRAHPATSVGRFMEQHIARYGKIYRSSLFGERTVVSADAGLNRYILQNEGRLFECSYPRSIGGILGKWSMLVLVGDPHREMRAISLNFLSSVRLRAVLLPEVERHTLLVLRAWPPSSTFSAQHQAKKFTFNLMAKNIMSMDPGEEETERLRREYITFMKGVVSAPLNLPGTPYWKALKSRAAILGVIERKMEERVEKLSKEDASVEQDDLLGWALKQSNLSKEQILDLLLSLLFAGHETSSMALALAIFFLEGCPKAVQELREEHLGIARRQRLRGECKLSWEDYKEMVFTQCVINETLRLGNVVRFLHRKVIKDVHYKGYDIPSGWKILPVLAAVHLDSSLYEDPQRFNPWRWKSSGSSGGLAQSSSFMPYGGGTRLCAGSELAKLEMAVFLHHLVLNFRWELAEPDQAFVFPFVDFPKGLPIRVHRIAQDDEQE
A0A0E0NRY4	A0A0E0NRY4_ORYRU	unreviewed	2.0		IPR001128;IPR002401;IPR036396;	PTHR24286;PTHR24286:SF194;	MAAMMASITSELLFFLPFILLALLTFYTTTVAKCHGGHWWRGGTTPAKRKRMNLPPGAAGWPLVGETFGYLRAHPATSVGRFMEQHIARYGKIYRSSLFGERTVVSADAGLNRYILQNEGRLFECSYPRSIGGILGKWSMLVLVGDPHREMRAISLNFLSSVRLRAVLLPEVERHTLLVLRAWPPSSTFSAQHQAKKFTFNLMAKNIMSMDPGEEETERLRREYITFMKGVVSAPLNLPGTPYWKALKSRAAILGVIERKMEERVEKLSKEDASVEQDDLLGWALKQSNLSKEQILDLLLSLLFAGHETSSMALALAIFFLEGCPKAVQELREEHLGIARRQRLRGECKLSWEDYKEMVFTQCVINETLRLGNVVRFLHRKVIKDVHYKGYDIPSGWKILPVLAAVHLDSSLYEDPQRFNPWRWKSSGSSGGLAQSSSFMPYGGGTRLCAGSELAKLEMAVFLHHLVLNFRWELAEPDQAFVFPFVDFPKGLPIRVHRIAQDDEQE
A0A0S2II38	C7A94_KALSE	reviewed	3.0	KT150521;	IPR001128;IPR017972;IPR002401;IPR036396;	PTHR24286;PTHR24286:SF349;	MQLFYVPLLSLFVLFVSLSFYFLFYKSKSGSTSGLPLPPGKTGWPVIGESFEFLSTGWKGYPEKFIFDRLAKYSSNVFKTSLFGQPAAAFCGAACNKFLFSNENKLVQAWWPDSVNKVFPSSTQTSSKEEAIKMRKLLPNFLKPEALQRYVGVMDQIATKHFKSGWENKKEVLVFPLAKNYTFWIACKVFVSVEEPTQVAKLLEPFNAIASGIISVPIDLPGTPFNSAIKSSKIVRDKLMGIIKQRKTDLGEGKASPTQDILSHMLLTSDENGKFMTEGDIADKILGLLIGGHDTASSACTFVVKFLAELPEIYEGVYKEQMEIAKSKKAGELLNWEDIQKMKYSWNVACEVLRLAPPLQGAFREALTDFSYNGFSIPKGWKLYWSANSTHRNSEVFPEPLKFDPSRFEGAGPPPYSFVPFGGGPRMCPGKEYARLEILVFMHHVVKRFKWEKVIPDEKIVVNPMPIPAKGLPVRLFPHKA
A0A0U2U8U5	C7A81_BARVU	reviewed	3.0	KP795925;	IPR001128;IPR017972;IPR002401;IPR036396;	PTHR24286;PTHR24286:SF349;	MYLTILFLFVSSILLSLMFLLRKHLSHFSYQNLPPGKTGFPLIGESLSFLSEGRQGRPEKFVTDRVRRFISSSTGVFKTHLFGYPTAVMTGASGNKFLFTNENKLVVSWWPDSVKKIFPYTQSTYTDESKKLRILLMQFMKPEALRKYIGVMDEVAQRHFETLWTNQKQLIVYPLSKKLTFSVACRLFLSMDDPERVSKLEDRFNSVVTGIYSVPIDLPGTRFNRSIKASRLLRKEVCAIIGQRREELKAGRASAEQDVLSHMLMSVGETKDEDLANYLIGILIGGHDTAAIATTFIINYLAEYPHVYQRVLQEQKEILKEKKEEERLKWEDIEKMKYSWNVACEVMRLVPPLTGNFREAIDHFTFKGFYIPKGWKLYWSATATHMNPDYFPEPERFEPNRFEGSGPKPYSYIPFGGGPRMCPGREFARLEILVIIHNLVNRFKWEKVFPNENKIVVDPLPKPGNGLPIRIFPHF
A0A140JWM8	C7162_ARATH	reviewed	3.0	LC106013;AB018112;AB018112;CP002688;CP002688;	IPR001128;IPR017972;IPR002401;IPR036396;	PTHR24286;PTHR24286:SF349;	MYLTIIFLFISSIIFPLLFFLGKHLSNFRYPNLPPGKIGFPLIGETLSFLSAGRQGHPEKFVTDRVRHFSSGIFKTHLFGSPFAVVTGASGNKFLFTNENKLVISWWPDSVNKIFPSSTQTSSKEEAIKTRMLLMPSMKPEALRRYVGVMDEIAQKHFETEWANQDQLIVFPLTKKFTFSIACRLFLSMDDLERVRKLEEPFTTVMTGVFSIPIDLPGTRFNRAIKASRLLSKEVSTIIRQRKEELKAGKVSVEQDILSHMLMNIGETKDEDLADKIIALLIGGHDTTSIVCTFVVNYLAEFPHIYQRVLEEQKEILNNKDVNEKLTWEDIEKMRYSWNVACEVMRIVPPLAGTFREAIDHFSFKGFYIPKGWKLYWSATATHKNPEYFPEPEKFEPSRFEGSGPKPYTYVPFGGGSRICPGREYARLEILIFMHNLVKRFKWEKVFPKENKLVADPAPIPAKGLPIRIFPQS
A0A161ABB0	A0A161ABB0_OCIBA	unreviewed	2.0	JQ958968;	IPR001128;IPR017972;IPR002401;IPR036396;	PTHR24286;PTHR24286:SF349;	MDVFYVSLFCLFVSFVLLSLHLLFYKNKPGPALPPGKTGWPVIGESLEFLSTGWKGHPEKFILDRMAKFSSVVFRTHLLGEKAAVFCGAAGNKFLFSNENKLVQAWWPSSVDKIFPSSTQTSSKEEAIKMRKMLPNFFKPEALQRYVGIMDHIAQRHFADGWDNKEEVVVFPLAKNFTFWLACRLFVSIEDPDQVDKFAEPFNLLAAGLISIPIDLPGTPFNKGIKASNRVRKELVSIIKQRKIDLAEGKASPTQDILSHMLLTGDENGKFMQELDIADKILGLLIGGHDTASSACTFIVKYLAELPQVYERVYNEQMEIAKTKAPGELLNWEDLQKMKYSWNVACEVLRLASPLQGAFREAITDFVYNGFSIPKGWKLYWSANSTHKNPEFFPEPMKFDPSRFEGSGPAPYTFVPFGGGPRMCPGKEYARLEILVFMHHLVKRFRWEKMIPDEKIVVDPMPMPAKGLPVRLFPHKF
A0A161ABI1	A0A161ABI1_OCIBA	unreviewed	2.0	JQ958967;	IPR001128;IPR017972;IPR002401;IPR036396;	PTHR24286;PTHR24286:SF349;	MEFFYASLLCLFVSFVFLLLHLLFYKTKPRSGSLPPGKTGWPVLGESLEFLPTGWKGHPEKFIFDRMAKYSSQIFRTHLLGEPAAVLCGSAGNKFLFSNENKLVQAWWPSSVDKIFPNVNPTSSKEEAIKMRKMLPQFMKPEALHRYVGIMDHIARRHFADGWENKEEVVVFPLAKNYTFWLAMRLFVSVEDPAMVEKFAAPFNLLAAGLISIPIDLPGTPFNKGIKASAYIRKELGEIIKQRKADLAEGKASPTQDILSHMLLTANEDGKFMHELDIANKILGLLIGGHDTASSACTFIVKYLAELPEVYDAVYREQVEIAKTKAPGEMLNWEDLQKMKYSWNVACEVLRLAPPLQGAFREAIADFSFNGFSVPKGWKLYWSANSTHKNAEFFPEPQKFDPSRFEGSGPAPYTFVPFGGGPRMCPGKEYARLEILVFMHHLVNKFKWEKIIPDEKIVVDPMPIPAKGLPIRLYPRTA
A0A178U948	A0A178U948_ARATH	unreviewed	2.0	LUHQ01000005;	IPR001128;IPR017972;IPR002401;IPR036396;	PTHR24286;PTHR24286:SF349;	MYLTIIFLFISSIIFPLLFFLGKHLSNFRYPNLPPGKIGFPLIGETLSFLSAGRQGHPEKFVTDRVRHFSSGIFKTHLFGSPFAVVTGASGNKFLFTNENKLVISWWPDSVNKIFPSSTQTSSKEEAIKTRMLLMPSMKPEALRRYVGVMDEIAQKHFETEWANQDQLIVFPLTKKFTFSIACRLFLSMDDLERVRKLEEPFTTVMTGVFSIPIDLPGTRFNRAIKASRLLSKEVSTIIRQRKEELKAGKVSVEQDILSHMLMNIGETKDEDLADKIIALLIGGHDTTSIVCTFVVNYLAEFPHIYQRVLEEQKEILNNKDVNEKLTWEDIEKMRYSWNVACEVMRIVPPLAGTFREAIDHFSFKGFYIPKGWKLYWSATATHKNPEYFPEPEKFEPSRFEGSGPKPYTYVPFGGGSRICPGREYARLEILIFMHNLVKRFKWEKVFPKENKLVADPAPIPAKGLPIRIFPQS
A0A178V7C8	A0A178V7C8_ARATH	unreviewed	2.0	LR881469;LUHQ01000004;CACRSJ010000109;	IPR001128;IPR017972;IPR002401;IPR036396;IPR051103;	PTHR24298:SF630;PTHR24298;	MDAIVVDSQNCFIIILLCSFSLISYFVFFKKPKVNFDLLPSPPSLPIIGHLHLLLSTLIHKSLQKLSSKYGPLLHLRIFNIPFILVSSDSLAYEIFRDHDVNVSSRGVGAIDESLAFGSSGFIQAPYGDYWKFMKKLIATKLLGPQPLVRSQDFRSEELERFYKRLFDKAMKKESVMIHKEASRFVNNSLYKMCTGRSFSVENNEVERIMELTADLGALSQKFFVSKMFRKLLEKLGISLFKTEIMVVSRRFSELVERILIEYEEKMDGHQGTQFMDALLAAYRDENTEYKITRSHIKSLLTEFFIGAADASSIAIQWAMADIINNREILEKLREEIDSVVGKTRLVQETDLPNLPYLQAVVKEGLRLHPPTPLVVREFQEGCEIGGFFVPKNTTLIVNSYAMMRDPDSWQDPDEFKPERFLASLSREEDKKEKILNFLPFGSGRRMCPGSNLGYIFVGTAIGMMVQCFDWEINGDKINMEEATGGFLITMAHPLTCTPIPLPRTQNSLISHL
A0A178VT37	A0A178VT37_ARATH	unreviewed	2.0	CACSHJ010000088;LUHQ01000002;CACRSJ010000105;	IPR001128;IPR017972;IPR002401;IPR036396;	PTHR24286:SF228;PTHR24286;	MVFSVSIFASLAPYLVSALLLFFLIEQLSYLVKKRNLPGPLFVPPIIGNAISLVRDPTSFWFKQSDTAGTSPGLAANYLIGKFIIYIRDTELSHQIFSNVRLEAFHPLGHPFGKQLFGDHSLIYLFGEDHKTVRRHLAPNFTPKALSTYSDLQQIVMLRHLRQWEESFSGGTKPVSMRDLVRELNLETSQTVFVGPYLDKEARNTFCTDYNLFNLGSMALPINLPGFAFNKARRAVMNLEKTLSVCAGKSKKRMATGEEPTCLIDFWMHAFVTEIESGNPPPLHSEDEAIGGLLFDFLFAAQDASTSSLLWAVTFLESHPKVLSKVREEVAKIWSPQSGHLITADQLAEMKYTRAVAREVVRYRPPATMVPHIATNDFPLTESYTIPKGTIVFPSVFDASFQGFTEPNRFDPDRFSETRQEDQVFKRNYLAFGWGAHQCVGQRYALNHLVLFIAMFSSLFDFKRLQSDGCDDIIYCPTISPKDGCTVFLSKRIVTYPNL
A0A1B2AS12	A0A1B2AS12_CHEQI	unreviewed	2.0	KX343075;	IPR001128;IPR017972;IPR002401;IPR036396;	PTHR24286;PTHR24286:SF349;	MELFFLASIALISSLSLPFLYLFYRHYSTWGYKLPPGSMGWPVVGESLEFFSTGWKGYPEKFIFDRLKKYKPSQVFKTSIFGEKVAILCGATGNKFLYSNENKLVQAWWPKSVDKIFPAATQHSSIEEARTMRKLIPLFLKPESLQRYIPIMDTIATRHMESGWEGKDKVEVFPLAKRYTFWVACRLFLSIEDPVHVAKFADPFNEIAAGIISIPIDLPGTPFHKGIKSSEIVRKELSAIIKQRKLDLADGKASPTQDILSHMLLTSTDDGKFMNEMDIANKILGLLIGGHDTASASCTFIVKFLAELPHIYEGVYKEQMEIANSKKPGELLNWEDIQKMKYSWNVACEVMRLAPPLQGGFREAISDFMYNGFQIPKGWKLYWSANTTHLNPEFFPEPTKFDPSRFDGSGPAPYTFVPFGGGPRMCPGKEYARLEILVFMYHIVKRFKWEKVLPSEKVIVNPMPIPEHGLPVRLFPHPQTTVA
A0A1I9Q5Y3	A0A1I9Q5Y3_CENAS	unreviewed	2.0	KU878848;	IPR001128;IPR017972;IPR002401;IPR036396;	PTHR24286;PTHR24286:SF349;	MELLSSYASFLFLLFVLLSVGLLYKKKSSSSSKTGSPIPPGKTGWPVLGESLEFLSTGWKGHPEKFIFDRMAKYSSSVFRTSLLGEPAAVFCGAAGNKFLFSNENKLVQAWWPSSVDKLFPSSNQTSSKEEAIKMRKMLPHFFKPEALKQYVGIIDHITQRHFSSSWDGNKEVTVFPLTKRFTFWLACRLFMSVEDPNHVAQFADPFDVLASGLISIPIDLPGTPFRRAINASNHIRKELTKIIKQRKIDLGEGKANPTQDILSHMLLTSDEDGKFMNELDIADKILGLLIGGHDTASSACAFIVKYLAELPHIYDGVYNEQMEIAKSKAPGELLNWDDLQKMKYSWNVACEVMRLAPPLQGAFREATSDFIYNGFAIPKGWKLYWSANSTHKNAEFFPEPQKFDPSRFEGSGPAPYTFVPFGGGPRMCPGKEYARLEILVFMHHLVKRFKWEKIIPDEKVVVNPMPIPAKGLPVRLFPHKA
A0A1I9Q5Y6	A0A1I9Q5Y6_CENAS	unreviewed	2.0	KU878851;	IPR001128;IPR017972;IPR002401;IPR036396;	PTHR24286;PTHR24286:SF347;	MSLFSDVVLLVIFPIILSLFFYRKLKSSSSKTVNTPPGSSGWPIVGESIKFGSAGPQKFIKERMEKYSPDVFHTSLLGEKLAVFCGAQGNKFVFTNETTVLTSWWPQAMKKALISPELSENEAKEIRKSQKGFLPDILKPEALKQYIPVMDAMARDHVASEWTPRYVVKVSPLAMKYTFGLACRLFMNVVEPDRIDKLTKHFTRVITGFMAVPIDLPGTAYNSAINGGKLVRAELLNIISARREEIRENKETIGRDFLSKMLLVTDEDGEFMTEKEICNNIIGLLVASYETTSTAVTFVLKHLAEYPHIYDKVYEEQMEIKKSKKPGDLLCWEDVQKMKYTWNVACESLRLAPPGQGAFREAATDFTYAGFTIPKGWKVFWTVHTSHRDPKYFPDPDKFDPSRFEGSGPAPYSYVPFGGGPRMCPGKEYARLEILVFIYNVVTNFKLEKLSPNEKVLFRSSLVLTEGLPVRLVPHKN
A0A1I9Q5Y8	A0A1I9Q5Y8_PLAGD	unreviewed	2.0	KU878853;	IPR001128;IPR017972;IPR002401;IPR036396;	PTHR24286;PTHR24286:SF349;	MELLYVSLLTLLVLLFPLSLHFLFKKTKSGLGEVGRLPPGKTGWPIVGESIEFLSTGWKGHPEKFIFDRMSKYSPQVFRTSLMLEDAAVFCGSAGNKFLFSNEKQLVTAWWPASVDKVFPSSDQRSKEEAIKMKKLLPTFFKPVALQNYVGVMDQITERHFASDWDNNNKVVYPLTKRFTFALACKIFVSIDDPDEVARLVVPFESIATAILSIPLDLPGTGFRRGINAANFIRKELLAIIKQRKIDLAKGKASPTQDILSHMLLTSDENGKFMQEYDIADKILGLLIGGHDTASSACVFIVKYLAELPEIYDGVYKEQMEIAESKAPGELLNWDDLTKMKYSWNVACEVLRLAPPLQGAFREAITDFMYSGFSIPKGWKLYWSANSTHKNPKFFPEPQKFDPSRFEGAGPAPFTFVPFGGGPRMCPGKEYARVEILVFMHHLVKRFKWEKIIPNEKIVVNPMPCPAKGLPIRLYPHKA
A0A1I9Q5Z9	A0A1I9Q5Z9_AQUCA	unreviewed	2.0	KU878864;KZ305028;	IPR001128;IPR017972;IPR002401;IPR036396;	PTHR24286;PTHR24286:SF349;	MEQISLSWLITLVALFLFLPLILLSTRNKANTSNNFPPGKTGWPIIGESLEFLNTGRRGVPEKFIHDRMQKFSSHIFRTSLLGEPAAVLCGPTGNKFLYSNENKLVQAWWPSSVYKIFPSTGQSSSSEEAIKMRKMLLSFFKPEALQRYVETMDTIAKQHLKNEWENRKEVMVFPLSKGYTFALACKLFMSIDDPIQLARFADPFAILASGVIAIPINLPGTSFNKAIKASELIRKDLHKIIKQRKIELAEKRASPMQDVLSHMLSTSDENGTFMSEMDIADKILGLLIGGHDTASAAITFVMKFLAELPHIYNDVHKEQMEILKSKGSRELLKWEDIQKMKYSWNVACEVMRLAPPLQGGFREALADFTYNGFSIPKGWKLYWSTNSTHKNSTYFPNPENFDPSRYEGNGPAPYTYVPFGGGPRMCPGKEYARLEILVFMHNVVTKFKWEKILPDENIVVNPMPVPAKGLPIRLEPQVC
A0A1I9Q601	A0A1I9Q601_AQUCA	unreviewed	2.0	KU878866;	IPR001128;IPR017972;IPR002401;IPR036396;	PTHR24286:SF371;PTHR24286;	MEVISFSMLIILLFALFLISLPLLLFLIQNKSHSSKNTTMFPHGNMGWPIIGETLEFLKLGRKGIPEKFINDRMQKFSSKVFKTSLFGETMVVLCGPEGNKFLFSNENTLVKGWVPGSIRKIIPSAGNVSTNEGAIKMRKKLQTSFKLETLQKFIGKMDLAAKEHLTTHWDNKKEVLVFPLAKNYGFSLVCQLFMSLDDHVEAAKFYDHFAVLLAGLISIPIDLPGTSLHKAIGASNILRKYIAEIVRQRKLDIAERVESVPQDILSHMLLTSDENGQFLNDMEIADRIVGLLVAGHDTVSAAITFIVKYLAELPHIYEEVQNEQREILRSKPKGELLNWEDISRMKYSWNVAREAMRLASPAQGFFREAITNFTYAGFSIQKGWKIYWSTYSTHKDPNYFPNPETFDPSRFEGNGPAPYTYIPFGGGPHMCPGNVYARLVILVFMHNVVTRFKWEKIFADERIIIDPLPKPAKGLPIRLQPQCT
A0A1P8B8J8	A0A1P8B8J8_ARATH	unreviewed	2.0	CP002687;	IPR001128;IPR017972;IPR002401;IPR036396;IPR051103;	PTHR24298:SF630;PTHR24298;	MDAIVVDSQNCFIIILLCSFSLISYFVFFKKPKVNFDLLPSPPSLPIIGHLHLLLSTLIHKSLQKLSSKDHDVNVSSRGVGAIDESLAFGSSGFIQAPYGDYWKFMKKLIATKLLGPQPLVRSQDFRSEELERFYKRLFDKAMKKESVMIHKEASRFVNNSLYKMCTGRSFSVENNEVERIMELTADLGALSQKFFVSKMFRKLLEKLGISLFKTEIMVVSRRFSELVERILIEYEEKMDGHQGTQFMDALLAAYRDENTEYKITRSHIKSLLTEFFIGAADASSIAIQWAMADIINNREILEKLREEIDSVVGKTRLVQETDLPNLPYLQAVVKEGLRLHPPTPLVVREFQEGCEIGGFFVPKNTTLIVNSYAMMRDPDSWQDPDEFKPERFLASLSREEDKKEKILNFLPFGSGRRMCPGSNLGYIFVGTAIGMMVQCFDWEINGDKINMEEATGGFLITMAHPLTCTPIPLPRTQNSLISHL
A0A1P8W705	A0A1P8W705_9APIA	unreviewed	2.0	KX354739;	IPR001128;IPR017972;IPR002401;IPR036396;	PTHR24286;PTHR24286:SF349;	MQLFYVPLLSLFVLLVSLSFYFLFYKSKSGSPGALPLPPGKTGWPVIGESFEFLSTGWKGHPEKFIFDRLAKYSSNVFRTSLLGQPAAVFCGAACNKFLFSNENKLVQAWWPDSVNKVFPSSTQTSSKEEAIKMRKLLPNFLKPEALQRYVGIMDQIAKKHFESGWENKKEVSVFPLAKNYTFWIACKVFLSVEEPTQVAKLLEPFNAIASGIISVPIDLPGTPFNSAIKSSKIIRDKLLGIIKQRKIDLGEGKASPTQDILSHMLLTSDENGKFMTEGDIADKILGLLIGGHDTASSACTFVVKFLAELPEIYEGVYKEQMEIAKSKKPGELLSWEDIQKMKYSWNVACEVLRLAPPLQGAFREVLTDFSYNGFSIPKGWKLYWSANSTHRNSEVFPEPLKFDPSRFEGAGPPPYSFVPFGGGPRMCPGKEYARLEILVFMYHVVKRFKWEKVIPDEKIVVNPMPIPASGLPVRLFPHKA
A0A396JCZ5	A0A396JCZ5_MEDTR	unreviewed	2.0	PSQE01000002;	IPR001128;IPR017972;IPR002401;IPR036396;IPR050665;	PTHR24282:SF255;PTHR24282;	MELSWETKSAIILITVTFGLVYAWRVLNWMWLKPKKIEKLLREQGLQGNPYRLLLGDAKDYFVMQKKVQSKPMNLSDDIAPRVAPYIHHAVQTHGKKSFIWFGMKPWVILNEPEQIREVFNKMSEFPKVQYKFMKLITRGLVKLEGEKWSKHRRIINPAFHMEKLKIMTPTFLKSCNDLISNWEKMLSSNGSCEMDVWPSLQSLTSDVIARSSFGSSYEEGRKVFQLQIEQGELIMKNLMKSLIPLWRFLPTADHRKINENEKQIETTLKNIINKREKAIKAGEATENDLLGLLLESNHREIKEHGNVKNMGLSLEEVVGECRLFHVAGQETTSDLLVWTMVLLSRYPDWQERARKEVLEIFGNEKPDFDGLNKLKIMAMILYEVLRLYPPVTGVARKVENDIKLGDLTLYAGMEVYMPIVLIHHDCELWGDDAKIFNPERFSGGISKATNGRFSYFPFGAGPRICIGQNFSLLEAKMAMALILKNFSFELSQTYAHAPSVVLSVQPQHGAHVILRKIKT
A0A3B6MJM9	A0A3B6MJM9_WHEAT	unreviewed	2.0	CM022225;	IPR001128;IPR002403;IPR036396;	PTHR24286;PTHR24286:SF258;	MLSVLTSFLCFLCAALRTAQIYDAHNPLCRDILRPNNNMDLASLTAVWWAVALLFITVLVTKISRARVTTVDLHRTTGQLPPLVNGVALLKLLPTLLNKGLPAMVNDLYVKYGSVFMVSSFGVKVTLLIGPEVTAHFFQGLESEISHGNLFEFTVPMFGEAVGYGRDTATRTEQMRFHIEALRPSRLRSHVYPMLQEVEGYFAKWGEEGIVDLKLEFEKLLMLISSRCLLGKEVRENMFDEVYTLFHEIEDNGVTLISFLFPYLPTPANRKRDKARIRLTQILSDVVDSRKNSGRVEDDTLQKLIDSKYKDGRPTTVEEVVGLIIGLLFAGKHTSSHTSTWTAACLLSHPTFLRAAIEEQQQISSKYKDMGLDYNAFIEMDTLHSCIKEALRKHPPTPMLVRRAHKQFMVKTKEGKEYDIPQDHIVATPTIVTNNISYIYKDPQVYDPCRFGPERREDKVGGKFSYTSFSGGRHICTGEAYAYMQLKVIWSHLLRNFELELISPFPKTDWGKFLPEPQGKLLVKYKRNGIL
A0A3B6MKP2	A0A3B6MKP2_WHEAT	unreviewed	2.0	CM022225;	IPR001128;IPR002403;IPR036396;	PTHR24286;PTHR24286:SF258;	MIWPNNNMDLASLTAVWWAVALLFITVLVTKISRARVTTVDLHRTTGQLPPLVNGVALLKLLPTLLNKGLPAMVNDLYVKYGSVFMVSSFGVKVTLLIGPEVTAHFFQGLESEISHGNLFEFTVPMFGEAVGYGRDTATRTEQMRFHIEALRPSRLRSHVYPMLQEVEGYFAKWGEEGIVDLKLEFEKLLMLISSRCLLGKEVRENMFDEVYTLFHEIEDNGVTLISFLFPYLPTPANRKRDKARIRLTQILSDVVDSRKNSGRVEDDTLQKLIDSKYKDGRPTTVEEVVGLIIGLLFAGKHTSSHTSTWTAACLLSHPTFLRAAIEEQQQISSKYKDMGLDYNAFIEMDTLHSCIKEALRKHPPTPMLVRRAHKQFMVKTKEGKEYDIPQDHIVATPTIVTNNISYIYKDPQVYDPCRFGPERREDKVGGKFSYTSFSGGRHICTGEAYAYMQLKVIWSHLLRNFELELISPFPKTDWGKFLPEPQGKLLVKYKRNGIL
A0A3Q7HBJ5	C7A44_SOLLC	reviewed	4.0	AK329870;	IPR001128;IPR017972;IPR002401;IPR036396;	PTHR24286:SF331;PTHR24286;	MELLYVCLVCVFVFLVSLLLLYKKKSGEGLPPGKTGWPVFGESLEFLSSGWKGHPEKFIFDRVAKYSSSVFKTHLLGEEAAVFCGASANKFLFSNENKLVQAWWPNSVNKVFPSSTQTSSKEEAIKMRKMLPNFFKPEALQRYVGIMDHITQRHFATGWENKEQVVVFPLTKRYTFWLACRLFLSVEDPKHVAKFADPFDVLASGLISIPIDLPGTPFNRAIKASNFIRKELVRIIKQRKIDLGEGKVSSTQDILSHMLLTCDENGKFLGDLDIADKILGLLIGGHDTASSACSFIVKYLAELPHIYQRVYTEQMEIAKSKGPGELLRWEDIQKMKYSWNVACEVLRLAPPLQGAFREALSDFMFNGFYIPKGWKIYWSANSTHKREEFFPDPEKFDPSRFEGSGPAPYTFVPFGGGPRMCPGKEYARLEILVFMHHLVKRFKFEKIIPHEKIIVNPMPIPANGLPLRLYPHHHNP
A0A3S5GS06	A0A3S5GS06_TARKO	unreviewed	2.0	MG646382;	IPR001128;IPR017972;IPR002401;IPR036396;	PTHR24286;PTHR24286:SF349;	MAMFYASLFSLFTIVVSCLLRFAFFKSKSAANINLPPGRRGWPVIGETVEFVTAGWKGHPEKFIVDRMKKFSHHVFRTSLMLEDAAVFCGPEGNKFLFSNENKLVRFWLPASARKILPFTQYCGDDIAKMVRYHLKPETIRQYVPIIDMVAQKHFETRWEGKDQILTHETTKNFTFLVACKIFFSIDEPEWVNNLSGPFKRLAPGLFSIPINLPGTPFRRAINARTFIGKELTAIVKQRKIDLANGKASPTQDILSLLLGDDYGKYMADTAIADLIIGLMIGGYDSTSSTCTFIVNYLAELPEIYEKVYKEQTEIAKSKTSKELLNWDDISKMKYSWNVVSEVLRLVPPTQGTFREAICNFTFRQYSIPKGWKLYWSTNSTHKNPNFFLEPEKFDPSRFDSQALVPYTYVPFGGGCHLCPGKEFARVELLVFIHHLVRKFKLKKIFSKEDIIFDLLQPKLAKGLPIHLYPHKL
A0A3S9W0N3	A0A3S9W0N3_LAGSP	unreviewed	2.0	MG708187;	IPR001128;IPR017972;IPR002401;IPR036396;	PTHR24286;PTHR24286:SF349;	MEHFYLSILLFFVSFITLSLFFVFYRHLSHFRGTNLPPGRFGLPFIGETLEFLADGWKGYPEKFFFERMSKYSSEIFKTSILAEPTAVFCGAAGNKFLFSNENKLVTAWWPDSVNKVFPSSLQTSSQEEARRMRKMLPNFLKPEALQRYIGIMDHIAQRHFAMGWENKDEVEVFPLAKRFTFWLACRLFVSVEDPDHVAKFADPFNEIASGIFSVPIDLPGTPLNRAKHASNFIRKELGAIIKQRKIDLADGTASPTQDILSHMLLATDEDGKHMNELDIADKILGLLIGGHDTASAACTFIVKYLAELPHIYQGVYEEQMEIARSKAPGELLNWDDLQKMKYSWNVACEVLRLASPLQGAFREALTDFMFNGFSIPKGWKLYWSAHSTHRSPDYFPDPEKFDPSRFDGKGPAPYTFVPFGGGPRMCPGKEYARLEILVFMYNLVKRFRWEKVLPDEKIIVNPMPMPAKGLPVRLYPHKA
A0A3S9W0N6	A0A3S9W0N6_LAGSP	unreviewed	2.0	MG708188;	IPR001128;IPR017972;IPR002401;IPR036396;	PTHR24286;PTHR24286:SF349;	MGLPSSSSVSAHKDSTMEPNFYLSLLPLFVSFVSISLFVVFYRHRSSFCGPNLPPGDVGLPYVGESLQFLSTGWKGHPEKFIFDRISKFSSHVFKTSLLGEPAAVFCGSAGNKFLFSNENKLVQAWWPNSVNKVFPSSLQTSSKEEAKKMRKMLPQFLKPEALQRYIGIMDTIAQQHFAMGWENKDEIVVFPLAKRYTFWLACRLFISVEDPNHVARFADPFNLLASGIISIPIDLPGTPFNRAIKASNFIRKELIAIIKQRKVDLAEGKATATQDILSHMLLATDEDGKHMNEMDIADKILGLLIGGHDTASAACTFIVKYLAELPHIYDEVYKEQMEIANSKAPGELLNWDDIQKMRYSWNVACEVMRLAPPLQGAFREAMNDFIFNGFSIPKGWKIYWSANSTHKSADYFPEPEKFDPARFEGAGPAPYTFVPFGGGPRMCPGKEYARLEILVFMHNLVKRFRWEKLIPDEKIVVDPMPMPAKGLPVRLHPHRA
A0A4P2PRK0	A0A4P2PRK0_9ROSA	unreviewed	2.0	MF596155;	IPR001128;IPR017972;IPR002401;IPR036396;IPR050665;	PTHR24282:SF20;PTHR24282;	MSWLGFEMPVLTSIFLCLFLVILLAVVKNLQKLWWTPNRIQNRMVAQGVHGPSYKFIHGSTKEILSMKRETMGRPRSLTHDIFSAVQPHIHTWSKIFGKNFLQWYGVQPQMIIAEPELCKEVLNNKDRNYRKQRSQGYIKKLLGDSISMAEGEKWVKLRKLAHHAFHGESLKNMIPEMIKSSETMVQRWKTYEGKEIEVNEEFRVFTSEVISRTAFGSSFVEGKNIFEMLRELTSLIFRNTFKLRVPGISMFYKTSDEIKSEKLEKGIRDIITEIVRKREKTAITGGEANDFGSDYLGILLKAHHDANEKQRISVEDLVDECKTFYFAGQETTNSLLAWTIFLLALHTDWQEEARKEVLKLFGKENPNTDGLNKLKTMGMIINESLRLYPPVVSLTRESLKEVRLGQIVVPANVELHVANMALHHDPKYWGKDVQLFKPERFSEGIAKATNNNTVAFMPFGMGPRTCVGMNFAIIEAKIALSMILQRYSFTLSPGYVHSPIQFLTVRPQYGVQVILHPV
A0A4P2TT22	A0A4P2TT22_9ROSA	unreviewed	2.0	MF120282;	IPR001128;IPR017972;IPR002401;IPR036396;	PTHR24286:SF88;PTHR24286;	MESQLLLLLLLGALALIIYAFKFKSSKTNLPPGSFGWPIIGETIAFMKEQQQHFVGERMKKHSTKLFKTSIFGERMVVLCGTAGHKFIATNEEKLFLAWRPLSMQKLFRSSYLKAAATAIVPQADVIQIYRAPGFLKPEALVKYIETMDSLVQEHLKLHWEGKTTVEVYKLAQLLVTSLSARFFTGLHDNERTEKYARLMDVVTSGLHTIHINIPGTTFHRAMKGAKALRKEVLLLIEEKKAAAASGVQMHDILSFMLFNPDPTGRFSTENEVADKFMGSMVAAFHSPSMVTSFLFKYLGERPEICDKVRREQLEIASSKKWGEALNWEDIHKMKYSWGVALEVMRLVPPLQGTFREVASEFTYEGYTIPKGWKVFWSASSTNKIPEYFPDPEEFDPSRFENGKTPPAYSNIPFGSGPRICPGKEYARLQLMCCLHHIVTKYKWEVINPNSKIAGGLNPVPEEGIHIRIQPYFPLQ
A0A5B8NBK9	A0A5B8NBK9_MELAZ	unreviewed	2.0	MK803271;	IPR001128;IPR017972;IPR002401;IPR036396;IPR050193;	PTHR47956:SF107;PTHR47956;	MNLQLDYFSITSFLVFLVVLFRIVSDWNKKSTNLRLPPGPSKLPIIGSVHHMIGLDVDLPYHALTDLAKKYGPLMHLQLGQMSLVVASSAKMFKELMKENDLAISQRPVPYVARVLNDAGRDIAFVPYGDYWRQIRKISRMELFSVRKVQSLYYIREDQSNKMIDAIGGSAETVMNLSKAVSDYTSTVVARAAFGSGCKDQDKFIKLSLEMVAAAGAVSTLPDMFPALGFIPVLSGKKAFLQNIQKEADKILDYIIDEHIQRTKSKDYDGKESDKEDIVDVLLRLEKTGELEIPITTPDIKAVIWSVFAGGTDTSSTTTLWAMSELMRNPKVMEKVQAEVREKLKGKKEILEADIQDLPYMRAVIKETLRLRIPGPLLLPRETMEPIEVDGYVIPEKTKILFNAWAVTRDPELWENPESFIPERFIEKQIDFKGTNYEFTPFGSGRRICPGMNFGIANVELPLAKLLYYFNWQLPHGMKPEDLDMTAKFGVVCGRKNDLFLIPTPYNIEVEN
A0A5K7U6A3	A0A5K7U6A3_MOMCH	unreviewed	2.0	LC456843;	IPR001128;IPR017972;IPR002401;IPR036396;IPR050651;	PTHR47947;PTHR47947:SF65;	MENILLYFSLSLLSILVVRFLLRSPSGRKLPPSPAFRLPIIGHLHLLGRPAQHAFKKLADKYGPVFSLRFGSRLVVIITSPEAVKECFTKNDVVLAARPLLNSGKYMAYDNTIFAAASYGEHWRNLRRIGSIEIYSPTRLNKFLDSRGDEVKRLLRRLGESNNSPPPASAGFSTVKLEPLFAELTFNVVMRMVAGKSYFGENVSNEEEAKQFRYIMKEIFMISEASSPGDFIPIWNWIDPTGYEKKLKNIAKKVDIFLVNLIEEIRNRKGEGNTMVDHLLSMQVSEPQFFSDQIIKGLIWVIMLAGTDTQSGTLTWTMSHLLNNPEVLKKARAEIDTVVGRERLVEENDLSKMTYLQQVIAETLRLNPLPLLLPHCASEDCTIQGYHIPRDTMLLFNVWAIHRDPKLWDDALIFKPERHATLTIEDQYKYLPFGLGRRACPGGGMANRLVGLALATMIQCFEWKRVSDELVDMTVGNGITASRAFPLEAMCKPWPDMERVLVEEVGLVRK
A0A5K7U6M8	A0A5K7U6M8_MOMCH	unreviewed	2.0	LC456845;	IPR001128;IPR017972;IPR002401;IPR036396;	PTHR24286;PTHR24286:SF199;	MEILNNFWALLGASIGLYFFVFGFLRNFNELWYFLRLGGKIYNALPPGHMGWPLLGSSLSFYKAFKIGGDPNSIINHLVSRYGRVRMYKSHLYGSPVIIVTDPEVCRRVYLDDERFKLSYPKSVNILQGDRSLLKIDYKIVHRLMAAPINGSEALSKYMGFIEEAVVKGLEEWGSVKGPVELLLEFKRLTFKVITGVFLGPAFTDSEIAQLENLYAEIGLAILSIFPYDLPGFSYRRALKARSKVENIVRPVIERRRRILEENEELEETCQMDAVIKATDKNGEKIFNDNAIICMLLGLLYAGYHTSAHGAQWTMVHVSENPDVYQKAKEEQEMIIKQRPSTQKGLNFKEIKQMKYATKVINEMLRLNNIVFTTFRVATTDVNVNGYIIPKGWAVPIWNRGVHMDPEIYQNPLEFDPSRWDNYVPKPGEFIPFGLGSRYCPGNELARLEICILLHHFLLGYRWERVNPKAPLSNIPVPAPVDNCLTKITKLQSY
A0A654G6C8	A0A654G6C8_ARATH	unreviewed	2.0	CACRSJ010000110;	IPR001128;IPR017972;IPR002403;IPR036396;	PTHR24286;PTHR24286:SF384;	MGAMMVMMGLLLIIVSLCSALLRWNQMRYTKNGLPPGTMGWPIFGETTEFLKQGPNFMRNQRLRYGSFFKSHLLGCPTLISMDSEVNRYILKNESKGLVPGYPQSMLDILGTCNMAAVHGSSHRLMRGSLLSLISSTMMRDHILPKVDHFMRSYLDQWNELEVIDIQDKTKHMAFLSSLTQIAGNLRKPFVEEFKTAFFKLVVGTLSVPIDLPGTNYRCGIQARNNIDRLLRELMQERRDSGETFTDMLGYLMKKEGNRYPLTDEEIRDQVVTILYSGYETVSTTSMMALKYLHDHPKALQELRAEHLAFRERKRQDEPLGLEDVKSMKFTRAVIYETSRLATIVNGVLRKTTRDLEINGYLIPKGWRIYVYTREINYDANLYEDPLIFNPWRWMKKSLESQNSCFVFGGGTRLCPGKELGIVEISSFLHYFVTRYRWEEIGGDELMVFPRVFAPKGFHLRISPY
A0A6C0G9N1	A0A6C0G9N1_TRIWF	unreviewed	2.0	MN621245;	IPR001128;IPR017972;IPR002401;IPR036396;IPR051103;	PTHR24298:SF59;PTHR24298;	MATTTIIDAQYYVFLFLLCLSSTLLLQFFFKKSKPAGATHLRPLPSPPALPLVGHIHLLTKYVHICFQKLALKYGPLLFLRFGSFKFLLISSASVVTEVFKSNDVAFASKPMSVFEDRLIFANIGFIFSPYGEYWRYMKKMTVTELLGSKQLQRSHNVRREELHRYLKKVLEKAQESEVFSLGTELMKLTNNTICRMALSTRCSEEDNEAEKIKELVDGSLELGMKLAMVNMAGPLKKLGVWMYGKEDREINRKCDELLERIWKEHEERAKRDGGVDREDKDLMDILLEAYHDEKAEFKINKNQIKAFILDLFLAGTSTSTDAMEWAMANLINHPEVMKKAREEIDSVVGNRRLVEETDLPNLPYLQAVVKETLRLYPPGPLLPRRTHEACELRGFDIPRDIMVVFNFYAIMRDPEAWENPNEFIPERFLSSNKEKAHQNFNFVAFGAGRRMCPGATLALTLMNTTVASMVQCFDWKVGKDGDRVNMEPEAGLHLKLAEPLQCRPILRFHLFSS
A0A6C0G9Q9	A0A6C0G9Q9_TRIWF	unreviewed	2.0	MN621243;	IPR001128;IPR017972;IPR002401;IPR036396;IPR051103;	PTHR24298:SF59;PTHR24298;	MATITDIQYYVVLFFLWLFSTLLLQYAFRRSTKGATHLRLPPSPPSLPVVGHIHLLSKDIHICFQNLARKYGPLLYLRFGSFKCLLISSASVATEVFKSNDVAFSSKPFSVLGDRLIFGNTGFVISQYGDYWRYMKKLTVTELLGARQLERSRKVRQEELHRYLQRVFEKAGVEEVFDVGSELMKLTNNTICRMVLSTRCSEEDNEAEEVKELVEGSFDLAMKMTMVAMSGPLKKVVGKYYEKEDKDINRRCDELLERMWKEHEERAKREGVDREDKDFMDILLEAYYNDKAEFKITRNQVKAFILDIFIAGTSTSADTMQWVMANLINHPDVLKKVRQEIESVVGTSKRLVEESDLPNFPYLQAVVKETLRLYPPGPVLPRRTNEDSKVSGFDIPKDLIVAFNVYAIMRDPEAWDKPNEFIPERFLSSTKEQNTQLVNFMAFGAGRRLCPGSTLALTLMNTAIANMVQCFDWKVGIDGDIVNMKAGTGFTLALAEPLMCRPVVRFNPFAG
A0A6G7GG58	A0A6G7GG58_ROSOF	unreviewed	2.0	MK592859;	IPR001128;IPR017972;IPR002401;IPR036396;	PTHR24286;PTHR24286:SF349;	MEFFYASLLCLFVSLVFLSLHLLFYKTKTGSLPPGKTGWPVIGESLEFLSTGWKGHPEKFIFDRMARYSSHVFRTHLLGEPAAVLCGSAGNKFLFSNENKLVQAWWPSSVEKIFPNDNAETSSKEESIKMRRMLPTFFKPEALHRYVGIMDHIARRHFADGWDGKREVVVFPLAKNYTFWLACRLFLSVEDPSQVEKFAAPFNLLASGLISIPIDLPGTPFHKGIKASAYIRKELVAIIKQRKADLADGTASPTQDILSHMLLTSNEDGKFMQESDIANKILGLLIGGHDTASSACTFVVKYLAELPQVYEGVYKEQMEIAKSKAAGELLNWEDLQKMKYSWNVACEVLRLAPPLQGAFREALADFSFNGFSIPKGWKLYWSANSTHKNSEFFPEPEKFDPSRFEGSGPAPYTFVPFGGGPRMCPGKEYARLEILVFMHHLVKRFKWEKMIPDEKIVVDPMPIPANGLPVRLYPHTS
A0A8T2E8Z3	A0A8T2E8Z3_9BRAS	unreviewed	1.0	JAEFBK010000004;	IPR001128;IPR017972;IPR002401;IPR036396;IPR051103;	PTHR24298:SF630;PTHR24298;	MDAIVVDSQNCFIIILLCSFSLISYFVFFKKPKVNFDLLPSPPSLPIIGHLHLLLSTLIHKSLQKLSSKYGPLLHLRIFNIPFILVSSDSLAYEIFRDHDVNVSSRGVGAIDESLAFGSSGFIQAPYGDYWKFMKKLIATKLLGPQPLVRSQDFRSEELERFYKRLFDKAMKKESVMIHKEASRFVNNSLYKMCTGRSFSVENNEVERIMELTADLGALSQKFFVSKMFRKLLEKLGISLFKTEIMVVSRRFSELVERILIEYEEKMDGHQGTQFMDALLAAYRDENTEYKITRSHIKSLLTEFFIGAADASSIAIQWAMADIINNREILEKLREEIDSVVGKTRLVQETDLPNLPYLQAVVKEGLRLHPPTPLVVREFQEGCEIGGFFVPKNTTLIVNSYAMMRDPDSWQDPDEFKPERFLASLSREEDKKEKILNFLPFGSGRRMCPGSNLGYIFVGTAIGMMVQCFDWEINGDKINMEEATGGFLITMAHPLTCTPIPLPRTQNSLISHL
A0A8T2G4M5	A0A8T2G4M5_ARASU	unreviewed	2.0	JAEFBJ010000002;	IPR001128;IPR017972;IPR002401;IPR036396;	PTHR24286:SF228;PTHR24286;	MVFSVSIFASLAPYLVSALLLFFLIEQLSYLVKKRNLPGPLFVPPIIGNAISLVRDPTSFWFKQSDTAGTSPGLAANYLIGKFIIYIRDTELSHQIFSNVRLEAFHPLGHPFGKQLFGDHSLIYLFGEDHKTVRRHLAPNFTPKALSTYSDLQQIVMLRHLRQWEESFSGGTKPVSMRDLVRELNLETSQTVFVGPYLDKEARNTFCTDYNLFNLGSMALPINLPGFAFNKARRAVMNLEKTLSVCAGKSKKRMATGEEPTCLIDFWMHAFVTEIESGNPPPLHSEDEAIGGLLFDFLFAAQDASTSSLLWAVTFLESHPKVLSKVREEVAKIWSPQSGHLITADQLAEMKYTRAVAREVVRYRPPATMVPHIATNDFPLTESYTIPKGTIVFPSVFDASFQGFTEPNRFDPDRFSETRQEDQVFKRNYLAFGWGAHQCVGQRYALNHLVLFIAMFSSLFDFKRLQSDGCDDIIYCPTISPKDGCTVFLSKRIVTYPNL
A0A8T2G586	A0A8T2G586_9BRAS	unreviewed	2.0	JAEFBK010000002;	IPR001128;IPR017972;IPR002401;IPR036396;	PTHR24286:SF228;PTHR24286;	MVFSVSIFASLAPYLVSALLLFFLIEQLSYLVKKRNLPGPLFVPPIIGNAISLVRDPTSFWFKQSDTAGTSPGLAANYLIGKFIIYIRDTELSHQIFSNVRLEAFHPLGHPFGKQLFGDHSLIYLFGEDHKTVRRHLAPNFTPKALSTYSDLQQIVMLRHLRQWEESFSGGTKPVSMRDLVRELNLETSQTVFVGPYLDKEARNTFCTDYNLFNLGSMALPINLPGFAFNKARRAVMNLEKTLSVCAGKSKKRMATGEEPTCLIDFWMHAFVTEIESGNPPPLHSEDEAIGGLLFDFLFAAQDASTSSLLWAVTFLESHPKVLSKVREEVAKIWSPQSGHLITADQLAEMKYTRAVAREVVRYRPPATMVPHIATNDFPLTESYTIPKGTIVFPSVFDASFQGFTEPNRFDPDRFSETRQEDQVFKRNYLAFGWGAHQCVGQRYALNHLVLFIAMFSSLFDFKRLQSDGCDDIIYCPTISPKDGCTVFLSKRIVTYPNL
A0A9D4XZY1	A0A9D4XZY1_PEA	unreviewed	2.0	JAMSHJ010000003;	IPR001128;IPR017972;IPR002401;IPR036396;	PTHR47944;PTHR47944:SF4;	MFHPLFLIQFHLNLKFLSSSSFEFGNSIRMSPIVTKLKNSTMLEIQGYLVLFFLWFISTIFIRSLFKKSECYKLPPGPPISFPILGHAPYLRSLLHQALYKLSTRYGPLMHIMLGSQHVIVASSAESAKQILKTCEESFCNRPIMIASESLTYGAADYFFIPYGNYWRFLKKLCMTELLSGKTLEHFVSIREDEVECFLRNLLEISKNGKPIEMRHELIRHTNNIISRMTMGKKSSGVNDEVGELRKVIREIGELLGAFNLGDIIGFMRPFDLQGFGKKNKDTHHKMDAMMEKVLKEHEEVRAKEGEGSDRKKDLFDILLNLIEADGADSKLTRQSAKAFALDMFIAGTNGPASVLEWALAELIRNPQVFKKARQEIDTIVGKERLVKESDIPNLPYLQAVVKETLRLHPPTPIFAREAIRSCQVDGYDVPAYSKIFINAWAIGRDPNYWDNPSVYDPERFLQNDDPSKSKLDVRGQYYQLLPFGSGRRSCPGASLALIVIQATLASLVQCYDWDVNDGKSNEIDMKEVGRVTVFLAKPLKCKPVSHFVPFSE
A0AAD7PFA5	A0AAD7PFA5_QUISA	unreviewed	1.0	JARAOO010000010;	IPR001128;IPR017972;IPR002401;IPR036396;IPR050665;	PTHR24282:SF196;PTHR24282;	MWFTVGLVLVFALFIRLYSSLWLKPRATRIKLSNQGIKGPKPAFLLGNVAEMRRFQSKLPKSELKQGQVSHDWASKSLFPFFSLWSQKYGNTFVFSLGNIQVLYVSDHELVKEINQNTSLDLGKPKYLQKERGPLLGQGILTSNGQLWAYQRKIMTPELYKEKIKGMCELMVESVAWLVEEWGTKIQAEGGAADIRIDEDLRSFSGDVISKACFGSCYAGGREIFLRLRALQHQIASKALLMGFPGLKYLPIKSNREIWRLEKEIFQLIMKLAEDRKKEQHERDLLQIIIEGAKSSDLSSEAMAKFIVDNCKNVYLAGHETTAMSAGWTLLLLANHPEWQARVRDEILQVTEGRNPDFDMLHKMKLLTMVIQEALRLYPTVIFMSREALEDINVGNIQVPKGVNIWIPVVNLQRDTTVWGADANEFNPERFANGVNNSCKVPQLYLPFGAGPRICPGINLAMTEIKILLCILLTKFSFSVSPNYRHSPVFKLVLEPENGINVIMKKL
A0AAD7Q2L3	A0AAD7Q2L3_QUISA	unreviewed	1.0	JARAOO010000003;	IPR001128;IPR017972;IPR002401;IPR036396;	PTHR24286;PTHR24286:SF349;	MEHLYLSLVLLFVSSISLSLFFLFYKHKSMFTGANLPPGKIGYPLIGESLEFLSTGWKGHPEKFIFDRMSKYSSQIFKTSILGEPTAVFPGAVCNKFLFSNENKLVNAWWPASVDKIFPSSLQTSSKEEAKKMRKLLPQFLKPEALHRYIGIMDSIAQRHFADSWENKNQVIVFPLAKRYTFWLACRLFISVEDPTHVSRFADPFQLLAAGIISIPIDLPGTPFRKAINASQFIRKELLAIIRQRKIDLGEGKASPTQDILSHMLLTCDENGQYMNELDIADKILGLLVGGHDTASAACTFIVKFLAELPHIYEQVYKEQMEIAKSKVPGELLNWEDIQKMKYSWNVACEVMRLAPPLQGAFREAITDFVFNGFSIPKGWKLYWSANSTHKSPDYFPEPDKFDPTRFEGNGPAPYTFVPFGGGPRMCPGKEYARLEILVFMHNLVKRFKWEKLVPDEKIVVDPMPIPAKGLPVRLYPHKA
F4K051	F4K051_ARATH	unreviewed	4.0	CP002688;	IPR001128;IPR017972;IPR002403;IPR036396;	PTHR24286;PTHR24286:SF305;	MDRRGKYWAGPMWIGLSMCGSGSDTILECRLRLFKLQRQNQMSFVWSAAVWVIAVAAVVISKWLYRWSNPKCNGKLPPGSMGLPIIGETCDFFEPHGLYEISPFVKKRMLKYGPLFRTNIFGSNTVVLTEPDIIFEVFRQENKSFVFSYPEAFVKPFGKENVFLKHGNIHKHVKQISLQHLGSEALKKKMIGEIDRVTYEHLRSKANQGSFDAKEAVESVIMAHLTPKIISNLKPETQATLVDNIMALGSEWFQSPLKLTTLISIYKVFIARRYALQVIKDVFTRRKASREMCGDFLDTMVEEGEKEDVIFNEESAINLIFAILVVAKESTSSVTSLAIKFLAENHKALAELKREHAAILQNRNGKGAGVSWEEYRHQMTFTNMVINETLRMANMAPIMYRKAVNDVEIKGYTIPAGWIVAVIPPAVHFNDAIYENPLEFNPWRWEGKELRSGSKTFMVFGGGVRQCVGAEFARLQISIFIHHLVTTYDFSLAQESEFIRAPLPYFPKGLPIKISQSL
H1A980	H1A980_MEDTR	unreviewed	2.0	AB558145;	IPR001128;IPR017972;IPR002401;IPR036396;IPR050665;	PTHR24282;PTHR24282:SF160;	MENLGTLLSSLNLQPTKVAIITVISSVLIWWIWSALDWIWFTPKRIEKRLKQQGLKGNSYRLMVGDIRDMVKMIKEAKSKPMDPYSNDIAPRVLPFVVHTIAKYGKSSFMWLGPRPRVFIMEPDKIKEMTTKVYDFQKPDTSPLFKLLASGFANYDGDKWAKHRKIVSPAFNVEKMKMLIPIFCHSCDDMVNKLDKVVSSSNGPCELDIWPFVQNVSSDVLARAGFGSSFEEGKRVFQLQKEMISLTMTLFKFAFIPGYRFLPTYTNRRMKAIDLEIRTSLMKIINRRLKAIKAGEPTNNDLLGILLESNYKESEKGNGGGGMSLRDVVDEVKLFYLAGQEANAELLVWTLLLLAKNPEWQAKAREESFQVFGNENPDYEKIGQLKIVSMILQESLRLYPPVIMLSRFLRKDTKLGDLTLPAGVELIVPVSMMHQEKEFWGDDAGDFKPERFSEGVSKATNGKVSYLPFGWGPRLCIGQNFGLLEAKIAVSMILRQFSLEFSPSYTHAPSFIITLQPEHGAHLILHKL
H1A981	C7263_MEDTR	reviewed	4.0	AB558146;	IPR001128;IPR017972;IPR002401;IPR036396;IPR050665;	PTHR24282:SF253;PTHR24282;	MEVFMFPTGTTVIISVLSVLLAVIPWYLLNKLWLKPKRFEKLLKAQGFQGEPYNLSVLKDKSKQNYMLKLQQEDKSKSIGLSKEAAPSIFTPVHQTVRKYGNNSFLWEGTTPRVIITDPDQIKDVFNKIDDFPKPKLRSIAKYLSVGILDHEGKKWAKHRKIANPAFHLEKLKVMLPAFSHSCNEMISKWKELLSSDGTCEIDVWPSLQNFTCDVISRTAFGSSYAEGTKLFQLLKKQGFLLMTGRHTNNPLWGLLATTTKTKMKEIDREIHDSLEGIIEKREKALKNGETTNDDLLGILLQSNHAEKQGQGNSKNIGMTTQDVIDECKLFYLAGQETTSSLLVWTMVLLGRYPEWQARAREEVLQVFGNQNPNNEGLSQLKIVTMILYEVLRLFPPLIYFNRALRKDLKLGNLLLPEGTQISLPILLIHQDHDLWGDDAKEFKPERFAEGIAKATKGQVSYFPFGWGPRICLGQNFALLEAKIAVSLLLQNFSFELSPNYVHVPTTVLTLQPKNGASIILHKL
H1A988	C7254_GLYUR	reviewed	4.0	AB558153;MN567153;	IPR001128;IPR017972;IPR002401;IPR036396;IPR050665;	PTHR24282:SF253;PTHR24282;	MDASSTPGAIWVVLTVILAAIPIWVCHMVNTLWLRPKRLERHLRAQGLHGDPYKLSLDNSKQTYMLKLQQEAQSKSIGLSKDDAAPRIFSLAHQTVHKYGKNSFAWEGTAPKVIITDPEQIKEVFNKIQDFPKPKLNPIAKYISIGLVQYEGDKWAKHRKIINPAFHLEKLKGMLPAFSHSCHEMISKWKGLLSSDGTCEVDVWPFLQNLTCDVISRTAFGSSYAEGAKIFELLKRQGYALMTARYARIPLWWLLPSTTKRRMKEIERGIRDSLEGIIRKREKALKSGKSTDDDLLGILLQSNHIENKGDENSKSAGMTTQEVMEECKLFYLAGQETTAALLAWTMVLLGKHPEWQARARQEVLQVFGNQNPNFEGLGRLKIVTMILYEVLRLYPPGIYLTRALRKDLKLGNLLLPAGVQVSVPILLIHHDEGIWGNDAKEFNPERFAEGIAKATKGQVCYFPFGWGPRICVGQNFALLEAKIVLSLLLQNFSFELSPTYAHVPTTVLTLQPKHGAPIILHKL
I1I3G9	I1I3G9_BRADI	unreviewed	2.0	CM000882;CM000882;	IPR001128;IPR002403;IPR036396;	PTHR24286;PTHR24286:SF258;	MDLASTAAVGWALALLLITALATKIARARITIVDPPRTTTTTTQPPPVVNGIALLRLLPTLSKKGLPAMVNDLYLKFGSVFMVSVFGIKVTILIGPEVTPHFFQGLESEISHGNLLEFTVPMFGEAVGYGRDAATRIEQTRFHIEALRPSRLKNHVYPMIQEVEDYFAKWGNEGIVDLKLEFERLLMLISSRVLLGKEVRETMFDEVYTLFREIENGVTVISFLFPYLPIPANHRRDRARTRLTEILSDVVKSRKNSGRVEEDTLQKLIDSKYKDGRSTTVPEVVGLIIGLLFAGKHTSSHTSTWTGACLLSHPMFLRAAIEEQKQIGRKYKDGLGYDAMLEMDTLHSCIKEALRMHPPTPMLVRKAHKHFTVQTKQGKQYDIPEGHTVASPIVVNNNIPYIYKDPEVYDPDRFGPKRQEDKVGGKFSYTSFSGGRHTCTGEAYAYMQIKVIWSHLLSNFELKLISPFPKTDWSKFLPEPEGTLFVRYKRNGCRAST
I1TEM3	I1TEM3_CATRO	unreviewed	2.0	JN613017;JN565975;	IPR001128;IPR017972;IPR002401;IPR036396;	PTHR24286;PTHR24286:SF349;	MEIFYVTLLSLFVLLVSLSFHFLFYKNKSTLPGPLPPGRTGWPMVGESLQFLSAGWKGHPEKFIFDRMAKYSSNVFRSHLLGEPAAVFCGAIGNKFLFSNENKLVQAWWPDSVNKVFPSSNQTSSKEEAIKMRKMLPNFLKPEALQRYIGLMDQIAQKHFSSGWENREQVEVFPLAKNYTFWLASRLFVSVEDPIEVAKLLEPFNVLASGLISVPIDLPGTPFNRAIKASNQVRKMLISIIKQRKIDLAEGKASPTQDILSHMLLTSDENGKFMHELDIADKILGLLIGGHDTASSACTFIVKFLGELPEIYEGVYKEQMEIANSKAPGEFLNWEDIQKMKYSWNVACEVLRLAPPLQGAFREALNDFMFHGFSIPKGWKIYWSVNSTHRNPECFPDPLKFDPSRFDGSGPAPYTFVPFGGGPRMCPGKEYARLEILVFMHNLVKRFKWEKIIPNEKIVVDPMPIPEKGLPVRLYPHINA
I7C6E8	C7A52_PANGI	reviewed	4.0	JX036032;	IPR001128;IPR017972;IPR002401;IPR036396;	PTHR24286;PTHR24286:SF349;	MELFYVPLLSLFVLFISLSFHFLFYKSKPSSSGGFPLPPGKTGWPIIGESYEFLSTGWKGYPEKFIFDRMTKYSSNVFKTSIFGEPAAVFCGAACNKFLFSNENKLVQAWWPDSVNKVFPSSTQTSSKEEAIKMRKMLPNFFKPEALQRYIGLMDQIAANHFESGWENKNEVVVFPLAKSYTFWIACKVFVSVEEPAQVAELLEPFSAIASGIISVPIDLPGTPFNSAIKSSKIVRRKLVGIIKQRKIDLGEGKASATQDILSHMLLTSDESGKFMGEGDIADKILGLLIGGHDTASSACTFVVKFLAELPQIYEGVYQEQMEIVKSKKAGELLKWEDIQKMKYSWNVACEVLRLAPPLQGAFREALSDFTYNGFSIPKGWKLYWSANSTHINSEVFPEPLKFDPSRFDGAGPPPFSFVPFGGGPRMCPGKEYARLEILVFMHHLVKRFKWEKVIPDEKIVVNPMPIPANGLPVRLFPHKA
I7CT85	C7A53_PANGI	reviewed	4.0	JX036031;	IPR001128;IPR017972;IPR002401;IPR036396;	PTHR24286:SF53;PTHR24286;	MDLFISSQLLLLLVFCLFLFWNFKPSSQNKLPPGKTGWPIIGETLEFISCGQKGNPEKFVTQRMNKYSPDVFTTSLAGEKMVVFCGASGNKFIFSNENKLVVSWWPPAISKILTATIPSVEKSKALRSLIVEFLKPEALHKFISVMDRTTRQHFEDKWNGSTEVKAFAMSESLTFELACWLLFSINDPVQVQKLSHLFEKVKAGLLSLPLNFPGTAFNRGIKAANLIRKELSVVIKQRRSDKLQTRKDLLSHVMLSNGEGEKFFSEMDIADVVLNLLIASHDTTSSAMGSVVYFLADHPHIYAKVLTEQMEIAKSKGAEELLSWEDIKRMKYSRNVINEAMRLVPPSQGGFKVVTSKFSYANFIIPKGWKIFWSVYSTHKDPKYFKNPEEFDPSRFEGDGPMPFTFIPFGGGPRMCPGSEFARLEVLIFMHHLVTNFKWEKVFPNEKIIYTPFPFPENGLPIRLSPCTL
O64698	C7102_ARATH	reviewed	4.0	AB233425;AC004077;AC004481;CP002685;AY074867;AY101543;AY085577;	IPR001128;IPR017972;IPR002401;IPR036396;	PTHR24286:SF228;PTHR24286;	MVFSVSIFASLAPYLVSALLLFFLIEQLSYLVKKRNLPGPLFVPPIIGNAISLVRDPTSFWFKQSDTAGTSPGLAANYLIGKFIIYIRDTELSHQIFSNVRLEAFHPLGHPFGKQLFGDHSLIYLFGEDHKTVRRHLAPNFTPKALSTYSDLQQIVMLRHLRQWEESFSGGTKPVSMRDLVRELNLETSQTVFVGPYLDKEARNTFCTDYNLFNLGSMALPINLPGFAFNKARRAVMNLEKTLSVCAGKSKKRMATGEEPTCLIDFWMHAFVTEIESGNPPPLHSEDEAIGGLLFDFLFAAQDASTSSLLWAVTFLESHPKVLSKVREEVAKIWSPQSGHLITADQLAEMKYTRAVAREVVRYRPPATMVPHIATNDFPLTESYTIPKGTIVFPSVFDASFQGFTEPNRFDPDRFSETRQEDQVFKRNYLAFGWGAHQCVGQRYALNHLVLFIAMFSSLFDFKRLQSDGCDDIIYCPTISPKDGCTVFLSKRIVTYPNL
Q0WQ07	C7051_ARATH	reviewed	4.0	Z97338;AL161541;CP002687;AK228903;	IPR001128;IPR017972;IPR002401;IPR036396;IPR051103;	PTHR24298:SF630;PTHR24298;	MDAIVVDSQNCFIIILLCSFSLISYFVFFKKPKVNFDLLPSPPSLPIIGHLHLLLSTLIHKSLQKLSSKYGPLLHLRIFNIPFILVSSDSLAYEIFRDHDVNVSSRGVGAIDESLAFGSSGFIQAPYGDYWKFMKKLIATKLLGPQPLVRSQDFRSEELERFYKRLFDKAMKKESVMIHKEASRFVNNSLYKMCTGRSFSVENNEVERIMELTADLGALSQKFFVSKMFRKLLEKLGISLFKTEIMVVSRRFSELVERILIEYEEKMDGHQGTQFMDALLAAYRDENTEYKITRSHIKSLLTEFFIGAADASSIAIQWAMADIINNREILEKLREEIDSVVGKTRLVQETDLPNLPYLQAVVKEGLRLHPPTPLVVREFQEGCEIGGFFVPKNTTLIVNSYAMMRDPDSWQDPDEFKPERFLASLSREEDKKEKILNFLPFGSGRRMCPGSNLGYIFVGTAIGMMVQCFDWEINGDKINMEEATGGFLITMAHPLTCTPIPLPRTQNSLISHL
Q2MJ11	Q2MJ11_MEDTR	unreviewed	2.0	DQ335790;CM001223;PSQE01000007;	IPR001128;IPR017972;IPR002401;IPR036396;	PTHR47944;PTHR47944:SF4;	MLEIQGYVVLFLLWFISSIFIRSLFKKSVCYKLPPGPPISFPILGHAPYLRSLLHKSLYKLSNRYGPLMHIMLGSQHVVVASTAESAKQILKTCEESFTNRPIMIASENLTYGAADYFFIPYGNYWRFLKKLCMTELLSGKTLEHFVHIREDEIKCFMGTLLEISKNGKPIEMRHELIRHTNNIISRMTMGKKSSGMNDEVGQLRKVVREIGELLGAFNLGDIIGFMRPLDLQGFGKRNKDTHHKMDVMMEKVLKEHEEARAKEGAGSDRKKDLFDILLNLIEADDGAESKLTRQSAKAFALDMFIAGTNGPASVLEWALAELIRNPHVFKKAREEIDSTVGKERLFKESDIPNLPYLQAVVKETLRMHPPTPIFAREATRSCQVDGYDVPAFSKIFINAWAIGRDPNYWDNPLVFNPERFLQSDDPSKSKIDVRGQYYQLLPFGSGRRSCPGSSLALLVIQATLASLIQCFDWVVNDGKSHDIDMSEVGRVTVFLAKPLKCKPVPHFVPFSSA
Q2MJ19	C7A68_MEDTR	reviewed	3.0	DQ335782;CM001218;	IPR001128;IPR017972;IPR002401;IPR036396;IPR050665;	PTHR24282:SF255;PTHR24282;	MELSWETKSAIILITVTFGLVYAWRVLNWMWLKPKKIEKLLREQGLQGNPYRLLLGDAKDYFVMQKKVQSKPMNLSDDIAPRVAPYIHHAVQTHGKKSFIWFGMKPWVILNEPEQIREVFNKMSEFPKVQYKFMKLITRGLVKLEGEKWSKHRRIINPAFHMEKLKIMTPTFLKSCNDLISNWEKMLSSNGSCEMDVWPSLQSLTSDVIARSSFGSSYEEGRKVFQLQIEQGELIMKNLMKSLIPLWRFLPTADHRKINENEKQIETTLKNIINKREKAIKAGEATENDLLGLLLESNHREIKEHGNVKNMGLSLEEVVGECRLFHVAGQETTSDLLVWTMVLLSRYPDWQERARKEVLEIFGNEKPDFDGLNKLKIMAMILYEVLRLYPPVTGVARKVENDIKLGDLTLYAGMEVYMPIVLIHHDCELWGDDAKIFNPERFSGGISKATNGRFSYFPFGAGPRICIGQNFSLLEAKMAMALILKNFSFELSQTYAHAPSVVLSVQPQHGAHVILRKIKT
Q5CCK3	C90B2_ORYSJ	reviewed	5.0	AB206579;AC104473;DP000009;AP008209;AP014959;AK243298;	IPR001128;IPR002401;IPR036396;	PTHR24286;PTHR24286:SF194;	MAAMMASITSELLFFLPFILLALLTFYTTTVAKCHGGHWWRGGTTPAKRKRMNLPPGAAGWPLVGETFGYLRAHPATSVGRFMEQHIARYGKIYRSSLFGERTVVSADAGLNRYILQNEGRLFECSYPRSIGGILGKWSMLVLVGDPHREMRAISLNFLSSVRLRAVLLPEVERHTLLVLRAWPPSSTFSAQHQAKKFTFNLMAKNIMSMDPGEEETERLRREYITFMKGVVSAPLNLPGTPYWKALKSRAAILGVIERKMEERVEKLSKEDASVEQDDLLGWALKQSNLSKEQILDLLLSLLFAGHETSSMALALAIFFLEGCPKAVQELREEHLGIARRQRLRGECKLSWEDYKEMVFTQCVINETLRLGNVVRFLHRKVIKDVHYKGYDIPSGWKILPVLAAVHLDSSLYEDPQRFNPWRWKSSGSSGGLAQSSSFMPYGGGTRLCAGSELAKLEMAVFLHHLVLNFRWELAEPDQAFVFPFVDFPKGLPIRVHRIAQDDEQE
Q673E9	Q673E9_SOLCH	unreviewed	2.0	AY552551;	IPR050529;IPR001128;IPR017972;IPR002403;IPR036396;	PTHR24304:SF2;PTHR24304;	MELGDNKILNVGLLLVATLLVAKLISALIMPRSKKRLPPVIKALPIVGGLIRFLKGPIVMLRQEYPKLGSVFTLNLLNKNITFFIGPEVSAHFFKAPETDLSQQEVYQFNVPTFGPGVVFDVDYTIRQEQFRFFTEALRVTKLKGYVDQMVTEAEEYFSKWGESGEVDLKYELEHLIILTASRCLLGEEVRNKLFDDVSALFHDLDNGMLPISVIFPYLPIPAHRRRDNARKKLAEIFANIINSRKRTGKAENDMLQCFIDSKYKDGRPTTEGEITGLLIAALFAGQHTSSITSTWTGSYLLTNNKYMSAVVDEQKNLMKKHGNKVDHDILSEMDVLYRCIKEALRLHPPLIMLLRSSHSDFSVTTREGKEYDIPKGHIVATSPAFANRLPHIFKNPESYDPDRFGPGREEDKAAGAFSYISFGGGRHGCLGEPFAYLQIKAIWSHLLRNFEFELISPFPEIDWNAMVVGVKGEVMVKYKRRKLSAE
Q9FH66	C71AG_ARATH	reviewed	4.0	AB022210;CP002688;BT026460;	IPR001128;IPR017972;IPR002401;IPR036396;IPR050193;	PTHR47956:SF4;PTHR47956;	MEMMILISLCLTTFLTILLFFKSLLKRPNSNLPPSPWRLPVIGNLHQLSLHPHRALSSLSARHGPLMLLRFGRVPVLIVSSADVAHDVMKTHDLKFANRPITKSAHKISNGGRDLVFAPYGEYWRNVKSLCTIHLLSNKMVQSSEKRREEEITLLMETLEEASLSSSSVNLSKLITNMVSDIMGKVVLGKKYSGEEGTIDVKTITKSFLDAVGLSPVGEYIPSLAWIGKITGSDGKLEKITKQFGDFIEKVLQEHEDTTADKETPDFVDMLLTIQRDETAQCQLDKSDLKVIIFEMFLGSTTTTSAVIEWAMTRLMRNPECLKKLQDEIRSVSKMNSYVSGKEVENMNYLKAVIKEVLRLHPPLPLLVPRLLSEDVKLKGYDITAGTQVIINAWAIQRDTATWGSDAQEFRPERHFDSTWDFVGRNFKYIPFGAGRRLCPGIGLGSVMASVTLANLVKRFDWRVEDGPSGYDKPDLVEGAGIDVCRKFPLVVFPSSA
Q9FMA5	C85A1_ARATH	reviewed	5.0	AB035868;AB009048;CP002688;CP002688;CP002688;CP002688;	IPR001128;IPR017972;IPR002403;IPR036396;	PTHR24286;PTHR24286:SF384;	MGAMMVMMGLLLIIVSLCSALLRWNQMRYTKNGLPPGTMGWPIFGETTEFLKQGPNFMRNQRLRYGSFFKSHLLGCPTLISMDSEVNRYILKNESKGLVPGYPQSMLDILGTCNMAAVHGSSHRLMRGSLLSLISSTMMRDHILPKVDHFMRSYLDQWNELEVIDIQDKTKHMAFLSSLTQIAGNLRKPFVEEFKTAFFKLVVGTLSVPIDLPGTNYRCGIQARNNIDRLLRELMQERRDSGETFTDMLGYLMKKEGNRYPLTDEEIRDQVVTILYSGYETVSTTSMMALKYLHDHPKALQELRAEHLAFRERKRQDEPLGLEDVKSMKFTRAVIYETSRLATIVNGVLRKTTRDLEINGYLIPKGWRIYVYTREINYDANLYEDPLIFNPWRWMKKSLESQNSCFVFGGGTRLCPGKELGIVEISSFLHYFVTRYRWEEIGGDELMVFPRVFAPKGFHLRISPY
W0FW87	W0FW87_BUPFA	unreviewed	2.0	KC963423;	IPR001128;IPR017972;IPR002403;IPR036396;	PTHR24286:SF271;PTHR24286;	MELSITLMLIFSTTIFFIFRNVYNHLISKHKNYPPGSMGLPYIGETLSFARYITKGVPEKFVIERQKKYSTTIFKTSLFGENMVVLGSAEGNKFIFGSEEKYLRVWFPSSVDKVFKKSHKRTSQEEAIRLRKNMVPFLKADLLRSYVPIMDTFMKQHVNSHWNCETLKACPVIKDFTFTLACKLFFSVDNPLELEKLIKLFVNIVNGLLTVPIDLPGTKFRGVIKSVKTIRHALKVLIRQRKVDIREKRATPTQDILSIMLAQAEDENYEMNDEDVANDFLAVLLASYDSANTTLTMIMKYLAEYPEMYDRVFREQMEVAKTKGKDELLNLDDLQKMNYTWNVACEVLRIATPTFGAFREVIADCTYEGYTIPKGWKLYYAPRFTHGSAKYFQDPEKFDPSRFEGDGAPPYTFVPFGGGLRMCPGYKYAKIIVLVFMHNIVTKFKWEKVNPNEKMTVGIVSAPSQGLPLRLHPHKSPS
