Entry	Entry Name	Reviewed	Annotation	EMBL	Organism (ID)	InterPro	PANTHER	Sequence
A0A023IZ17	A0A023IZ17_LOTJA	unreviewed	2	KF460438;	34305	IPR001128;IPR017972;IPR002401;IPR036396;IPR050193;	PTHR47956:SF107;PTHR47956;	MEDHFLSFPILLSLMVLLMFMILKRFKTTNTASNLPPGPWKLPIFGSIHHLIGSLPHHRLRELSKKYGPLMHLQLGETSAIVVSSSEIAKEVLKTHEITFAQRPRSLGAEITTYGFTDIAFSSYGDYWRQLRKICALELLSAKCVRSFHSIREEEVSNLIRYISMNTGSCVNLTDIVLSMTYSIVARAAFGDKCKDQEAYILFMKKSMRVAESFSVTNLFPSQRWLLVISGAMNKFKELHRTTDKVLEKIITEATAKSGGDGSLLSILLNLKDHGDPEFHLTINNIKAVLQDMFIAGSETSSTSLEWTFSEMLKNPRVMKRAQAEVRQVFGSRGYVEEMALEELKFLKAVIKETLRLHPPIPLFPRECGETCEIDGYTIPVGTQVIVNTWAIGRDLCWSEEEKFYPERFLDCPIDYKGSNFEFIPFGAGKRICPGILFALPNIVLPLAQLLYYFDWELPFGTSHEDFDMAEAFGTTVRRKNDLVVIPISYNPVSVE
A0A088LHH7	A0A088LHH7_PHAVU	unreviewed	2	KF906540;	3885	IPR001128;IPR017972;IPR002401;IPR036396;	PTHR47944;PTHR47944:SF4;	MLDIKGYLVLFFLWFISTVFIRSIFKRSQGMKLPPGPPISIPLLGNAPYLRAVLHQALYKLSLRYGPLIHITIGSKNVVVASSPETAKQILKTSEEAFCNRPLMIASESLTYGAADYFFIPYGTYWRFLKKLCMTELLSGRTLEHFVGIRESEVEAFLKRMLEISETGKEVVMRQELITHTNNIITRMIMGKKSNDANDFVAQLRKLVREVAELLGAFNLGDIIGFARPLDLQGYGKKNMETHQKVDTMLEMVLKEHEKARAKAAADSDRKKDLFDILLNLIEADGTDNKLTRQSAKAFALDMFIAGTNGPASVLEWSLAELVRNPHVLKKAREEIDSVVGKERVVKESDIPNLPYLQAVVKETLRMHPPTPIFAREAMRTCQVDGYDIPAHSTILISTWAIGRDPIYWDNALEYNPDRFLVSDEVGKGKIDVRGQYYQLLPFGSGRRSCPGASLALLVMQATLASLIQCFDWVVNDGKSHDIDMTEEGRVTVFLKKPLTCKPVPRFTPFAA
A0A088LHV2	A0A088LHV2_LENCU	unreviewed	2	KF906538;	3864	IPR001128;IPR017972;IPR002401;IPR036396;	PTHR47944;PTHR47944:SF4;	MSPIITKLKNSTMLEIQGYLVLFLLWFISTIFIRSLFKKSECYKLPPGPPISFPILGHAPYLRSLLHQALYKLSTRYGPLMHIMLGSQHVVVASSAESAKQILKTCEESFINRPIMIASESLTYGAADYFFIPYGNYWRFLKKLCMTELLSGKTLEHFVSIREDEVKCFLRNILEISKSGKPIEMRHELIRHTNNIISRMTMGKKSNGANDEVGELRKVIREIGELLGAFNLGDIIGFMRPFDLQGFGKKNNDTHHKMDAMMEKVLKEHEEVRAKEGEGSDRKKDLFDILLNLIEADGADSKLTRQSAKAFALDMFIAGTNGPASVLEWALAELIRNPQVFKKARDEIDTIVGKERLVKESDIPNLPYLQAVVKETLRLHPPTPIFAREAIRSCQVDGYDVPAYSKIFINAWAIGRDPNYWDNPSVYDPERFLQSDDPSKSKIDVRGQYYQLLPFGSGRRSCPGASLALIVIQATLASLVQCYDWEVNDGKSNEIDMKEVGRVTVFLAKPLKCKPISHFAPFSAA
A0A088LUP1	A0A088LUP1_CICAR	unreviewed	2	KF906536;	3827	IPR001128;IPR017972;IPR002401;IPR036396;	PTHR47944;PTHR47944:SF4;	MLEIQGYLVLFLLWFISTIFIKSIIFKKSVCYKLPPGPPISVPFLGHAPYLRSLLHQALYKLSIRYGPLMHIMLGSKHVIVASSAESAKNILKTYEESFCNRPIMIASESLTYGAADYFFIPYGNYWRFLKKLCMTELLSGKTLEHFVSIREDEIKAFLNTLLEISKSGKKIEMRQELIRHTNNIISRMTMGKKSNGMGDEVGKLRKLVREIGELLGAFNLGDIIEFMRPLDLQGFGKRNRNAHHNMDEMMEKVLKEHEEVRAKEGVDSDRKKDLFDILLNLIEADSKLTRESAKAFALDMFIAGTNGPASVLEWALAELIRNPQVFKKAREEIDSVVGKERLVKESDIPNLPYLQAVVKETLRLHPPTPIFAREAIRSCQVDGYDIPEHSKIFINAWAIGRDPNYWDNPLVYDPERFLLSDDPSKSKIDVRGQYYQLLPFGSGRRSCPGASLALLVIQATLASLVQCYDWVVNDGKSNEIDMSEVGRVTVFLAKPLKCKPVPHFVPFSA
A0A090ATL9	A0A090ATL9_LOTJA	unreviewed	2	AB706297;	34305	IPR001128;IPR017972;IPR002401;IPR036396;	PTHR24286;PTHR24286:SF349;	MDHYFYLTLLLLFVSSISLSLFSLFYKHRSPFTAPNLPPGRMGFPVIGESLEFLSTGWNGHPEKFIFDRMTKYCSHIFKTSIVGEPAVVFCGPACNKFLFSNENKLVTAWWPNSVNKVFPSSLQTSSKEESKKMRKMLPQFLKPQALQRYVGIMDDIAQRHFESHWENKTEVTVYPLTKRYTFLLASRLFMSIEDDTHVAKLRDTFHLLASGIISVPVDLPGTPFRKAINASNVIRKELLKIIRQRKVDLNEGKASPTQDILSHMLLTCNESGQFMNELDIADKILGLLIGGHDTASATCTFIVKYLAELPHIYDKVYHEQMEIAKLKSPGELLNWDDVNKMRYSWNVACEVMRVAPPLQGGFREALHDFMFNGFSIPKGWKLYWSANSTHKSPEYFPEPEKFDPTRFEGEGPAPYTFVPFGGGPRMCPGKEYARLEILVFMHNLVKRFKWEKLIPDERIIVDPLPIPAKDLPVRLFPHKS
A0A097IYP1	A0A097IYP1_CUCSA	unreviewed	2	KM655856;CM002927;	3659	IPR001128;IPR017972;IPR002401;IPR036396;IPR050651;	PTHR47947;PTHR47947:SF53;	MEDSILQYSAFSILSIAVVVLAIIKYLLKFNSNKNLPPSPPSIPIIGHLHLLKLPVHRTLQTLSQKYGPVLSLRFGSRSVVVVTSLEAAEECFIKNDIIFANRPNFAVSHCLSYNETTLGAAPYGDHWRKLRRVSTLEILCSSRLNANYEIRRDEVRRAMKKIYEVSRDGFGKVEFKPLVKELTMNVTMRMVAGKRYFGEEAAKSSEARTFQAIVHELFEFTLSSYPADFLPILKYIDIQGFMKRAKKLITRVDAFWQGLIDEHRRGEISNEEMKNCMVAHFLKLQETQPDYYTDDIIKGLILTMILGGSDTTAVTIEWAMSNLLNHPSVLKKARAEIESQLGGDKLIEETDLSKLNYLRYIILETLRLYPAGPLLLPHKSSADCRISGYDIPRDTMLLVNAWAIHRDPVLWEDPTSFKPERFENNNGEGDGNNKLMIAFGLGRRACPGTGMANRVMGLMLGTLIQCFDWKSIDGKEVDMNEGKGVSMPKAQPLEALCKAREIATKLL
A0A0A0LQP6	A0A0A0LQP6_CUCSA	unreviewed	2	KM655862;CM002922;	3659	IPR001128;IPR017972;IPR002403;IPR036396;	PTHR24286;PTHR24286:SF305;	MWTILLGLATLAIAYYIHWVNKWKDSKFNGVLPPGTMGLPLIGETIQLSRPSDSLDVHPFIQRKVKRYGPIFKTCLAGRPVVVSTDAEFNHYIMLQEGRAVEMWYLDTLSKFFGLDTEWLKALGLIHKYIRSITLNHFGAESLRERFLPRIEESARETLHYWSTQTSVEVKESAAAMVFRTSIVKMFSEDSSKLLTEGLTKKFTGLLGGFLTLPLNLPGTTYHKCIKDMKQIQKKLKDILEERLAKGVKIDEDFLGQAIKDKESQQFISEEFIIQLLFSISFASFESISTTLTLILNFLADHPDVVKELEAEHEAIRKARADPDGPITWEEYKSMNFTLNVICETLRLGSVTPALLRKTTKEIQIKGYTIPEGWTVMLVTASRHRDPEVYKDPDTFNPWRWKELDSITIQKNFMPFGGGLRHCAGAEYSKVYLCTFLHILFTKYRWRKLKGGKIARAHILRFEDGLYVNFTPKE
A0A0B4L1W4	A0A0B4L1W4_ARTAN	unreviewed	2	KF309251;PKPP01015219;	35608	IPR001128;IPR017972;IPR002401;IPR036396;	PTHR24286;PTHR24286:SF349;	MVDLILIYSIFLYLIVVLVPLSLYFVFYKSKPVVDRKLPPGQTGWPVIGETLEFLTNGWKGHPEKFIFDRMARFSPHVFKTSLMLEDAAVFCGSAGNKFLFSNENKLVKAWWPASVEKILPSAKETTNQRKMLSRSFRPESLRQYVPVMDMMAQRHFKTEWDGMDQIVTHEVTQNFTFSLACKIFVSIEDPEEVKHLSGPFEKFAPGIFSIPIDLPWTPLRRAIHAGNFIRKEIIAIIKQRKIDLADGKASPTQDILSQMLCDEESQNIAEADIADVIIGLLIGGHDNASSTCAFIVKFLADLPEIYEGVLKEQLEIAKSKAPGELLNWEDLSKMKYSWNVACEVLRLAPPLQGSFREAMTDFVYNGYSIPKGWKLYWSALSTHKNPEVFTEPQKLDPSRFDGKGPAPYTFVPFGGGPHMCPGREYARLEILVFMHHLVIKYKWEKVIPNEQIIVNPMPKLAKGLPLRLYPRYA
A0A0B4L1W8	C7A75_MAELA	reviewed	3	KF318733;	992730	IPR001128;IPR017972;IPR002401;IPR036396;	PTHR24286;PTHR24286:SF349;	MELLFVSLLSLFLLILLPLSLLFLFPSSFSTTTTEANKNSANLPPGLTGWPVVGESFQFLAAGWRGNPEKFIFDRIAKYSSYVYKTNLMLERTAVFCGAPAHKFLFSNENKLVQSWWPSSVNKIFPSSNQTSSKEEAMKMRKMLPNFFKPEALQGYIGIMDTIAQRHFAADWDNKDYIVVFPLCKRYTFWLACKIFMSIEDPKDVDRFLARFNLVAEGLLSIPIDLPGTPFHHSIKAAEFIREHLVAIIKQRKIDLAEGKASPTQDIMSYMLLTPDEDGKFMKEYDIADKILGLLVGGHDTASSACAFIVKYLAELPQVYQGVYKEQMEIAKSKGPGELLNWDDIQKMKYSWNVACEVLRLAPPLQGAFRDVLKDFMYEGFYIPKGWKVYWSAHSTHKNPEYFPEPYKFDPSRFDGSGPAPYTFVPFGGGPRMCPGKEYARLEILVFMHNLVKRFRWEKLIPDEKIVVNPMPVPEKGLPIRLFSYDA
A0A0R0IXC2	A0A0R0IXC2_SOYBN	unreviewed	2	CM000841;	3847	IPR001128;IPR017972;IPR002401;IPR036396;	PTHR47944;PTHR47944:SF4;	MLDIKGYLVLFFLWFISTILIRSIFKKPQRLRLPPGPPISIPLLGHAPYLRSLLHQALYKLSLRYGPLIHVMIGSKHVVVASSAETAKQILKTSEEAFCNRPLMIASESLTYGAADYFFIPYGTYWRFLKKLCMTELLSGKTLEHFVRIRESEVEAFLKRMMEISGNGNYEVVMRKELITHTNNIITRMIMGKKSNAENDEVARLRKVVREVGELLGAFNLGDVIGFMRPLDLQGFGKKNMETHHKVDAMMEKVLREHEEARAKEDADSDRKKDLFDILLNLIEADGADNKLTRESAKAFALDMFIAGTNGPASVLEWSLAELVRNPHVFKKAREEIESVVGKERLVKESDIPNLPYLQAVLKETLRLHPPTPIFAREAMRTCQVEGYDIPENSTILISTWAIGRDPNYWDDALEYKPERFLFSDDPGKSKIDVRGQYYQLLPFGSGRRSCPGASLALLVMQATLASLIQCFDWIVNDGKNHHVDMSEEGRVTVFLAKPLKCKPVPRFTPFAA
A0A0S2IHL2	C7A39_KALSE	reviewed	3	KT150517;	228393	IPR001128;IPR017972;IPR002401;IPR036396;IPR050665;	PTHR24282:SF255;PTHR24282;	MDGVVVTYTKIAAAVAVAVVVVGWAWKVLNWVWVSPRKLEESLRKQGFRGNSYRLFYGDLKESSEMTRKAKLKPINLSDDPVLRVRPFIHQTVKKYGKSSFIWIGPTPRVQIMDPEIIKEIMVKSYKFNKPKRNPLVKLFADGLANHEGELWAKHRKLLNPAFHLERLKCMLPAMYFSCIEMVSKWDKMISKDGSRELDVWPFLQRLTSDVISHTAFGSSYEEGNIVFELQTEQAELVMKTLQSVYIPGWSYLPTKRNRKMKEIDRKTQSCLMNIINKKTKAMQAGEGSTDDILGILLESNLKEQLGQGKKNVGMSIQEVMGECKQFYFAGQETTSGLLVWTMVLLSIHPNWQARAREEVLQQFGNAKPDFDNLNHLKIVTMILYEVLRLYPPVDTLFRRVDQETTLGDITLPAGVQISLPIMILHHDQNIWGDDAKEFNPERFSEGVSKATKNQVVFFPFGWGPRICIGQNFALLEAKLALAIILQRFSFELSPSYTHAPTTVLTVQPQHGANLILHKL
A0A0S2II38	C7A94_KALSE	reviewed	3	KT150521;	228393	IPR001128;IPR017972;IPR002401;IPR036396;	PTHR24286;PTHR24286:SF349;	MQLFYVPLLSLFVLFVSLSFYFLFYKSKSGSTSGLPLPPGKTGWPVIGESFEFLSTGWKGYPEKFIFDRLAKYSSNVFKTSLFGQPAAAFCGAACNKFLFSNENKLVQAWWPDSVNKVFPSSTQTSSKEEAIKMRKLLPNFLKPEALQRYVGVMDQIATKHFKSGWENKKEVLVFPLAKNYTFWIACKVFVSVEEPTQVAKLLEPFNAIASGIISVPIDLPGTPFNSAIKSSKIVRDKLMGIIKQRKTDLGEGKASPTQDILSHMLLTSDENGKFMTEGDIADKILGLLIGGHDTASSACTFVVKFLAELPEIYEGVYKEQMEIAKSKKAGELLNWEDIQKMKYSWNVACEVLRLAPPLQGAFREALTDFSYNGFSIPKGWKLYWSANSTHRNSEVFPEPLKFDPSRFEGAGPPPYSFVPFGGGPRMCPGKEYARLEILVFMHHVVKRFKWEKVIPDEKIVVNPMPIPAKGLPVRLFPHKA
A0A0U2TQ31	A0A0U2TQ31_BARVU	unreviewed	2	KP795926;	767412	IPR001128;IPR017972;IPR002401;IPR036396;	PTHR24286;PTHR24286:SF349;	MYLTILFLFVSSILLSLMFLLRKHLSHFSYQNLPPGKTGFPLIGESLSFLSEGSQGHPEKFITDRVRRFISSSSGVFKTHLFGSPTAVMTGASGNKFLFTNENKLVVSWWPDSVKKIFPYTQSTYTEESKKLRILLLQFMKPEALRKYIGVMDEVTQRHFETEWTNKKQLIVYPLSKKLTFSIACRLFLSMDDPERVSKLEERFNSVVMGIYSIPIDLPGTRFNRSIKASRLIRKEVCAIIGQRREELKAGRASAEQDVLSHMLTSVGETKDEDLANYLIGILIGGHDTAAIATTFIISYLAEYPHVYQRVLQEQKEILNEKKEKERLKWEDIEKMKYSWNVACEVMRLVPPLTGTFREAIDHFTFKGFYIPKGWKLYWSATATHMNPDYFPEPERFEPNRFEGSGPKPYTYIPFGGGPRMCPGREFARLEILVIIHNLVNRFKWEKVSPNENKIVVDPLPKPGNGLPIRIFPHF
A0A161ABB0	A0A161ABB0_OCIBA	unreviewed	2	JQ958968;	39350	IPR001128;IPR017972;IPR002401;IPR036396;	PTHR24286;PTHR24286:SF349;	MDVFYVSLFCLFVSFVLLSLHLLFYKNKPGPALPPGKTGWPVIGESLEFLSTGWKGHPEKFILDRMAKFSSVVFRTHLLGEKAAVFCGAAGNKFLFSNENKLVQAWWPSSVDKIFPSSTQTSSKEEAIKMRKMLPNFFKPEALQRYVGIMDHIAQRHFADGWDNKEEVVVFPLAKNFTFWLACRLFVSIEDPDQVDKFAEPFNLLAAGLISIPIDLPGTPFNKGIKASNRVRKELVSIIKQRKIDLAEGKASPTQDILSHMLLTGDENGKFMQELDIADKILGLLIGGHDTASSACTFIVKYLAELPQVYERVYNEQMEIAKTKAPGELLNWEDLQKMKYSWNVACEVLRLASPLQGAFREAITDFVYNGFSIPKGWKLYWSANSTHKNPEFFPEPMKFDPSRFEGSGPAPYTFVPFGGGPRMCPGKEYARLEILVFMHHLVKRFRWEKMIPDEKIVVDPMPMPAKGLPVRLFPHKF
A0A161ABI1	A0A161ABI1_OCIBA	unreviewed	2	JQ958967;	39350	IPR001128;IPR017972;IPR002401;IPR036396;	PTHR24286;PTHR24286:SF349;	MEFFYASLLCLFVSFVFLLLHLLFYKTKPRSGSLPPGKTGWPVLGESLEFLPTGWKGHPEKFIFDRMAKYSSQIFRTHLLGEPAAVLCGSAGNKFLFSNENKLVQAWWPSSVDKIFPNVNPTSSKEEAIKMRKMLPQFMKPEALHRYVGIMDHIARRHFADGWENKEEVVVFPLAKNYTFWLAMRLFVSVEDPAMVEKFAAPFNLLAAGLISIPIDLPGTPFNKGIKASAYIRKELGEIIKQRKADLAEGKASPTQDILSHMLLTANEDGKFMHELDIANKILGLLIGGHDTASSACTFIVKYLAELPEVYDAVYREQVEIAKTKAPGEMLNWEDLQKMKYSWNVACEVLRLAPPLQGAFREAIADFSFNGFSVPKGWKLYWSANSTHKNAEFFPEPQKFDPSRFEGSGPAPYTFVPFGGGPRMCPGKEYARLEILVFMHHLVNKFKWEKIIPDEKIVVDPMPIPAKGLPIRLYPRTA
A0A178U980	A0A178U980_ARATH	unreviewed	2	LUHQ01000005;	3702	IPR001128;IPR017972;IPR002403;IPR036396;	PTHR24286;PTHR24286:SF305;	MSFVWSAAVWVIAVAAVVISKWLYRWSNPKCNGKLPPGSMGLPIIGETCDFFEPHGLYEISPFVKKRMLKYGPLFRTNIFGSNTVVLTEPDIIFEVFRQENKSFVFSYPEAFVKPFGKENVFLKHGNIHKHVKQISLQHLGSEALKKKMIGEIDRVTYEHLRSKANQGSFDAKEAVESVIMAHLTPKIISNLKPETQATLVDNIMALGSEWFQSPLKLTTLISIYKVFIARRYALQVIKDVFTRRKASREMCGDFLDTMVEEGEKEDVIFNEESAINLIFAILVVAKESTSSVTSLAIKFLAENHKALAELKREHAAILQNRNGKGAGVSWEEYRHQMTFTNMVINETLRMANMAPIMYRKAVNDVEIKGYTIPAGWIVAVIPPAVHFNDAIYENPLEFNPWRWEGKELRSGSKTFMVFGGGVRQCVGAEFARLQISIFIHHLVTTYDFSLAQESEFIRAPLPYFPKGLPIKISQSL
A0A178UGC2	A0A178UGC2_ARATH	unreviewed	1	LR881470;LUHQ01000005;	3702	IPR001128;IPR017972;IPR002401;IPR036396;IPR051103;	PTHR24298:SF827;PTHR24298;	MASMITVDFENCFIFLLLCLFSRLSYDLFFRKTKDSRAGCALPPSPPSLPIIGHLHLILFVPIHQSFKNISSKYGPLLHLRFFNFPIVLVSSASTAYEIFKAQDVNVSSRPPPPIEESLILGSSSFINTPYGDYSKFMKKFMVQKLLGPQALQRSRNIRADELERFYKTLLDKAMKKQTVEIRNEAMKLTNNTICKMIMGRSCSEENGEAETVRGLVTESIFLTKKHFLGAMFHKPLKKLGISLFAKELMNVSNRFDELLEKILVEHEEKLQEHHQTSDMLDMLLEAYGDENAEYKITRDQIKSLFVDLFSAGTEASANTIQWTMAEIIKNPKICERLREEIDSVVGKTRLVQETDLPNLPYLQAIVKEGLRLHPPGPVVRTFKETCEIKGFYIPEKTRLFVNVYAIMRDPDFWEDPEEFKPERFLASSRLGEEDEKREDMLKYIPFGSGRRACPGSHLAYTVVGSVIGMMVQHFDWIIKGEKINMKEGGTMTLTMAHPLKCTPVPRNLNT
A0A178UQC4	A0A178UQC4_ARATH	unreviewed	2	LUHQ01000005;CACRSJ010000110;	3702	IPR001128;IPR017972;IPR002401;IPR036396;	PTHR24286;PTHR24286:SF44;	MAFTAFLLLLSSIAAGFLLLLRRTRYRRMGLPPGSLGLPLIGETFQLIGAYKTENPEPFIDERVARYGSVFMTHLFGEPTIFSADPETNRFVLQNEGKLFECSYPASICNLLGKHSLLLMKGSLHKRMHSLTMSFANSSIIKDHLMLDIDRLVRFNLDSWSSRVLLMEEAKKITFELTVKQLMSFDPGEWSESLRKEYLLVIEGFFSLPLPLFSTTYRKAIQARRKVAEALTVVVMKRREEEEEGAERKKDMLAALLAADDGFSDEEIVDFLVALLVAGYETTSTIMTLAVKFLTETPLALAQLKEEHEKIRAMKSDSYSLEWSDYKSMPFTQCVVNETLRVANIIGGVFRRAMTDVEIKGYKIPKGWKVFSSFRAVHLDPNHFKDARTFNPWRWQSNSVTTGPSNVFTPFGGGPRLCPGYELARVALSVFLHRLVTGFSWVPAEQDKLVFFPTTRTQKRYPIFVKRRDFAT
A0A178VRK5	A0A178VRK5_ARATH	unreviewed	2	CACSHJ010000088;LUHQ01000002;CACRSJ010000105;	3702	IPR001128;IPR017972;IPR002401;IPR036396;	PTHR24286:SF228;PTHR24286;	MVFSVSIFASLAPYLISAFLLFLLVEQLSYLFKKRNIPGPFFVPPIIGNAVALVRDPTSFWDKQSSTANISGLSANYLIGKFIVYIRDTELSHQIFSNVRPDAFHLIGHPFGKKLFGDHNLIYMFGEDHKSVRRQLAPNFTPKALSTYSALQQLVILRHLRQWEGSTSGGSRPVSLRQLVRELNLETSQTVFVGPYLDKEAKNRFRTDYNLFNLGSMALPIDLPGFAFGEARRAVKRLGETLGICAGKSKARMAAGEEPACLIDFWMQAIVAENPQPPHSGDEEIGGLLFDFLFAAQDASTSSLLWAVTLLDSEPEVLNRVREEVAKIWSPESNALITVDQLAEMKYTRSVAREVIRYRPPATMVPHVAAIDFPLTETYTIPKGTIVFPSVFDSSFQGFTEPDRFDPDRFSETRQEDQVFKRNFLAFGWGPHQCVGQRYALNHLVLFIAMFSSLLDFKRLRSDGCDEIVYCPTISPKDGCTVFLSRRVAKYPNFS
A0A1B2AS18	A0A1B2AS18_CHEQI	unreviewed	2	KX343076;	63459	IPR001128;IPR017972;IPR002401;IPR036396;	PTHR24286;PTHR24286:SF349;	MELFFLCSIALVFFLSLPFLYLFYRHNSTRGYKLPPGSMGWPVVGESLEFFSTGWKGYPEKFIFDRLKKYKPSQVFKTSIFGEQVAILCGATGNKFLYSNENKLVQAWWPKSVDKIFPAATQHSSIEEARTMRKLIPLFLKPESLQRYIPIMDTIATRHMESGWEGKDKVEVFPLAKRYTFWVACRLFLSIEDPVHVAKFADPFNEIAAGIISIPIDLPGTPFHKGIKSSEIVRKELRAIIKQRKLDFADGKASPTQDILSHMLLTSTEDGKFMNEMDIANKILGLLIGGHDTASASCTFIVKFLAELPHIYEGVYKEQMEIANSKKPGELLNWEDIQKMKYSWNVACEVMRLAPPLQGGFREAISDFMYNGFQIPKGWKLYWSANTTHLNPECFPEPQKFDPSRFDGSGPAPYTFVPFGGGPRMCPGKEYARLEILVFMYHIVKRFKWEKVLPNEKVIVNPMPIPEHGLPVRLFPHPQTAVA
A0A1I9Q5Y4	A0A1I9Q5Y4_CENAS	unreviewed	2	KU878849;	48106	IPR001128;IPR017972;IPR002401;IPR036396;	PTHR24286;PTHR24286:SF349;	MELFFVPLFSSLVLFVFFCFLLLFYKNNKWRSSGAPLPPGQTGWPFIGESYEFLSTGWKGYPEKFIFDRIAKHSSNVFKTSILGEHAAVFCGAACNKFLFSNENKLVQAWWPDSVNKVFPSSTQTSSKEEAIKMRKMLPNFLKPDALQRYVGTMDSIARRHFESGWDNKNEIVVFPLAKTYTFWIACKLFVSVEEPSQVAKLLEPFSAIASGIISVPIDLPGTPFNSAIKSSKRIREMLWKIIKQRKIDLAEGKASPTQDILSHMLLTSDENGKFMSELDIADKILGLLIGGHDTASSACTFVVKFLAELPEIYDGVYKEQMEIVKSKGPGELLNWDDIQKMKYSWNVACEVLRLAPPLQGGFREVLTDFSYNGFSIPKGWKIYWTANSTHRNSEVFPEPLKFDPSRFEGTGPPPFTFVPFGGGPRMCPGKEYARLEILVFIHNLVKRYKWEKIIPDEKIIVNPMPIPAKGLPIRLFPHKA
A0A1I9Q5Y6	A0A1I9Q5Y6_CENAS	unreviewed	2	KU878851;	48106	IPR001128;IPR017972;IPR002401;IPR036396;	PTHR24286;PTHR24286:SF347;	MSLFSDVVLLVIFPIILSLFFYRKLKSSSSKTVNTPPGSSGWPIVGESIKFGSAGPQKFIKERMEKYSPDVFHTSLLGEKLAVFCGAQGNKFVFTNETTVLTSWWPQAMKKALISPELSENEAKEIRKSQKGFLPDILKPEALKQYIPVMDAMARDHVASEWTPRYVVKVSPLAMKYTFGLACRLFMNVVEPDRIDKLTKHFTRVITGFMAVPIDLPGTAYNSAINGGKLVRAELLNIISARREEIRENKETIGRDFLSKMLLVTDEDGEFMTEKEICNNIIGLLVASYETTSTAVTFVLKHLAEYPHIYDKVYEEQMEIKKSKKPGDLLCWEDVQKMKYTWNVACESLRLAPPGQGAFREAATDFTYAGFTIPKGWKVFWTVHTSHRDPKYFPDPDKFDPSRFEGSGPAPYSYVPFGGGPRMCPGKEYARLEILVFIYNVVTNFKLEKLSPNEKVLFRSSLVLTEGLPVRLVPHKN
A0A1I9Q5Y7	A0A1I9Q5Y7_CENAS	unreviewed	2	KU878852;MF120283;	48106	IPR001128;IPR017972;IPR002401;IPR036396;	PTHR24286:SF88;PTHR24286;	MDLFLPLVFLSVILIVLIFKPRSDGDKKLPPGSFGWPIMGETIEFLFGHPKEFVDKRMKKYSPDIFKSNILGEKTAIICGPEGHKFLFSNEEKFFTVFRPHPIQRLFRSYNNKSAPDPPPSGAGSKDDVKSIKQPGFFKPEALSRFIGVIEATIQQHLRAHWEGKDTVEAYPLSKSLTLTLSCRFFLGIDNPERIARLVHMFDDITLGMHSIISNVPGTVFYRAKNAAAAVRKELLCVIKEKKQEMAAGKKAQDVLSHMISFSDPSTGKFMPELEVADKMMGLITAGYSTVATSMAFLMKFVGESPAIYNKIRAEQIELAESKNPGEPLTWVDIQKLKYSWQAMCETMRLVPPLQGTFREVINEFTYAGYTVPKGWKVYWTVSTVHMNPKYFPNPEKFDPSRYEEGKISTPYTYVPFGGGPRMCPGKEYARIAVLTFLHHVVRKYKWEVLFPDEKVIGDMMPAPEKGLPIRLHPH
A0A1I9Q5Z0	C7A14_PLAGD	reviewed	3	KU878855;LC209200;	94286	IPR001128;IPR017972;IPR002401;IPR036396;	PTHR24286:SF366;PTHR24286;	MDSLFIIISLVIVILTTIFILSNLLSKKTILLPGKTGLPLIGESIDYFNKLRTGINEKFVMERKLKYASDVFKTSILGENMAFLTGPEGNKFLFSNENKLVQVWWPSSVDSIIKKSHNKSAQAESAKVRVLLPPFLRAHAIKHYVSTMDSELRQHVADFWVGRDEVEVCPLVRKYTFALAVRLFLSVRDPGELEALARPFEEAAGGIIAIPINFPGTRFNRGIKASQRIRKVIGGIIEQRRKDLSEGKATPSQDLLSHMIVEVDRRNAENPDIAPATDSDISSDILGLLIGGYDTINTTIVFVMMTLVEYPDVYDQVLKEQREIAASKAPGELLNWDDLGKMKYSWNVACEVLRLRPPTVGAFRVAKTDFNYGGYTIPKGWKLHYIPHFTQKNPDYFPNPEKFDPSRFAGDGPAPYTFVPFGGGPRMCPGNEYARAEILVFMHNIILRYNWEKLIPNEKVVIDPLPRPSQGLPIRLIPHKA
A0A1I9Q601	A0A1I9Q601_AQUCA	unreviewed	2	KU878866;	218851	IPR001128;IPR017972;IPR002401;IPR036396;	PTHR24286:SF371;PTHR24286;	MEVISFSMLIILLFALFLISLPLLLFLIQNKSHSSKNTTMFPHGNMGWPIIGETLEFLKLGRKGIPEKFINDRMQKFSSKVFKTSLFGETMVVLCGPEGNKFLFSNENTLVKGWVPGSIRKIIPSAGNVSTNEGAIKMRKKLQTSFKLETLQKFIGKMDLAAKEHLTTHWDNKKEVLVFPLAKNYGFSLVCQLFMSLDDHVEAAKFYDHFAVLLAGLISIPIDLPGTSLHKAIGASNILRKYIAEIVRQRKLDIAERVESVPQDILSHMLLTSDENGQFLNDMEIADRIVGLLVAGHDTVSAAITFIVKYLAELPHIYEEVQNEQREILRSKPKGELLNWEDISRMKYSWNVAREAMRLASPAQGFFREAITNFTYAGFSIQKGWKIYWSTYSTHKDPNYFPNPETFDPSRFEGNGPAPYTYIPFGGGPHMCPGNVYARLVILVFMHNVVTRFKWEKIFADERIIIDPLPKPAKGLPIRLQPQCT
A0A1L3HEE9	A0A1L3HEE9_AQUCA	unreviewed	2	KY047600;	218851	IPR001128;IPR017972;IPR002401;IPR036396;	PTHR24286:SF371;PTHR24286;	MGINRLNLSTLLLYKYTTMELIFSMFFLLVVLFLSTLLFFFNRSKRESCRSSLKLPPGQWGWPIIGESLEYLNSGLRGVPEKFVQERMKKFSTAIFKTSLLMEPTAVVCGPGGNKLLFANEDKLVTTWFPSTINKIFPTTAVSTGSEEGKIVRKMFEGVINPGTLQMYAAKMDFIAKQHFKIYWDNNTDVKVSPLAKMYTITVACKLFVNVDDPVQVAKFSRLFTILAAGFVSMPIDLPGTPLNKAIKAANDIRNDLYEIIRQRKVDLAENKESVPQDILTHILLQNGEYAPLYVADKLLGLLMGGYNTVTSVITFIVKYLAELPHIYDEVLNEQMEILKTKKEGELLNREDIQKMRYSWNVACEVMRLTPPFQGAFREALTDFSYAGFSIPKGWKLYWSTYSTHINANYFPNPKTFDPSRFEGIGPAPYTYVPFGGGPRMCPGKDYSRLVILVFMHNIITKFKWNAVLSDEKIIVDPVPMPAKGFPIQLQPQCP
A0A1L7NXK5	A0A1L7NXK5_GLYUR	unreviewed	2	LC157867;	74613	IPR001128;IPR017972;IPR002401;IPR036396;	PTHR24286;PTHR24286:SF349;	MEHFYMSLLLLFVTLVSLSLFFLIFYYNKHNMNNNNNLPPGKMGYPVIGESLEFLSTGWKGHPEKFIFDRMVRYSSELIKTSILGVPTVIFCGPACNKFLFSNENKLVTGWWPDSVNKIFPTTSNSKEESKKMRKLLPQFLKPEALQRYVGIMDTLAQKHFASLWEEKTHVTVYPLAKRYTFMLACRLFMSVEDENHVAKFREPFHLLASGIISVPIDLPWTPFNRGIKASNFIRKELLKIIRQRKVDLAQGVASPTQDILSHMLLTCDDENGEFMTELNIADKILGLLIGGHDTASAACTFIVKYLAELPHIYDRVYQEQMEIANSKSPGELLNWDDINKMRYSWNVASEVMRVAPPLQGGFREAINDFVFNGFSIPKGWKLYWSANSTHKNPEYFPAPEKFDPTRFEGNGPAPYTFVPFGGGPRMCPGKEYARLEILVFMHNLVKRFKWEMLIPEEKIVVDPLPMPANDLPIRLYPHDT
A0A1P8W705	A0A1P8W705_9APIA	unreviewed	2	KX354739;	82096	IPR001128;IPR017972;IPR002401;IPR036396;	PTHR24286;PTHR24286:SF349;	MQLFYVPLLSLFVLLVSLSFYFLFYKSKSGSPGALPLPPGKTGWPVIGESFEFLSTGWKGHPEKFIFDRLAKYSSNVFRTSLLGQPAAVFCGAACNKFLFSNENKLVQAWWPDSVNKVFPSSTQTSSKEEAIKMRKLLPNFLKPEALQRYVGIMDQIAKKHFESGWENKKEVSVFPLAKNYTFWIACKVFLSVEEPTQVAKLLEPFNAIASGIISVPIDLPGTPFNSAIKSSKIIRDKLLGIIKQRKIDLGEGKASPTQDILSHMLLTSDENGKFMTEGDIADKILGLLIGGHDTASSACTFVVKFLAELPEIYEGVYKEQMEIAKSKKPGELLSWEDIQKMKYSWNVACEVLRLAPPLQGAFREVLTDFSYNGFSIPKGWKLYWSANSTHRNSEVFPEPLKFDPSRFEGAGPPPYSFVPFGGGPRMCPGKEYARLEILVFMYHVVKRFKWEKVIPDEKIVVNPMPIPASGLPVRLFPHKA
A0A396GTM4	A0A396GTM4_MEDTR	unreviewed	2	PSQE01000008;	3880	IPR001128;IPR017972;IPR002401;IPR036396;	PTHR24286;PTHR24286:SF349;	MEPNFYLSLLLLFVTFISLSLFFIFYKQKSPLNLPPGKMGYPIIGESLEFLSTGWKGHPEKFIFDRMRKYSSELFKTSIVGESTVVCCGAASNKFLFSNENKLVTAWWPDSVNKIFPTTSLDSNLKEESIKMRKLLPQFFKPEALQRYVGVMDVIAQRHFVTHWDNKNEITVYPLAKRYTFLLACRLFMSVEDENHVAKFSDPFQLIAAGIISLPIDLPGTPFNKAIKASNFIRKELIKIIKQRRVDLAEGTASPTQDILSHMLLTSDENGKSMNELNIADKILGLLIGGHDTASVACTFLVKYLGELPHIYDKVYQEQMEIAKSKPAGELLNWDDLKKMKYSWNVACEVMRLSPPLQGGFREAITDFMFNGFSIPKGWKLYWSANSTHKNAECFPMPEKFDPTRFEGNGPAPYTFVPFGGGPRMCPGKEYARLEILVFMHNLVKRFKWEKVIPDEKIIVDPFPIPAKDLPIRLYPHKA
A0A396J7L6	A0A396J7L6_MEDTR	unreviewed	2	PSQE01000002;	3880	IPR001128;IPR017972;IPR002401;IPR036396;IPR050665;	PTHR24282:SF255;PTHR24282;	MEASLAIYYGIILITVTLGLVYTWRVLNWIWLKPKRLEKLLREQGCNGNSYRLVLGDLKDSYKMGKKAKSKPMELSDDIIPRVIPYIQQLVQIYGKNPFIWSGTTPRLILTEPELIKDVLNRTSELQKPKYEIFKFLFSGLIIHEGEKWRKHRRLMNAAFQLEKLKIMAPSFLTSCIDMISKWESTLSSDGSGEIDIWPSLQNLTSDVISRNAFGSSYEEGKRIFDLQREQGELVMKNLVKSLIPLWRFIPTATQRRMHEIEKDIDSSLRYIINKREKAMKAGEATENDLLGLLLESNHQEIRDHGNNKNMGMSLEDVVGECKLFYLAGQESTSTMLVWTMILLSRYPDWQERAREEVLQIFGNKKPDYEGLNKLKILPMILYEVLRLYPPAFGVTRYVGKDIKFGNMEVPAGVEVFLPIILLQHNNELWGDDAKMFNPERFAEGISKATNGRFIYFPFGGGPRVCMGQNFSLLEAKMAVSMILQNFYFELSPTYAHTPNLVMTIQPEKGAHVILRKVKA
A0A3B6MJD7	A0A3B6MJD7_WHEAT	unreviewed	2	CM022225;	4565	IPR050529;IPR001128;IPR002403;IPR036396;	PTHR24304:SF2;PTHR24304;	MEMASSAKWFAVALVFITVILLRVIRGRRMAAAPASEKPPPPVVNGFALLGLLPRLLTMDLRTKINCLHDKYGSVFTVSPFGLTNVTFLIGPEVQSHFFQGLESEINHGNLLEFLVPMFGQEIGQGVDAATRTEQSRFYLDALKQSKLRRHLDPMLQEVESYFGKWGLEGVVDLKHEFEELLMLISSRCLLGKEVREKMFDEFYKLFRDVENGVNMISVFFPYIPIPANRRRDKARLKLIELLSGTVRSRKSSPSVEEDVLQRLIDSKYKDGRSTTETEVTGMIIALIFGGKHTSSLASTWTGACLLTHPKFLAAASQEQKEIMMKYKDKIEYDALLEMNTLHNCIKEALRLNPPTTMLVRKALKHFTVRTRQGQEYGIPKGHTLASPIIQNNYLPYIYKDPEVYDPDRFGPVRQEDIVGGKFSYTSFGGGRHFCSGDAYAYMQVKVIWSHLLNNFDLKLLSPYPKTDWSKLIPEPQGNMMVSYKRRQLLG
A0A3S9W0N3	A0A3S9W0N3_LAGSP	unreviewed	2	MG708187;	122810	IPR001128;IPR017972;IPR002401;IPR036396;	PTHR24286;PTHR24286:SF349;	MEHFYLSILLFFVSFITLSLFFVFYRHLSHFRGTNLPPGRFGLPFIGETLEFLADGWKGYPEKFFFERMSKYSSEIFKTSILAEPTAVFCGAAGNKFLFSNENKLVTAWWPDSVNKVFPSSLQTSSQEEARRMRKMLPNFLKPEALQRYIGIMDHIAQRHFAMGWENKDEVEVFPLAKRFTFWLACRLFVSVEDPDHVAKFADPFNEIASGIFSVPIDLPGTPLNRAKHASNFIRKELGAIIKQRKIDLADGTASPTQDILSHMLLATDEDGKHMNELDIADKILGLLIGGHDTASAACTFIVKYLAELPHIYQGVYEEQMEIARSKAPGELLNWDDLQKMKYSWNVACEVLRLASPLQGAFREALTDFMFNGFSIPKGWKLYWSAHSTHRSPDYFPDPEKFDPSRFDGKGPAPYTFVPFGGGPRMCPGKEYARLEILVFMYNLVKRFRWEKVLPDEKIIVNPMPMPAKGLPVRLYPHKA
A0A3S9W0N6	A0A3S9W0N6_LAGSP	unreviewed	2	MG708188;	122810	IPR001128;IPR017972;IPR002401;IPR036396;	PTHR24286;PTHR24286:SF349;	MGLPSSSSVSAHKDSTMEPNFYLSLLPLFVSFVSISLFVVFYRHRSSFCGPNLPPGDVGLPYVGESLQFLSTGWKGHPEKFIFDRISKFSSHVFKTSLLGEPAAVFCGSAGNKFLFSNENKLVQAWWPNSVNKVFPSSLQTSSKEEAKKMRKMLPQFLKPEALQRYIGIMDTIAQQHFAMGWENKDEIVVFPLAKRYTFWLACRLFISVEDPNHVARFADPFNLLASGIISIPIDLPGTPFNRAIKASNFIRKELIAIIKQRKVDLAEGKATATQDILSHMLLATDEDGKHMNEMDIADKILGLLIGGHDTASAACTFIVKYLAELPHIYDEVYKEQMEIANSKAPGELLNWDDIQKMRYSWNVACEVMRLAPPLQGAFREAMNDFIFNGFSIPKGWKIYWSANSTHKSADYFPEPEKFDPARFEGAGPAPYTFVPFGGGPRMCPGKEYARLEILVFMHNLVKRFRWEKLIPDEKIVVDPMPMPAKGLPVRLHPHRA
A0A3S9W0V9	A0A3S9W0V9_LAGSP	unreviewed	2	MG708191;	122810	IPR001128;IPR017972;IPR002401;IPR036396;	PTHR24286:SF88;PTHR24286;	MDPFFLVLVSLGLLLLFTLVYASLGSRNSGHKNLPPGSFGWPIMGETVEFLFGKPDKFVFDRMKKYSPDIFKTRILGEDTAVICGPNGHKFLFSNEQKLFTAFRPHSMQKLFRSYKTAAGAPPQPTAVEDRAKVARDEEAKVIRSPGFLKPEALVRYLGKMDSITQQQIRIHWEGKDLVKAYSFTKSLTLTLACRFFLGTDDPERIARLVENFDDMTVGMHSITVNFPGTIFYKANKAAAAIRKELRSVIGEKKAAMSSGAPMGDILSHMIVATDPTGKHMPEAEIADKIMGLLTAGYSTVATAMTFFMKYVGERPDIYKKVFDEQMEIAAAKKEGELLDWEDLQKMKYSWNVMYEVMRLTPPLQGTFREALTDFTYAGYTIPKGWKVYWTVSTTNKNPEFFPNPDKFDPSRYEDGNTFPPFTFVPFGGGPRMCPGKEYARLAILVFIHNVVKRFKWEVVDRKEKILGDMMPTPQKGLPIHLHHH
A0A445JP81	A0A445JP81_GLYSO	unreviewed	2	QZWG01000008;	3848	IPR001128;IPR017972;IPR002401;IPR036396;	PTHR47944;PTHR47944:SF4;	MLDIKGYLVLFFLWFISTILIRSIFKKPQRLRLPPGPPISIPLLGHAPYLRSLLHQALYKLSLRYGPLIHVMIGSKHVVVASSAETAKQILKTSEEAFCNRPLMIASESLTYGAADYFFIPYGTYWRFLKKLCMTELLSGKTLEHFVRIRESEVEAFLKRMMEISGNGNYEVVMRKELITHTNNIITRMIMGKKSNAENDEVARLRKVVREVGELLGAFNLGDVIGFMRPLDLQGFGKKNMETHHKVDAMMEKVLREHEEARAKEDADSDRKKDLFDILLNLIEADGADNKLTRESAKAFALDMFIAGTNGPASVLEWSLAELVRNPHVFKKAREEIESVVGKERLVKESDIPNLPYLQAVLKETLRLHPPTPIFAREAMRTCQVEGYDIPENSTILISTWAIGRDPNYWDDALEYKPERFLFSDDPGKSKIDVRGQYYQLLPFGSGRRSCPGASLALLVMQATLASLIQCFDWIVNDGKNHHVDMSEEGRVTVFLAKPLKCKPVPRFTPFAA
A0A453JF30	A0A453JF30_AEGTS	unreviewed	2		200361	IPR050529;IPR001128;IPR002403;IPR036396;	PTHR24304:SF2;PTHR24304;	MEMASSAKWFAVALVFITVILLRVIRGRRMAAAPASEKPPPPVVNGFALLGLLPRLLTMDLRTKINCLHDKYGSVFTVSPFGLTNVTFLIGPEVQSHFFQGLESEINHGNLLEFLVPMFGQEIGQGVDAATRTEQSRFYLDALKQSKLRRHLDPMLQEVESYFGKWGLEGVVDLKHEFEELLMLISSRCLLGKEVREKMFDEFYKLFRDVENGVNMISVFFPYIPIPANRRRDKARLKLIELLSGTVRSRKSSPSVEEDVLQRLIDSKYKDGRSTTETEVTGMIIALIFGGKHTSSLASTWTGACLLTHPKFLAAASQEQKEIMMKYKDKIEYDALLEMNTLHNCIKEALRLNPPTTMLVRKALKHFTVRTRQGQEYGIPKGHTLASPIIQNNYLPYIYKDPEVYDPDRFGPVRQEDIVGGKFSYTSFGGGRHFCSGDAYAYMQVKVIWSHLLNNFDLKLLSPYPKTDWSKLIPEPQGNMMVSYKRRQLLG
A0A5B8H9L8	A0A5B8H9L8_9ROSI	unreviewed	1	MK829814;	1081520	IPR001128;IPR017972;IPR002401;IPR036396;IPR051103;	PTHR24298:SF59;PTHR24298;	MAIITDMQYYVVLFLLWLFSTLLLQYAFRRSTKGTTTHLRLPPSPPALPVIGHFHLLSKDIHICFQNLARKYGPLLYLRFGSFKCLLISSVSVATEVFKSNDVAFSSKPFSVLGDRLIFGNTGFIISQYGEYWRYMKKLTVTELLGARQLERSRKVRKEELYRYLQKVIDKASALEVFDVGSELMKLTNNTICRMVLSTRCSEEDNEAEEVKELVEGSFDLAMKMTMVAMAGPLKKVVGRYYEKEDRDINRRCDELLERMWKEHEERAKREGVDREDKDFMDILLEAYYDEKADFRLTRNQVKAFILDIFIAGTSTSADTMQWVVANLINYPDVMKKVRQEIESVVGNTRLVEESDLPNLPYLQAVVKETLRLYPPGPVLPRRTNDASKVSGFDIPKDLIVAFNVYAIMRDPEAWDKPDEFIPERFLSSSKEQNTQLVNFMAFGAGRRLCPGSTLALTLMNAAIANMVLCFDWKVGKDGDRVNMKAGTGFTLALAEPLMCRPILRFNPFTG
A0A5B8NEF2	A0A5B8NEF2_MELAZ	unreviewed	2	MK803264;	155640	IPR001128;IPR017972;IPR002401;IPR036396;IPR050193;	PTHR47956;PTHR47956:SF72;	MEFRLPVLLSFLLFFLMLVRHWKRSKGQGKPPPGPKPLPILGNLHQLADGLPHYAVTKLCRKYGPVMKLKLGQLDAVVISSPEAAKEVLKTNEIKFAQRPEVYAVEIMSYDHSSIVFSPYGDYWREMRKISVLELLSNRRVTSFRSIREDEVWNLVQFISENEGCIVNLSERIFIMTNDIVSRAAFGNKCDDQHNFTALLEEILQIGAGFAIADLYPSLTFLRPLTGMKPALERIHKKMDKILEQIVTEHQIKRKAAAKNNTKFEEEDLVDTLLNYAEANKNEFHLTTDQVKAVTLDIFSAGSETSATSMEWAMSELLKNPRVMKKAQEEVRQACKGKSKIKETDIQNLEYLKLVIKETFRLHAPGPFTPREARETCEIGGYTIPAKAKILINLHAMGRDPTIWKDPECFRPERFEGSSIDFKGNHFELIPFGGGRRICPGISFATANIELGLAQMMYHFDYKLPNGKSLEDLDMNENFGMTCRRKENLQVIATTRIPFQK
A0A5K7U6A4	A0A5K7U6A4_MOMCH	unreviewed	2	LC456844;	3673	IPR001128;IPR017972;IPR002401;IPR036396;	PTHR24286;PTHR24286:SF199;	MELLSNFGAILGALLGLYILVFGFLRKFNDIWYRFKLGKNVYNALPPGDMGWPLVGSSLSFYQAFKIGGDPNAVMDNLISRFGRVRMYKSHLYGFPVIIVTDPEVCRRIYLDDEHFKLNYPKSVKLLQADGSLLKVDYKIVHRLMAAPINGVEALSRYVEFIEDAVVEGLEEWGSMKGPVPLLHEFKRLTFKIIIGVFLGPVFTDSEVAELESLYAEIGPAIMSIFPYNLPGFSYRRALKARIKVENIVRPVIQNRKKALENNVDLEETCQLDAVIKATDKNGERVFNDNAIICMLLGLLYAGYHTSAHGAQWTMVHVSENPDVYQKAKEEQEMIIKQRPPNQKGLNFKEIKQMKYTAKIINEVLRLNNIVFTNFRMATKDVNVNGYTIPKGWIAAMWIRGVHMDDKIYENPLEFNPSRWDNYTPKPGEYIPFGIGSRFCPGNELAKLEMTVLLHHFLLGYRWERVNRKALVSNIPIPALVDECLTNITKLPSY
A0A654FGZ3	A0A654FGZ3_ARATH	unreviewed	2	CACRSJ010000106;	3702	IPR001128;IPR017972;IPR002401;IPR036396;	PTHR24286;PTHR24286:SF169;	MGIMMMILGLLVIIVCLCTALLRWNQMRYSKKGLPPGTMGWPIFGETTEFLKQGPDFMKNQRLRYGSFFKSHILGCPTIVSMDAELNRYILMNESKGLVAGYPQSMLDILGTCNIAAVHGPSHRLMRGSLLSLISPTMMKDHLLPKIDDFMRNYLCGWDDLETVDIQEKTKHMAFLSSLLQIAETLKKPEVEEYRTEFFKLVVGTLSVPIDIPGTNYRSGVQARNNIDRLLTELMQERKESGETFTDMLGYLMKKEDNRYLLTDKEIRDQVVTILYSGYETVSTTSMMALKYLHDHPKALEELRREHLAIRERKRPDEPLTLDDIKSMKFTRAVIFETSRLATIVNGVLRKTTHDLELNGYLIPKGWRIYVYTREINYDTSLYEDPMIFNPWRWMEKSLESKSYFLLFGGGVRLCPGKELGISEVSSFLHYFVTKYRWEENGEDKLMVFPRVSAPKGYHLKCSPY
A0A6C0G9N0	A0A6C0G9N0_TRIWF	unreviewed	2	MN621244;	458696	IPR001128;IPR017972;IPR002401;IPR036396;IPR051103;	PTHR24298:SF59;PTHR24298;	MATTIIDVQYYVFLFLLCLSSTLLLQYFFKKSKPAGTIHLRPPPSPPALPVIGHIHLLTKDIHICFQKLALKYGPLLFLRFGSFKFLLISSASVVTEIFKSHDVAFASKPVSVFENRLIFSNIGFIFSPYGDYWRFMKKMTVTELLGAKQLQRSRNVRREELHRYLKKVLEKAQESEVFSLGAELMKLTNNTICRMALSTRCSEEDNEAEKIMELVNGSLELGMKLAMANMAGPLKKVGVWMYGKEDREINKKCDELLERMWKEHEERAKRDGGVDREDKDLMDILLEAYHDENVEFKINKNQIKAFILDLFIAGTSTSTDAMQWVMANLINHPEVMKKTREEIDSVVGNKRLVEETDLPNLPYLQAVVKETLRLYPPGPLLPRRTYEACQLRGFDIPRDIMVVLNFYAIMRDPEAWDNPNDFIPERFLSSNKEKANQIVNFVAFGAGRRMCPGATLALTLMNTTVASMVQCFDWKVGEDGDRVNMEPEAGLHLALAEPLKCRPIVRFDPFSS
A0A8S0TTM8	A0A8S0TTM8_OLEEU	unreviewed	2	CACTIH010007315;	158383	IPR001128;IPR017972;IPR002401;IPR036396;	PTHR24286;PTHR24286:SF349;	MEFFYVSLLCLFVLLISLSLHFLFYKNKSGFSGQIPPGKTGWPVIGESLEFLSNGWKGHPEKFIFDRIAKYSSYVFRTHLFGEPAAVFCGANGNKFLFSNENKLVQAWWPASVDKVFPSSNQTSSKEEAVKMRKMLPTFFKPEALQRYVGIMDHIAQRHFSDGWDNKNEVVVFPLAKRYTFWLACRLFVSVEDPAHVAKFADPFNELASGLISIPIDLPGTPFHRAIKSSNFIRKELVSIIKQRKIDLAEGKASPTQDILSHMLLTSDESGKFMHELDIADKILGLLVGGHDTASSACTFVVKYLAELPEIYEGVYQEQMEIAKSKAPGELLNWDDIQKMKYSWNVACEVLRLAPPLQGAFREAITDFMFNGFSIPKGWKLYWSANSTHRNSEFFPEPLKFDPSRFEGSGPAPYTFVPFGGGPRMCPGKEYARLEILVFMHHLVKRFKWEKLIPDEKIVVDPMPIPAKGLPIRLYPHNA
A0A8T2CUC0	A0A8T2CUC0_9BRAS	unreviewed	2	JAEFBK010000005;	1240361	IPR001128;IPR017972;IPR002401;IPR036396;	PTHR24286;PTHR24286:SF44;	MAFTAFLLLLSSIAAGFLLLLRRTRYRRMGLPPGSLGLPLIGETFQLIGAYKTENPEPFIDERVARYGSVFMTHLFGEPTIFSADPETNRFVLQNEGKLFECSYPASICNLLGKHSLLLMKGSLHKRMHSLTMSFANSSIIKDHLMLDIDRLVRFNLDSWSSRVLLMEEAKKITFELTVKQLMSFDPGEWSESLRKEYLLVIEGFFSLPLPLFSTTYRKAIQARRKVAEALTVVVMKRREEEEEGAERKKDMLAALLAADDGFSDEEIVDFLVALLVAGYETTSTIMTLAVKFLTETPLALAQLKEEHEKIRAMKSDSYSLEWSDYKSMPFTQCVVNETLRVANIIGGVFRRAMTDVEIKGYKIPKGWKVFSSFRAVHLDPNHFKDARTFNPWRWQSNSVTTGPSNVFTPFGGGPRLCPGYELARVALSVFLHRLVTGFSWVPAEQDKLVFFPTTRTQKRYPIFVKRRDFAT
A0A8T2D0T7	A0A8T2D0T7_9BRAS	unreviewed	2	JAEFBK010000005;	1240361	IPR001128;IPR017972;IPR002401;IPR036396;	PTHR24286;PTHR24286:SF349;	MYMAIMIILFLSSILLSLLLLLRKHLSHFSYPNLPPGNTGLPLIGESFSFLSAGRQGHPEKFITDRVRRFSSSSSCVFKTHLFGSPTAVVTGASGNKFLFTNENKLVVSWWPDSVNKIFPSSMQTSSKEEARKLRMLLSQFMKPEALRRYVGVMDEIAQRHFETEWANQDQVIVFPLTKKFTFSIACRSFLSMEDPARVRQLEEQFNTVAVGIFSIPIDLPGTRFNRAIKASRLLRKEVSAIVRQRKEELKAGKALEEHDILSHMLMNIGETKDEDLADKIIGLLIGGHDTASIVCTFVVNYLAEFPHVYQRVLQEQKEILKEKKEKEGLRWEDIEKMRYSWNVACEVMRIVPPLSGTFREAIDHFSFKGFYIPKGWKLYWSATATHMNPDYFPEPERFEPNRFEGSGPKPYTYVPFGGGPRMCPGKEYARLEILIFMHNLVNRFKWEKVFPNENKIVVDPLPIPDKGLPIRIFPQS
A0A8T2D445	A0A8T2D445_9BRAS	unreviewed	2	JAEFBK010000005;	1240361	IPR001128;IPR017972;IPR002403;IPR036396;	PTHR24286;PTHR24286:SF305;	MSFVWSAAVWVIAVAAVVISKWLYRWSNPKCNGKLPPGSMGLPIIGETCDFFEPHGLYEISPFVKKRMLKYGPLFRTNIFGSNTVVLTEPDIIFEVFRQENKSFVFSYPEAFVKPFGKENVFLKHGNIHKHVKQISLQHLGSEALKKKMIGEIDRVTYEHLRSKANQGSFDAKEAVESVIMAHLTPKIISNLKPETQATLVDNIMALGSEWFQSPLKLTTLISIYKVFIARRYALQVIKDVFTRRKASREMCGDFLDTMVEEGEKEDVIFNEESAINLIFAILVVAKESTSSVTSLAIKFLAENHKALAELKREHAAILQNRNGKGAGVSWEEYRHQMTFTNMVINETLRMANMAPIMYRKAVNDVEIKGYTIPAGWIVAVIPPAVHFNDAIYENPLEFNPWRWEGKELRSGSKTFMVFGGGVRQCVGAEFARLQISIFIHHLVTTYDFSLAQESEFIRAPLPYFPKGLPIKISQSL
A0A8T2DDY7	A0A8T2DDY7_9BRAS	unreviewed	1	JAEFBK010000005;	1240361	IPR001128;IPR017972;IPR002401;IPR036396;IPR051103;	PTHR24298:SF827;PTHR24298;	MASMITVDFENCFIFLLLCLFSRLSYDLFFRKTKDSRAGCALPPSPPSLPIIGHLHLILFVPIHQSFKNISSKYGPLLHLRFFNFPIVLVSSASTAYEIFKAQDVNVSSRPPPPIEESLILGSSSFINTPYGDYSKFMKKFMVQKLLGPQALQRSRNIRADELERFYKTLLDKAMKKQTVEIRNEAMKLTNNTICKMIMGRSCSEENGEAETVRGLVTESIFLTKKHFLGAMFHKPLKKLGISLFAKELMNVSNRFDELLEKILVEHEEKLQEHHQTSDMLDMLLEAYGDENAEYKITRDQIKSLFVDLFSAGTEASANTIQWTMAEIIKNPKICERLREEIDSVVGKTRLVQETDLPNLPYLQAIVKEGLRLHPPGPVVRTFKETCEIKGFYIPEKTRLFVNVYAIMRDPDFWEDPEEFKPERFLASSRLGEEDEKREDMLKYIPFGSGRRACPGSHLAYTVVGSVIGMMVQHFDWIIKGEKINMKEGGTMTLTMAHPLKCTPVPRNLNT
A0A8T2DKE4	A0A8T2DKE4_ARASU	unreviewed	2	JAEFBJ010000005;	45249	IPR001128;IPR017972;IPR002401;IPR036396;	PTHR24286;PTHR24286:SF349;	MYMAIMIILFLSSILLSLLLLLRKHLSHFSYPNLPPGNTGLPLIGESFSFLSAGRQGHPEKFITDRVRRFSSSSSCVFKTHLFGSPTAVVTGASGNKFLFTNENKLVVSWWPDSVNKIFPSSMQTSSKEEARKLRMLLSQFMKPEALRRYVGVMDEIAQRHFETEWANQDQVIVFPLTKKFTFSIACRSFLSMEDPARVRQLEEQFNTVAVGIFSIPIDLPGTRFNRAIKASRLLRKEVSAIVRQRKEELKAGKALEEHDILSHMLMNIGETKDEDLADKIIGLLIGGHDTASIVCTFVVNYLAEFPHVYQRVLQEQKEILKEKKEKEGLRWEDIEKMRYSWNVACEVMRIVPPLSGTFREAIDHFSFKGFYIPKGWKLYWSATATHMNPDYFPEPERFEPNRFEGSGPKPYTYVPFGGGPRMCPGKEYARLEILIFMHNLVNRFKWEKVFPNENKIVVDPLPIPDKGLPIRIFPQS
A0A8T2FG10	A0A8T2FG10_ARASU	unreviewed	2	JAEFBJ010000003;	45249	IPR001128;IPR017972;IPR002401;IPR036396;	PTHR24286;PTHR24286:SF169;	MGIMMMILGLLVIIVCLCTALLRWNQMRYSKKGLPPGTMGWPIFGETTEFLKQGPDFMKNQRLRYGSFFKSHILGCPTIVSMDAELNRYILMNESKGLVAGYPQSMLDILGTCNIAAVHGPSHRLMRGSLLSLISPTMMKDHLLPKIDDFMRNYLCGWDDLETVDIQEKTKHMAFLSSLLQIAETLKKPEVEEYRTEFFKLVVGTLSVPIDIPGTNYRSGVQARNNIDRLLTELMQERKESGETFTDMLGYLMKKEDNRYLLTDKEIRDQVVTILYSGYETVSTTSMMALKYLHDHPKALEELRREHLAIRERKRPDEPLTLDDIKSMKFTRAVIFETSRLATIVNGVLRKTTHDLELNGYLIPKGWRIYVYTREINYDTSLYEDPMIFNPWRWMEKSLESKSYFLLFGGGVRLCPGKELGISEVSSFLHYFVTKYRWEENGEDKLMVFPRVSAPKGYHLKCSPY
A0A8T2FQE7	A0A8T2FQE7_9BRAS	unreviewed	2	JAEFBK010000002;	1240361	IPR001128;IPR017972;IPR002401;IPR036396;	PTHR24286:SF228;PTHR24286;	MVFSVSIFASLAPYLISAFLLFLLVEQLSYLFKKRNIPGPFFVPPIIGNAVALVRDPTSFWDKQSSTANISGLSANYLIGKFIVYIRDTELSHQIFSNVRPDAFHLIGHPFGKKLFGDHNLIYMFGEDHKSVRRQLAPNFTPKALSTYSALQQLVILRHLRQWEGSTSGGSRPVSLRQLVRELNLETSQTVFVGPYLDKEAKNRFRTDYNLFNLGSMALPIDLPGFAFGEARRAVKRLGETLGICAGKSKARMAAGEEPACLIDFWMQAIVAENPQPPHSGDEEIGGLLFDFLFAAQDASTSSLLWAVTLLDSEPEVLNRVREEVAKIWSPESNALITVDQLAEMKYTRSVAREVIRYRPPATMVPHVAAIDFPLTETYTIPKGTIVFPSVFDSSFQGFTEPDRFDPDRFSETRQEDQVFKRNFLAFGWGPHQCVGQRYALNHLVLFIAMFSSLLDFKRLRSDGCDEIVYCPTISPKDGCTVFLSRRVAKYPNFS
A0A8T2G4K5	A0A8T2G4K5_ARASU	unreviewed	2	JAEFBJ010000002;	45249	IPR001128;IPR017972;IPR002401;IPR036396;	PTHR24286:SF228;PTHR24286;	MVFSVSIFASLAPYLISAFLLFLLVEQLSYLFKKRNIPGPFFVPPIIGNAVALVRDPTSFWDKQSSTANISGLSANYLIGKFIVYIRDTELSHQIFSNVRPDAFHLIGHPFGKKLFGDHNLIYMFGEDHKSVRRQLAPNFTPKALSTYSALQQLVILRHLRQWEGSTSGGSRPVSLRQLVRELNLETSQTVFVGPYLDKEAKNRFRTDYNLFNLGSMALPIDLPGFAFGEARRAVKRLGETLGICAGKSKARMAAGEEPACLIDFWMQAIVAENPQPPHSGDEEIGGLLFDFLFAAQDASTSSLLWAVTLLDSEPEVLNRVREEVAKIWSPESNALITVDQLAEMKYTRSVAREVIRYRPPATMVPHVAAIDFPLTETYTIPKGTIVFPSVFDSSFQGFTEPDRFDPDRFSETRQEDQVFKRNFLAFGWGPHQCVGQRYALNHLVLFIAMFSSLLDFKRLRSDGCDEIVYCPTISPKDGCTVFLSRRVAKYPNFS
A0AAD7L2M8	A0AAD7L2M8_QUISA	unreviewed	1	JARAOO010000011;	32244	IPR001128;IPR017972;IPR002401;IPR036396;	PTHR24286;PTHR24286:SF349;	MIYNNDSNDNELVISSVQQPSMDPFFIFGLLLLALFLSVSFLLYLSRRAYASLPNPPPGKLGFPVVGESLEFLSTRRKGVPEKFVFDRMAKYCRDVFKTSILGATTAVMCGTAGNKFLFSNEKKHVTGWWPKSVELIFPTSLEKSSNEESIMMKQFLPNFLKPEPLQKYIPVMDIITQRHFNTSWEGRNVVKVFPTAAEFTTLLACRVFLSVEDPIEVAKISEPFEILAAGFLSIPINLPGTKLNKAVKAADQIRDAIVQILKRRRVEIAENKANGMQDIASMLLTTPTNAGFYMTEAHISEKILGMIVGGRDTASTVITFIIKYLAENPEIYNKVYEEQMEVVKSKKPGELLNWEDVQKMKYSWCVACEAMRLAPPVQGGFKVAINDFVYSGFNIRKGWKLYWSAIATHMNPEYFPEPEKFNPSRFEGKGPVPYSFVPFGGGPRMCPGKEYSRLETLVFMHHLVTRYNWEKVYPTEKITVDPMPFPVNGLPIRLIPHKHQ
A1BQV1	A1BQV1_9POAL	unreviewed	2	DQ680849;DQ680852;	38783	IPR050529;IPR001128;IPR017972;IPR002403;IPR036396;	PTHR24304:SF2;PTHR24304;	MDMTICVVWLVLAIISIAAVVSKSSKRSNASDSVVTRPPPPVVTGIDLLKFLHALCRKDPEAAMMYLYNKLGSIFTLSFLWKRVTILIGHEASIPFFHGLESDVSQGNFNEFTVPMFGKENGYAVEYATRIEQSRFFYDSLKASQLRSHVDLIRQEVEEYFAKWGDEGEVDLKQEFTKLLMLIAGRCLLGSEVRDTIFGEFYTLFADIEEGVNLFSYMFPYMPVPVNNRRDRAQMKLTSIVSEIVRSRKRCNRVEDDMLQRLIDSRYKDGRPTTEGEVSGMIIGLIFAGKHTSTITASWTGACLLTHPKFLGAAVEEQKQMMSKYKDNIDYNILSEMEILHSCIKEAGRMYPAAPVLLRKTLKEISVQTREGGEYGIPKGTTLAHLVMLTGKVPHTYKDPEVYDPDRFRVGREEDKIGGKLSYTIFGAGRHACAGESFAFMQIKIIWSHLLRNFDLKLTSPFPKQDWSKFIIEPKGKVMVSYKRCRMPAN
B5BSX1	BAMO_GLYUR	reviewed	4	AB433179;KY499143;	74613	IPR001128;IPR017972;IPR002401;IPR036396;	PTHR24286;PTHR24286:SF199;	MEVHWVCMSAATLLVCYIFGSKFVRNLNGWYYDVKLRRKEHPLPPGDMGWPLIGDLLSFIKDFSSGHPDSFINNLVLKYGRSGIYKTHLFGNPSIIVCEPQMCRRVLTDDVNFKLGYPKSIKELARCRPMIDVSNAEHRLFRRLITSPIVGHKALAMYLERLEEIVINSLEELSSMKHPVELLKEMKKVSFKAIVHVFMGSSNQDIIKKIGSSFTDLYNGMFSIPINVPGFTFHKALEARKKLAKIVQPVVDERRLMIENGPQEGSQRKDLIDILLEVKDENGRKLEDEDISDLLIGLLFAGHESTATSLMWSITYLTQHPHILKKAKEEQEEITRTRFSSQKQLSLKEIKQMVYLSQVIDETLRCANIAFATFREATADVNINGYIIPKGWRVLIWARAIHMDSEYYPNPEEFNPSRWDDYNAKAGTFLPFGAGSRLCPGADLAKLEISIFLHYFLRNYRLERINPECHVTSLPVSKPTDNCLAKVIKVSCA
B5BT05	B5BT05_GLYUR	unreviewed	2	AB437320;	74613	IPR001128;IPR017972;IPR002401;IPR036396;	PTHR47944;PTHR47944:SF4;	MLDIQGYLVLFLLWFISTILIRSIFKKSQCYKLPPGPPISLPLIGHAPYLRSLLHQALYKLSTRYGPLMHVLIGSQHVIVASSAEMAKQILKTYEESFCNRPIMIASENLTYGAADYFFIPYGTYWRFLKKLCMTELLSGKTLEHFVNIREDEIQCFLRNVLEISKTGKGVEMRQELIRHTNNIISRMTMGKKSNGTNDEVGQVRKLVREIGELLGAFNLGDIIGFMRPFDLQGFGKKNRDAHHNMDVMMEKVLKEHEEARAKEKGGAESDRKKDLFDILLNLIEADGADNKLTRESAKAFALDMFIAGTNGPASVLEWSLAELIRNPQVFKKAREEIDSVVGKERLVKESDIPNLPYLQAVVKETLRMHPPTPIFAREAIRGCQVDGYDIPANSKIFINAWAIGRDPKYWDNPQVYSPERFLITDEPGKSKIDVRGQYYQLLPFGSGRRSCPGSSLALLVIQATLASLVQCFDWVVNDGKNSEIDMSEEGRVTVFLAKPLKCKPVPRFVPFSA
F4K051	F4K051_ARATH	unreviewed	4	CP002688;	3702	IPR001128;IPR017972;IPR002403;IPR036396;	PTHR24286;PTHR24286:SF305;	MDRRGKYWAGPMWIGLSMCGSGSDTILECRLRLFKLQRQNQMSFVWSAAVWVIAVAAVVISKWLYRWSNPKCNGKLPPGSMGLPIIGETCDFFEPHGLYEISPFVKKRMLKYGPLFRTNIFGSNTVVLTEPDIIFEVFRQENKSFVFSYPEAFVKPFGKENVFLKHGNIHKHVKQISLQHLGSEALKKKMIGEIDRVTYEHLRSKANQGSFDAKEAVESVIMAHLTPKIISNLKPETQATLVDNIMALGSEWFQSPLKLTTLISIYKVFIARRYALQVIKDVFTRRKASREMCGDFLDTMVEEGEKEDVIFNEESAINLIFAILVVAKESTSSVTSLAIKFLAENHKALAELKREHAAILQNRNGKGAGVSWEEYRHQMTFTNMVINETLRMANMAPIMYRKAVNDVEIKGYTIPAGWIVAVIPPAVHFNDAIYENPLEFNPWRWEGKELRSGSKTFMVFGGGVRQCVGAEFARLQISIFIHHLVTTYDFSLAQESEFIRAPLPYFPKGLPIKISQSL
H1A982	H1A982_MEDTR	unreviewed	2	AB558147;	3880	IPR001128;IPR017972;IPR002401;IPR036396;IPR050665;	PTHR24282:SF253;PTHR24282;	MEVFMFPTGTTIIISVLSVLLAVIPWYLLNKLWLKPKRFEKLLKAQGFQGEPYNLSVLKDKSKQNYMLKLQQEDKSKSIGLSKEAAPSIFTHVHQTVHKYGKKSFFWEGTTPRVIITDPDQIKEVFNKIEDFPKPILKSIAKYLSVGIVHYEGKKWAKHRKIANPAFHLEKLKVMLPAFSHSCNEMISKWKELLSSDGTCELDVWPFLQNFTCDVISRTAFGSSYAEGEKLFQLLKKQGFLLTIGRQTNNTLWGLLATTTKTKMKEIEKEIHDSLEGIIEKREKALKNGEATNDDLLGILLQSNHAEKQGHGNSKNIGMTTQDVIDECKLFYIAGQETTSSLLVWTMVLLGRYPEWQARAREEVLQVFGNKNPNNEGLSQLKIVTMILYEVLRLFPPVIYFNRALRKDLKLGNVSLPEGTQISLPILLIHQDHDLWGDDAKEFNPERFAEGIAKATKGQVSYFPFGWGPRICLGQNFALLEAKIAISLLLQNFSFKLSPNYVHVPTTVLTLTPKYGASIILHKL
H2DH16	C7A47_PANGI	reviewed	4	JN604536;JN604537;	4054	IPR001128;IPR017972;IPR002401;IPR036396;	PTHR24286:SF371;PTHR24286;	MAAAMVLFFSLSLLLLPLLLLFAYFSYTKRIPQKENDSKAPLPPGQTGWPLIGETLNYLSCVKSGVSENFVKYRKEKYSPKVFRTSLLGEPMAILCGPEGNKFLYSTEKKLVQVWFPSSVEKMFPRSHGESNADNFSKVRGKMMFLLKVDGMKKYVGLMDRVMKQFLETDWNRQQQINVHNTVKKYTVTMSCRVFMSIDDEEQVTRLGSSIQNIEAGLLAVPINIPGTAMNRAIKTVKLLTREVEAVIKQRKVDLLENKQASQPQDLLSHLLLTANQDGQFLSESDIASHLIGLMQGGYTTLNGTITFVLNYLAEFPDVYNQVLKEQVEIANSKHPKELLNWEDLRKMKYSWNVAQEVLRIIPPGVGTFREAITDFTYAGYLIPKGWKMHLIPHDTHKNPTYFPSPEKFDPTRFEGNGPAPYTFTPFGGGPRMCPGIEYARLVILIFMHNVVTNFRWEKLIPNEKILTDPIPRFAHGLPIHLHPHN
H2DH20	C7D13_PANGI	reviewed	2	JN604541;	4054	IPR001128;IPR017972;IPR002401;IPR036396;IPR050193;	PTHR47956;PTHR47956:SF96;	MELQFPLFSIFFVTILFFFLFKKSSKTTKNLPPGPRKLPIIGNILELAGEVQHRVLAELSQKHGPIMHLQLAEISAIVVSSSKVAKEVLKTHDLAFSDRAQLQLSKIILKGCKDVVFNDYDDYWRQMRKICTVELLTANKVNSFRAIREDEAWNLVESIKTSLDSPVNLTHKFTSLTNAITCRAAIGERSKYQDELVHLIELMAALGGGFDIADLFPSYKFLHFLSGLRSKLEKVRKRLDDIFYNILKEHEEKRAKTKNSDGRVAGEEDLVDVLLRVQEKGGLQFPISSNNIQGIICDMLTAGTDTASTALDWAMSELVRYPSVLHKAQAEVREAFKGKTKIHEDDVQGLSYLKLVIKETLRLHPPAPLLLPKECREQCVIEGYTIPVRTKLIVNAWAIGRDPEYWVNAESFDPERFSNKSIDYNGTNLNYIPFGAGRRSCPGIAFGIATIELPLALLLYHFNWGMPGGIKPSALDMNEVLGATLKRKTNLLLSATSYTPNEDSS
I1I3G7	I1I3G7_BRADI	unreviewed	2	CM000882;	15368	IPR050529;IPR001128;IPR017972;IPR002403;IPR036396;	PTHR24304:SF2;PTHR24304;	MHTSTRIYLHTVQYFSTKILLPSSLLARTMFMTSSAMWFTVSLVFITIVLIRIIRGKAAGGVDPTSGKQHPPVVNGFALLGLLPRLLNKDLPTKINCLYSKYGSVFTVSLFGRNVTFLIGPEVSAHFFQGLDSEISHGNLLEFTVPMFGQEVAHGVDTATRNEQARFYLDALKQSKLRSHFDPMLQEVEEYFSKWGQEGIVDLKHEFEQLLMLISSRCLLGKEVREKMFDEFYTLFRDIENGVNLVSVFFPYIPIPANRRRDRARVKLIELLSEIVRSRKSSGRVEEDALQKLIDSKYKDGRSTSETEVTGMIIGLIFGGKHTSSHATTWTGACLLSHEKFLAASSEEQKQIMKKYKGRLEYEALLEMNTLHSCIKEALRMHPPSPMLVRKANKHFTVKTREGQEYDIPKGNTIASPIVQNNIMPYIYKDPHLYDPDRFGPARQEDVAGGKFSYTSFGGGRHVCVGEGYAYMQIKIIWSHLLKNFELELLSPFPNTDWNKLIPEPQGNMMVSYKRHRLLG
I1I3H0	I1I3H0_BRADI	unreviewed	2	CM000882;	15368	IPR050529;IPR001128;IPR017972;IPR002403;IPR036396;	PTHR24304:SF2;PTHR24304;	MEFTSGDVWFAVAVLLIATVVTKIAIARATVDPTCTRPLPPVVKGVALLGLLHALVTKDLPTVIHDLYEKFGSVFTVSLLGQKVTFLVGPEVSAHFFKGLESEINIGNLLNFTVPIFGQEVGYGVDLATRNEQARFCLDALKPSKLRSHVDPMLQEVEEYFAKWGQHGIVDLKHEFEVLLMLISSRVLLGKEVREKMFDEFCTLFGQIENGVNLVSVFFPYIPIPSNQRRDRARVKLTQILSEVVSSRKSSGRVEEDTLQRLIDSRYKDGRSTTEAEITGMIIGMLFAGKHTSSHTTIWTGACLLNSPKFLAAAVEEQKELVVKYKDQIDYNTLAEMDALHCCIKEALRMHPPSPVLVRKAQKQFTVKTKEGNEYDIPRGHTIASPTIVNNNMHYIYKEPQVYDPDRFGPGREEDIVGGKFSYTSFGSGRHACIGESYAYMQIKLIWSHLLRNFELELVSPFPRTDWNKIVPGPQGKVMVSYKRSRMSA
I1MIY0	I1MIY0_SOYBN	unreviewed	2	LC143440;LC143445;CM000848;CM000848;	3847	IPR001128;IPR017972;IPR002401;IPR036396;IPR050665;	PTHR24282:SF255;PTHR24282;	MEAAWVNILMLILILALIWVWKKFNSLWLTPKRLEKILREQGLRGSPYRFKVGDTKETLKMQMQAMSKPMNLFSNDIGPRVSPYDHYIVNKHGKNSFIWNGQTPRVTLTDPELIKDVFNKIYDFGKPNMGPNIRSLIPGLAMHEGEKWSKHRKIINPAFNLEKLKNMLPLFIQCCDDLISKWEEMLSSDGSSEIDVWPFVKNLTADVISRTAFGSSYLEGRRIFQLLKEKIELTLKMRGQRLVPKRMKEIDRDIKASLMDIINKRDKALKAGEATKNNLLDILLESNHKEIEEHGNNKNVGMNIEEVIEECKLFYFAGQDTTSVLLVWTMILLSRYPDWQARAREEVSQVFGNQKPTFDGLNQLKIVTMILYEVLRLYPPGVGVPRKVIKDVKLGNLSFPAGVEIFISTILVHHDSELWGDDAKEFKPERFSEGVLKATNGRFSFFPFGGGPRICIAQNFALLEAKIALSMILQCFSFELSPTYTHAPTMVMTIQPQYGAPVILHKVEKYE
I7CT85	C7A53_PANGI	reviewed	4	JX036031;	4054	IPR001128;IPR017972;IPR002401;IPR036396;	PTHR24286:SF53;PTHR24286;	MDLFISSQLLLLLVFCLFLFWNFKPSSQNKLPPGKTGWPIIGETLEFISCGQKGNPEKFVTQRMNKYSPDVFTTSLAGEKMVVFCGASGNKFIFSNENKLVVSWWPPAISKILTATIPSVEKSKALRSLIVEFLKPEALHKFISVMDRTTRQHFEDKWNGSTEVKAFAMSESLTFELACWLLFSINDPVQVQKLSHLFEKVKAGLLSLPLNFPGTAFNRGIKAANLIRKELSVVIKQRRSDKLQTRKDLLSHVMLSNGEGEKFFSEMDIADVVLNLLIASHDTTSSAMGSVVYFLADHPHIYAKVLTEQMEIAKSKGAEELLSWEDIKRMKYSRNVINEAMRLVPPSQGGFKVVTSKFSYANFIIPKGWKIFWSVYSTHKDPKYFKNPEEFDPSRFEGDGPMPFTFIPFGGGPRMCPGSEFARLEVLIFMHHLVTNFKWEKVFPNEKIIYTPFPFPENGLPIRLSPCTL
K4CEE8	C7A46_SOLLC	reviewed	3		4081	IPR001128;IPR017972;IPR002401;IPR036396;	PTHR24286;PTHR24286:SF349;	MELFYASLVCLFVLLLSLSFLFLFNKKNKSMILSCPLPPGNSGWPVIGETLEFLSTGWKGHPEKFIFDRISKYKSSIFKTHLLGEKAVVFCGASSNKFLFSNENKLVQTWWPSSVDKVFPSSTQTSSKEEAIKMRKMLPNFLKPEALQRYIRIMDHIAQKHFQSWENQQEVVVFPLAKRYTFWLACRLFVSVEDPNHVARLADPFDVLASGLISIPINLPGTPFNRAIKASNFIRKELVAIIKQRKIDLTEGKASDSQDILSHMLLTSDENGKFMHELDIADKILGLLIGGHDTASSACAFIVKYLAELPEIYDQVYKEQIEIAKSKGPGELLSWEDIKKMKYSWNVACEVLRLAPPLQGAFREALVDFTFNGFSIPKGWKIYWSANSTHINPEVFVDPLKFDPSRFEGNGPAPYTFVPFGGGPRMCPGKEYARLEILVFMHHLVKRFSWKKIIRDEKIVVNPMPIPANGLPIRLYPHHVKT
K7NBX0	K7NBX0_SIRGR	unreviewed	2	HQ128570;	190515	IPR001128;IPR017972;IPR002401;IPR036396;	PTHR24286;PTHR24286:SF305;	MWTVVLGLATLFVAYYIHWINKWRDSKFNGVLPPGTMGLPLIGETIQLSRLSDSLDVHPFIQKKVERYGPIFKTCLAGRPVVVSADAEFNNYIMLQEGRAVEMWYLDTLSKFFGLDTEWLKALGLIHKYIRSITLNHFGAEALRERFLPFIEASSMEALHSWSTQPSVEVKNASALMVFRTSVNKMFGEDAKKLSGNIPGKFTKLLGGFLSLPLNFPGTTYHKCLKDMKEIQKKLREVVDDRLANVGPDVEDFLGQALKDKESEKFISEEFIIQLLFSISFASFESISTTLTLILKLLDEHPEVVKELEAEHEAIRKARADPDGPITWEEYKSMTFTLQVINETLRLGSVTPALLRKTVKDLQVKGYIIPEGWTIMLVTASRHRDPKVYKDPHIFNPWRWKDLDSITIQKNFMPFGGGLRHCAGAEYSKVYLCTFLHILCTKYRWTKLGGGRIARAHILSFEDGLHVKFTPKE
M8BK79	M8BK79_AEGTA	unreviewed	2		37682	IPR050529;IPR001128;IPR002403;IPR036396;	PTHR24304:SF2;PTHR24304;	MEMASSAKWFAVALVFITVILLRVIRGRRMAAAPASEKPPPPVVNGFALLGLLPRLLTMDLRTKINCLHDKYGSVFTVSPFGLTNVTFLIGPEVQSHFFQGLESEINHGNLLEFLVPMFGQEIGQGVDAATRTEQSRFYLDALKQSKLRRHLDPMLQEVESYFGKWGLEGVVDLKHEFEELLMLISSRCLLGKEVREKMFDEFYKLFRDVENGVNMISVFFPYIPIPANRRRDKARLKLIELLSGTVRSRKSSPSVEEDVLQRLIDSKYKDGRSTTETEVTGMIIALIFGGKHTSSLASTWTGACLLTHPKFLAAASQEQKEIMMKYKDKIEYDALLEMNTLHNCIKEALRLNPPTTMLVRKALKHFTVRTRQGQEYGIPKGHTLASPIIQNNYLPYIYKDPEVYDPDRFGPVRQEDIVGGKFSYTSFGGGRHFCSGDAYAYMQVKVIWSHLLNNFDLKLLSPYPKTDWSKLIPEPQGNMMVSYKRRQLLG
O64697	C7101_ARATH	reviewed	4	AB219423;AC004077;AC004481;CP002685;BT002069;BT010554;	3702	IPR001128;IPR017972;IPR002401;IPR036396;	PTHR24286:SF228;PTHR24286;	MVFSVSIFASLAPYLISAFLLFLLVEQLSYLFKKRNIPGPFFVPPIIGNAVALVRDPTSFWDKQSSTANISGLSANYLIGKFIVYIRDTELSHQIFSNVRPDAFHLIGHPFGKKLFGDHNLIYMFGEDHKSVRRQLAPNFTPKALSTYSALQQLVILRHLRQWEGSTSGGSRPVSLRQLVRELNLETSQTVFVGPYLDKEAKNRFRTDYNLFNLGSMALPIDLPGFAFGEARRAVKRLGETLGICAGKSKARMAAGEEPACLIDFWMQAIVAENPQPPHSGDEEIGGLLFDFLFAAQDASTSSLLWAVTLLDSEPEVLNRVREEVAKIWSPESNALITVDQLAEMKYTRSVAREVIRYRPPATMVPHVAAIDFPLTETYTIPKGTIVFPSVFDSSFQGFTEPDRFDPDRFSETRQEDQVFKRNFLAFGWGPHQCVGQRYALNHLVLFIAMFSSLLDFKRLRSDGCDEIVYCPTISPKDGCTVFLSRRVAKYPNFS
Q0X087	Q0X087_SOLLC	unreviewed	2	AB223041;	4081	IPR001128;IPR017972;IPR002401;IPR036396;IPR050665;	PTHR24282:SF63;PTHR24282;	MEGFCFQWLCVILFLYVLLLCIQKAFVHLWWTPKIIQKHFKKQGITGPKYHFLFGNLKEIASFTTPSWPSTFTSHDILPNVLPFYHHWKKIYGSIFVIWFGPTARVTISDPALIRDIFVLKSDNFEKNESPALVKKLEGDGLLSLKGEKWAHHRKIITPTFYIENLRLMIPMMGKSMKEMLDKWSKMSNASGKVEIEVSEMFSTLAEDVITRIVFGNSYEDGKAIFELQAQQMIYATEAYQKVFIPGYRFLPSKKNRICWRLDKQVRKSLMKLIEERRKKEEVLSEECPNDLLEVMIKAGSDDEYRNTITVNDIVEECKTIFFAGKHTTSNLLTWTTILLAMHPKWQELARDEVLTVCGARDPPSKQQISKLKTLGMIINESVRLYPPAVAAIRRAKVDTQLGDFTLPRGTELLIPIIAIHHDQTLWGQDANEFNPARFGLGVAQAAKHPMAFMPFGLGARRCVGQNLAVLQAKLAIAMILQRFSFDLSPNYRHAPTILMLLCPQYGAPIIFQKL
Q1T7C2	C7111_SOLLC	reviewed	4	AB223043;	4081	IPR001128;IPR002403;IPR036396;	PTHR24286:SF228;PTHR24286;	MASIWGLLSPWIPYFISFIAFLLLLEQISYIKKKRFLPGPTLVFPFLGNVIPLVTNPTKFWDLQSALAKSTSHGFSVNYIIGKFILYIHSTDLSHKVFANVRPDAFHLIGHPFGKKLFGEHNLIYMFGQEHKDLRRRIAPNFTPKALGTYTDIQQRIIIKHFKSWLDEASKSPNTPIPLRLLCRDMNLDTSQTVFVGPYLDGESRKRFNVDYNYFNVGLRKLPVDLPGFAFRNARLAVGRLVDTLSVCVEQSLNKMKNEEEPTCLIDFWMQENLREINEAKINGLQKPFQYSNKELGGYLFDFLFAAQDASTSALLWAIVLLDSHPQVLEKVRSDVARFWSPESEEPLTAEMLTEMKYLEAVAREIIRIRAPATMVPHIAGEEFRLTEDYVIPKGTIVFPSVFDSSFQGFPEPEKFEPDRFMEERQEERVYKKNFLALGAGPHACVGQKYAINHLMLIIAMFTALIDFKRHKTDGCDDISYIPTIAPKDDCKVFLAHRCTR
Q2MJ20	C7A12_MEDTR	reviewed	5	DQ335781;FN995112;FN995113;BT147421;CM001224;BT051785;	3880	IPR001128;IPR017972;IPR002401;IPR036396;	PTHR24286;PTHR24286:SF349;	MEPNFYLSLLLLFVTFISLSLFFIFYKQKSPLNLPPGKMGYPIIGESLEFLSTGWKGHPEKFIFDRMRKYSSELFKTSIVGESTVVCCGAASNKFLFSNENKLVTAWWPDSVNKIFPTTSLDSNLKEESIKMRKLLPQFFKPEALQRYVGVMDVIAQRHFVTHWDNKNEITVYPLAKRYTFLLACRLFMSVEDENHVAKFSDPFQLIAAGIISLPIDLPGTPFNKAIKASNFIRKELIKIIKQRRVDLAEGTASPTQDILSHMLLTSDENGKSMNELNIADKILGLLIGGHDTASVACTFLVKYLGELPHIYDKVYQEQMEIAKSKPAGELLNWDDLKKMKYSWNVACEVMRLSPPLQGGFREAITDFMFNGFSIPKGWKLYWSANSTHKNAECFPMPEKFDPTRFEGNGPAPYTFVPFGGGPRMCPGKEYARLEILVFMHNLVKRFKWEKVIPDEKIIVDPFPIPAKDLPIRLYPHKA
Q2MJ21	C7A67_MEDTR	reviewed	3	DQ335780;CM001218;	3880	IPR001128;IPR017972;IPR002401;IPR036396;IPR050665;	PTHR24282:SF255;PTHR24282;	MEASLAIYYGIILITVTLGLVYTWRVLNWIWLKPKRLEKLLREQGCNGNSYRLVLGDLKDSYKMGKKAKSKPMELSDDIIPRVIPYIQQLVQIYGKNPFIWSGTTPRLILTEPELIKDVLNRTSELQKPKYEIFKFLFSGLIIHEGEKWRKHRRLMNAAFQLEKLKIMAPSFLTSCIDMISKWESTLSSDGSGEIDIWPSLQNLTSDVISRNAFGSSYEEGKRIFDLQREQGELVMKNLVKSLIPLWRFIPTATQRRMHEIEKDIDSSLRYIINKREKAMKAGEATENDLLGLLLESNHQEIRDHGNNKNMGMSLEDVVGECKLFYLAGQESTSTMLVWTMILLSRYPDWQERAREEVLQIFGNKKPDYEGLNKLKILPMILYEVLRLYPPAFGVTRYVGKDIKFGNMEVPAGVEVFLPIILLQHNNELWGDDAKMFNPERFAEGISKATNGRFIYFPFGGGPRVCMGQNFSLLEAKMAVSMILQNFYFELSPTYAHTPNLVMTIQPEKGAHVILRKVKA
Q42569	C90A1_ARATH	reviewed	5	X87367;X87368;AB005237;CP002688;AY042837;AY052726;AY063722;AY081480;AY087526;	3702	IPR001128;IPR017972;IPR002401;IPR036396;	PTHR24286;PTHR24286:SF44;	MAFTAFLLLLSSIAAGFLLLLRRTRYRRMGLPPGSLGLPLIGETFQLIGAYKTENPEPFIDERVARYGSVFMTHLFGEPTIFSADPETNRFVLQNEGKLFECSYPASICNLLGKHSLLLMKGSLHKRMHSLTMSFANSSIIKDHLMLDIDRLVRFNLDSWSSRVLLMEEAKKITFELTVKQLMSFDPGEWSESLRKEYLLVIEGFFSLPLPLFSTTYRKAIQARRKVAEALTVVVMKRREEEEEGAERKKDMLAALLAADDGFSDEEIVDFLVALLVAGYETTSTIMTLAVKFLTETPLALAQLKEEHEKIRAMKSDSYSLEWSDYKSMPFTQCVVNETLRVANIIGGVFRRAMTDVEIKGYKIPKGWKVFSSFRAVHLDPNHFKDARTFNPWRWQSNSVTTGPSNVFTPFGGGPRLCPGYELARVALSVFLHRLVTGFSWVPAEQDKLVFFPTTRTQKRYPIFVKRRDFAT
Q8L7D5	THAH_ARATH	reviewed	4	AB017064;CP002688;CP002688;CP002688;CP002688;CP002688;CP002688;AY136329;BT000124;AK317336;	3702	IPR001128;IPR017972;IPR002403;IPR036396;	PTHR24286;PTHR24286:SF305;	MSFVWSAAVWVIAVAAVVISKWLYRWSNPKCNGKLPPGSMGLPIIGETCDFFEPHGLYEISPFVKKRMLKYGPLFRTNIFGSNTVVLTEPDIIFEVFRQENKSFVFSYPEAFVKPFGKENVFLKHGNIHKHVKQISLQHLGSEALKKKMIGEIDRVTYEHLRSKANQGSFDAKEAVESVIMAHLTPKIISNLKPETQATLVDNIMALGSEWFQSPLKLTTLISIYKVFIARRYALQVIKDVFTRRKASREMCGDFLDTMVEEGEKEDVIFNEESAINLIFAILVVAKESTSSVTSLAIKFLAENHKALAELKREHAAILQNRNGKGAGVSWEEYRHQMTFTNMVINETLRMANMAPIMYRKAVNDVEIKGYTIPAGWIVAVIPPAVHFNDAIYENPLEFNPWRWEGKELRSGSKTFMVFGGGVRQCVGAEFARLQISIFIHHLVTTYDFSLAQESEFIRAPLPYFPKGLPIKISQSL
Q940V4	C85A2_ARATH	reviewed	5	AB087801;AP002060;CP002686;AY052655;AY063728;AY084595;	3702	IPR001128;IPR017972;IPR002401;IPR036396;	PTHR24286;PTHR24286:SF169;	MGIMMMILGLLVIIVCLCTALLRWNQMRYSKKGLPPGTMGWPIFGETTEFLKQGPDFMKNQRLRYGSFFKSHILGCPTIVSMDAELNRYILMNESKGLVAGYPQSMLDILGTCNIAAVHGPSHRLMRGSLLSLISPTMMKDHLLPKIDDFMRNYLCGWDDLETVDIQEKTKHMAFLSSLLQIAETLKKPEVEEYRTEFFKLVVGTLSVPIDIPGTNYRSGVQARNNIDRLLTELMQERKESGETFTDMLGYLMKKEDNRYLLTDKEIRDQVVTILYSGYETVSTTSMMALKYLHDHPKALEELRREHLAIRERKRPDEPLTLDDIKSMKFTRAVIFETSRLATIVNGVLRKTTHDLELNGYLIPKGWRIYVYTREINYDTSLYEDPMIFNPWRWMEKSLESKSYFLLFGGGVRLCPGKELGISEVSSFLHYFVTKYRWEENGEDKLMVFPRVSAPKGYHLKCSPY
Q9FI39	THAD_ARATH	reviewed	5	AB017064;CP002688;	3702	IPR001128;IPR017972;IPR002401;IPR036396;IPR051103;	PTHR24298:SF827;PTHR24298;	MASMITVDFENCFIFLLLCLFSRLSYDLFFRKTKDSRAGCALPPSPPSLPIIGHLHLILFVPIHQSFKNISSKYGPLLHLRFFNFPIVLVSSASTAYEIFKAQDVNVSSRPPPPIEESLILGSSSFINTPYGDYSKFMKKFMVQKLLGPQALQRSRNIRADELERFYKTLLDKAMKKQTVEIRNEAMKLTNNTICKMIMGRSCSEENGEAETVRGLVTESIFLTKKHFLGAMFHKPLKKLGISLFAKELMNVSNRFDELLEKILVEHEEKLQEHHQTSDMLDMLLEAYGDENAEYKITRDQIKSLFVDLFSAGTEASANTIQWTMAEIIKNPKICERLREEIDSVVGKTRLVQETDLPNLPYLQAIVKEGLRLHPPGPVVRTFKETCEIKGFYIPEKTRLFVNVYAIMRDPDFWEDPEEFKPERFLASSRLGEEDEKREDMLKYIPFGSGRRACPGSHLAYTVVGSVIGMMVQHFDWIIKGEKINMKEGGTMTLTMAHPLKCTPVPRNLNT
Q9LVY7	C7161_ARATH	reviewed	3	AB018112;CP002688;	3702	IPR001128;IPR017972;IPR002401;IPR036396;	PTHR24286;PTHR24286:SF349;	MYMAIMIILFLSSILLSLLLLLRKHLSHFSYPNLPPGNTGLPLIGESFSFLSAGRQGHPEKFITDRVRRFSSSSSCVFKTHLFGSPTAVVTGASGNKFLFTNENKLVVSWWPDSVNKIFPSSMQTSSKEEARKLRMLLSQFMKPEALRRYVGVMDEIAQRHFETEWANQDQVIVFPLTKKFTFSIACRSFLSMEDPARVRQLEEQFNTVAVGIFSIPIDLPGTRFNRAIKASRLLRKEVSAIVRQRKEELKAGKALEEHDILSHMLMNIGETKDEDLADKIIGLLIGGHDTASIVCTFVVNYLAEFPHVYQRVLQEQKEILKEKKEKEGLRWEDIEKMRYSWNVACEVMRIVPPLSGTFREAIDHFSFKGFYIPKGWKLYWSATATHMNPDYFPEPERFEPNRFEGSGPKPYTYVPFGGGPRMCPGKEYARLEILIFMHNLVNRFKWEKVFPNENKIVVDPLPIPDKGLPIRIFPQS
Q9XHC6	C93E1_SOYBN	reviewed	3	AF135485;AB231332;	3847	IPR001128;IPR017972;IPR002401;IPR036396;	PTHR47944;PTHR47944:SF4;	MLDIKGYLVLFFLWFISTILIRSIFKKPQRLRLPPGPPISIPLLGHAPYLRSLLHQALYKLSLRYGPLIHVMIGSKHVVVASSAETAKQILKTSEEAFCNRPLMIASESLTYGAADYFFIPYGTYWRFLKKLCMTELLSGKTLEHFVRIRESEVEAFLKRMMEISGNGNYEVVMRKELITHTNNIITRMIMGKKSNAENDEVARLRKVVREVGELLGAFNLGDVIGFMRPLDLQGFGKKNMETHHKVDAMMEKVLREHEEARAKEDADSDRKKDLFDILLNLIEADGADNKLTRESAKAFALDMFIAGTNGPASVLEWSLAELVRNPHVFKKAREEIESVVGKERLVKESDIPNLPYLQAVLKETLRLHPPTPIFAREAMRTCQVEGYDIPENSTILISTWAIGRDPNYWDDALEYKPERFLFSDDPGKSKIDVRGQYYQLLPFGSGRRSCPGASLALLVMQATLASLIQCFDWIVNDGKNHHVDMSEEGRVTVFLAKPLKCKPVPRFTPFAA
W8QDR9	W8QDR9_BETPL	unreviewed	2	KJ452328;	78630	IPR001128;IPR017972;IPR002401;IPR036396;	PTHR24286;PTHR24286:SF349;	MEHFYLSLLLLFVSFVTLSLFTLFYKHRSHFTGPNLPPGKTGYPMIGESLEFLSTGWKGHPEKFIFDRMTKFSSEVFKTSLLGQPAAVFCGAACNKFLFSNENKLVTAWWPDSVNKIFPSSTQTSNSKEEAKKMRKLLPQFLKPEALQKYISIMDTIAQRHFASGWEGQKEVTVFPLAKRYTFWLACRLFLSLEDPNHIARFADPFHSVASGIISIPIDLPGTPFNRGIKASNFIRKELSLIIKQRRVDLGEGKASPTQDILSHMLLTSDESGQYMTELDIADKILGLLIGGHDTASAACTFIVKYLAELPHIYEGVYNEQMEIANSKAPGELLNWEDIQKMRYSWNVACEVLRLAPPLQGAFREAINDFIFNGFSIPKGWKLYWSANSTHRSAEYFPEPEKFDPSRFEGRGPAPYTFVPFGGGPRMCPGKEYARLEILVFMHNLVKRFRWEKMIPDEKIVVDPMPMPAKGLPVRLYPHKA
A0A088LHH3	A0A088LHH3_ARAHY	unreviewed	2	KF906535;SDMP01000022;	IPR001128;IPR017972;IPR002401;IPR036396;	PTHR47944;PTHR47944:SF4;	MPDIQVYLVLFLLWFISTILIKSLFTKTQSLRLPPGPPISLPLLGHAPYLRSLLHQALYKLSLRYGPLIHVLIGSKHVVVASSAEMAKQILKTNEEFFCNRPIMIASESLTYGAADYFFIPYGTYWRFLKKLCMNELLSGRTLEHFVDTRQDEVEAFVRNILEISKTGKPIEMRHELIRHTNNIISRMTMGKKSIKSGDEVARLRKVIREVGELLGAFNLGDIVGFMRPFDLQGFGKKNWETHHQLDVMMEQVLKEHEEARSKSDSDRKKDLFDILLDLIEADGDNKLTRESAKAFALDMFIAGTNGPASVLEWSLAELIRNPHALKKAREEIDSVVGKDRLVKESDIPNLHYLQAVVKETLRLHPPTPIFAREALRSCQVEGYDIPQYSKIFINAWAIGRDPNHWDNALEYLPERFLQTEEPGKSKIDVRGQYYQLLPFGSGRRSCPGTSLALLVIQGTLASLIQCFDWVVNDGKNNEVDMSEEGRVTVFLAKPLKCKPVARFAPFSSA	
A0A088LIS6	A0A088LIS6_GLYGL	unreviewed	2	KF906537;	IPR001128;IPR017972;IPR002401;IPR036396;	PTHR47944;PTHR47944:SF4;	MLDIQGYLVLFLLWFISTIFIKSIIFKKSVCYKLPPGPPISVPFLGHAPYLRSLLHQALYKLSIRYGPLMHIMLGSKHVIVASSAESAKNILKTYEESFCNRPIMIASESLTYGAADYFFIPYGNYWRFLKKLCMTELLSGKTLEHFVSIREDEIKAFLNTLLEISKSGKKIEMRQELIRHTNNIISRMTMGKKSNGMGDEVGKLRKLVREIGELLGAFNLGDIIEFMRPLDLQGFGKRNRNAHHNMDEMMEKVLKEHEEVRAKEGVDSDRKKDLFDILLNLIEADSKLTRESAKAFALDMFIAGTNGPASVLEWALAELIRNPQVFKKAREEIDSVVGKERLVKESDIPNLPYLQAVVKETLRLHPPTPIFAREAIRSCQVDGYDIPEHSKIFINAWAIGRDPNYWDNPLVYDPERFLLSDDPSKSKIDVRGQYYQLLPFGSGRRSCPGASLALLVIQATLASLVQCYDWVVNDGKSNEIDMSEVGRVTVFLAKPLKCKPVPHFVPFSA	
A0A088LM09	A0A088LM09_PEA	unreviewed	2	KF906539;	IPR001128;IPR017972;IPR002401;IPR036396;	PTHR47944;PTHR47944:SF4;	MSPIVTKLKNSTMLEIQGYLVLFFLWFISTIFIRSLFKKSECYKLPPGPPISFPILGHAPYLRSLLHQALYKLSTRYGPLMHIMLGSQHVIVASSAESAKQILKTCEESFCNRPIMIASESLTYGAADYFFIPYGNYWRFLKKLCMTELLSGKTLEHFVSIREDEVECFLRNLLEISKNGKPIEMRHELIRHTNNIISRMTMGKKSSGVNDEVGELRKVIREIGELLGAFNLGDIIGFMRPFDLQGFGKKNKDTHHKMDAMMEKVLKEHEEVRAKEGEGSDRKKDLFDILLNLIEADGADSKLTRQSAKAFALDMFIAGTNGPASVLEWALAELIRNPQVFKKARQEIDTIVGKERLVKESDIPNLPYLQAVVKETLRLHPPTPIFAREAIRSCQVDGYDVPAYSKIFINAWAIGRDPNYWDNPSVYDPERFLQNDDPSKSKLDVRGQYYQLLPFGSGRRSCPGASLALIVIQATLASLVQCYDWDVNDGKSNEIDMKEVGRVTVFLAKPLKCKPVSHFVPFSE	
A0A0A0LHC2	A0A0A0LHC2_CUCSA	unreviewed	2	KM655860;CM002924;	IPR001128;IPR017972;IPR002401;IPR036396;	PTHR24286;PTHR24286:SF199;	MELIMNVCVIIGVVLGFFYVFARRFNEIWYSFKLGRKIYKSLPPGDLGWPFVGSTLAFNKAFRVVGDPYTFIHTHLLRYGRVGMYKSHLFGMPTVIVTNPEICRRIYLDDECFEPNYPKSVKILETNGNFLKIEHKIGYKIIASPMNGSEVLSKHVEFIEQLVEMGLEEWSSMRREPIEVMDKIGGLFFKVVLHIFLGNEIDDQAMAELHTLYKELGLVIMSFLPYDLPGFTYRRALKARNKIEKILRCVIEKKRKRFEKDDGTTEVYSLLDKLIVAKNENGSKSYSDDTIIDLLLGTFFAGHNTPATAAMWALLHISQNPHIFQMAKEEQESIIRQRPSTQKGLTFQEIKQMKFLTKFINEVLRRNTVAPTNFRKAKTNVNINGYTIPKGWTNYTPKPGEFIPFGLGSKFCPGSELAKLEMTILLHHFVLNYKVEPVDQNCNDTRLPSAKPMGLCRIVRVSQ	
A0A0A0LQP6	A0A0A0LQP6_CUCSA	unreviewed	2	KM655862;CM002922;	IPR001128;IPR017972;IPR002403;IPR036396;	PTHR24286;PTHR24286:SF305;	MWTILLGLATLAIAYYIHWVNKWKDSKFNGVLPPGTMGLPLIGETIQLSRPSDSLDVHPFIQRKVKRYGPIFKTCLAGRPVVVSTDAEFNHYIMLQEGRAVEMWYLDTLSKFFGLDTEWLKALGLIHKYIRSITLNHFGAESLRERFLPRIEESARETLHYWSTQTSVEVKESAAAMVFRTSIVKMFSEDSSKLLTEGLTKKFTGLLGGFLTLPLNLPGTTYHKCIKDMKQIQKKLKDILEERLAKGVKIDEDFLGQAIKDKESQQFISEEFIIQLLFSISFASFESISTTLTLILNFLADHPDVVKELEAEHEAIRKARADPDGPITWEEYKSMNFTLNVICETLRLGSVTPALLRKTTKEIQIKGYTIPEGWTVMLVTASRHRDPEVYKDPDTFNPWRWKELDSITIQKNFMPFGGGLRHCAGAEYSKVYLCTFLHILFTKYRWRKLKGGKIARAHILRFEDGLYVNFTPKE	
A0A0B4KZX8	C87D1_MAELA	reviewed	3	KF318735;	IPR001128;IPR017972;IPR002401;IPR036396;	PTHR24286;PTHR24286:SF305;	MWVVGLIGVAVVTILITQYVYKWRNPKTVGVLPPGSMGLPLIGETLQLLSRNPSLDLHPFIKSRIQRYGQIFATNIVGRPIIVTADPQLNNYLFQQEGRAVELWYLDSFQKLFNLEGANRPNAVGHIHKYVRSVYLSLFGVESLKTKLLADIEKTVRKNLIGGTTKGTFDAKHASANMVAVFAAKYLFGHDYEKSKEDVGSIIDNFVQGLLAFPLNVPGTKFHKCMKDKKRLESMITNKLKERIADPNSGQGDFLDQAVKDLNSEFFITETFIVSVTMGALFATVESVSTAIGLAFKFFAEHPWVLDDLKAEHEAVLSKREDRNSPLTWDEYRSMTHTMHFINEVVRLGNVFPGILRKALKDIPYNGYTIPSGWTIMIVTSTLAMNPEIFKDPLAFNPKRWRDIDPETQTKNFMPFGGGTRQCAGAELAKAFFATFLHVLISEYSWKKVKGGSVARTPMLSFEDGIFIEVTKKNK	
A0A0B4L1W4	A0A0B4L1W4_ARTAN	unreviewed	2	KF309251;PKPP01015219;	IPR001128;IPR017972;IPR002401;IPR036396;	PTHR24286;PTHR24286:SF349;	MVDLILIYSIFLYLIVVLVPLSLYFVFYKSKPVVDRKLPPGQTGWPVIGETLEFLTNGWKGHPEKFIFDRMARFSPHVFKTSLMLEDAAVFCGSAGNKFLFSNENKLVKAWWPASVEKILPSAKETTNQRKMLSRSFRPESLRQYVPVMDMMAQRHFKTEWDGMDQIVTHEVTQNFTFSLACKIFVSIEDPEEVKHLSGPFEKFAPGIFSIPIDLPWTPLRRAIHAGNFIRKEIIAIIKQRKIDLADGKASPTQDILSQMLCDEESQNIAEADIADVIIGLLIGGHDNASSTCAFIVKFLADLPEIYEGVLKEQLEIAKSKAPGELLNWEDLSKMKYSWNVACEVLRLAPPLQGSFREAMTDFVYNGYSIPKGWKLYWSALSTHKNPEVFTEPQKLDPSRFDGKGPAPYTFVPFGGGPHMCPGREYARLEILVFMHHLVIKYKWEKVIPNEQIIVNPMPKLAKGLPLRLYPRYA	
A0A0B4L1W8	C7A75_MAELA	reviewed	3	KF318733;	IPR001128;IPR017972;IPR002401;IPR036396;	PTHR24286;PTHR24286:SF349;	MELLFVSLLSLFLLILLPLSLLFLFPSSFSTTTTEANKNSANLPPGLTGWPVVGESFQFLAAGWRGNPEKFIFDRIAKYSSYVYKTNLMLERTAVFCGAPAHKFLFSNENKLVQSWWPSSVNKIFPSSNQTSSKEEAMKMRKMLPNFFKPEALQGYIGIMDTIAQRHFAADWDNKDYIVVFPLCKRYTFWLACKIFMSIEDPKDVDRFLARFNLVAEGLLSIPIDLPGTPFHHSIKAAEFIREHLVAIIKQRKIDLAEGKASPTQDIMSYMLLTPDEDGKFMKEYDIADKILGLLVGGHDTASSACAFIVKYLAELPQVYQGVYKEQMEIAKSKGPGELLNWDDIQKMKYSWNVACEVLRLAPPLQGAFRDVLKDFMYEGFYIPKGWKVYWSAHSTHKNPEYFPEPYKFDPSRFDGSGPAPYTFVPFGGGPRMCPGKEYARLEILVFMHNLVKRFRWEKLIPDEKIVVNPMPVPEKGLPIRLFSYDA	
A0A0D9Z4A0	A0A0D9Z4A0_9ORYZ	unreviewed	2		IPR001128;IPR002401;IPR036396;	PTHR24286;PTHR24286:SF194;	MAAMMASITSELLFFLPFILLALLTFYTTTVAKCHGGHWWRGGTTPAKRKRMNLPPGAAGWPLVGETFGYLRAHPATSVGRFMEQHIARYGKIYRSSLFGERTVVSADAGLNRYILQNEGRLFECSYPRSIGGILGKWSMLVLVGDPHREMRAISLNFLSSVRLRAVLLPEVERHTLLVLRAWPPSSTFSAQHQAKKFTFNLMAKNIMSMDPGEEETERLRREYITFMKGVVSAPLNLPGTPYWKALKSRAAILGVIERKMEERVEKLSKEDASVEQDDLLGWALKQSNLSKEQILDLLLSLLFAGHETSSMALALAIFFLEGCPKAVQELREEHLGIARRQRLRGECKLSWEDYKEMVFTQCVINETLRLGNVVRFLHRKVIKDVHYKGYDIPSGWKILPVLAAVHLDSSLYEDPQRFNPWRWKSSGSSGGLAQSSSFMPYGGGTRLCAGSELAKLEMAVFLHHLVLNFRWELAEPDQAFVFPFVDFPKGLPIRVHRIAQDDEQE	
A0A0E0NRY4	A0A0E0NRY4_ORYRU	unreviewed	2		IPR001128;IPR002401;IPR036396;	PTHR24286;PTHR24286:SF194;	MAAMMASITSELLFFLPFILLALLTFYTTTVAKCHGGHWWRGGTTPAKRKRMNLPPGAAGWPLVGETFGYLRAHPATSVGRFMEQHIARYGKIYRSSLFGERTVVSADAGLNRYILQNEGRLFECSYPRSIGGILGKWSMLVLVGDPHREMRAISLNFLSSVRLRAVLLPEVERHTLLVLRAWPPSSTFSAQHQAKKFTFNLMAKNIMSMDPGEEETERLRREYITFMKGVVSAPLNLPGTPYWKALKSRAAILGVIERKMEERVEKLSKEDASVEQDDLLGWALKQSNLSKEQILDLLLSLLFAGHETSSMALALAIFFLEGCPKAVQELREEHLGIARRQRLRGECKLSWEDYKEMVFTQCVINETLRLGNVVRFLHRKVIKDVHYKGYDIPSGWKILPVLAAVHLDSSLYEDPQRFNPWRWKSSGSSGGLAQSSSFMPYGGGTRLCAGSELAKLEMAVFLHHLVLNFRWELAEPDQAFVFPFVDFPKGLPIRVHRIAQDDEQE	
A0A0S2II38	C7A94_KALSE	reviewed	3	KT150521;	IPR001128;IPR017972;IPR002401;IPR036396;	PTHR24286;PTHR24286:SF349;	MQLFYVPLLSLFVLFVSLSFYFLFYKSKSGSTSGLPLPPGKTGWPVIGESFEFLSTGWKGYPEKFIFDRLAKYSSNVFKTSLFGQPAAAFCGAACNKFLFSNENKLVQAWWPDSVNKVFPSSTQTSSKEEAIKMRKLLPNFLKPEALQRYVGVMDQIATKHFKSGWENKKEVLVFPLAKNYTFWIACKVFVSVEEPTQVAKLLEPFNAIASGIISVPIDLPGTPFNSAIKSSKIVRDKLMGIIKQRKTDLGEGKASPTQDILSHMLLTSDENGKFMTEGDIADKILGLLIGGHDTASSACTFVVKFLAELPEIYEGVYKEQMEIAKSKKAGELLNWEDIQKMKYSWNVACEVLRLAPPLQGAFREALTDFSYNGFSIPKGWKLYWSANSTHRNSEVFPEPLKFDPSRFEGAGPPPYSFVPFGGGPRMCPGKEYARLEILVFMHHVVKRFKWEKVIPDEKIVVNPMPIPAKGLPVRLFPHKA	
A0A0U2U8U5	C7A81_BARVU	reviewed	3	KP795925;	IPR001128;IPR017972;IPR002401;IPR036396;	PTHR24286;PTHR24286:SF349;	MYLTILFLFVSSILLSLMFLLRKHLSHFSYQNLPPGKTGFPLIGESLSFLSEGRQGRPEKFVTDRVRRFISSSTGVFKTHLFGYPTAVMTGASGNKFLFTNENKLVVSWWPDSVKKIFPYTQSTYTDESKKLRILLMQFMKPEALRKYIGVMDEVAQRHFETLWTNQKQLIVYPLSKKLTFSVACRLFLSMDDPERVSKLEDRFNSVVTGIYSVPIDLPGTRFNRSIKASRLLRKEVCAIIGQRREELKAGRASAEQDVLSHMLMSVGETKDEDLANYLIGILIGGHDTAAIATTFIINYLAEYPHVYQRVLQEQKEILKEKKEEERLKWEDIEKMKYSWNVACEVMRLVPPLTGNFREAIDHFTFKGFYIPKGWKLYWSATATHMNPDYFPEPERFEPNRFEGSGPKPYSYIPFGGGPRMCPGREFARLEILVIIHNLVNRFKWEKVFPNENKIVVDPLPKPGNGLPIRIFPHF	
A0A140JWM8	C7162_ARATH	reviewed	3	LC106013;AB018112;AB018112;CP002688;CP002688;	IPR001128;IPR017972;IPR002401;IPR036396;	PTHR24286;PTHR24286:SF349;	MYLTIIFLFISSIIFPLLFFLGKHLSNFRYPNLPPGKIGFPLIGETLSFLSAGRQGHPEKFVTDRVRHFSSGIFKTHLFGSPFAVVTGASGNKFLFTNENKLVISWWPDSVNKIFPSSTQTSSKEEAIKTRMLLMPSMKPEALRRYVGVMDEIAQKHFETEWANQDQLIVFPLTKKFTFSIACRLFLSMDDLERVRKLEEPFTTVMTGVFSIPIDLPGTRFNRAIKASRLLSKEVSTIIRQRKEELKAGKVSVEQDILSHMLMNIGETKDEDLADKIIALLIGGHDTTSIVCTFVVNYLAEFPHIYQRVLEEQKEILNNKDVNEKLTWEDIEKMRYSWNVACEVMRIVPPLAGTFREAIDHFSFKGFYIPKGWKLYWSATATHKNPEYFPEPEKFEPSRFEGSGPKPYTYVPFGGGSRICPGREYARLEILIFMHNLVKRFKWEKVFPKENKLVADPAPIPAKGLPIRIFPQS	
A0A161ABB0	A0A161ABB0_OCIBA	unreviewed	2	JQ958968;	IPR001128;IPR017972;IPR002401;IPR036396;	PTHR24286;PTHR24286:SF349;	MDVFYVSLFCLFVSFVLLSLHLLFYKNKPGPALPPGKTGWPVIGESLEFLSTGWKGHPEKFILDRMAKFSSVVFRTHLLGEKAAVFCGAAGNKFLFSNENKLVQAWWPSSVDKIFPSSTQTSSKEEAIKMRKMLPNFFKPEALQRYVGIMDHIAQRHFADGWDNKEEVVVFPLAKNFTFWLACRLFVSIEDPDQVDKFAEPFNLLAAGLISIPIDLPGTPFNKGIKASNRVRKELVSIIKQRKIDLAEGKASPTQDILSHMLLTGDENGKFMQELDIADKILGLLIGGHDTASSACTFIVKYLAELPQVYERVYNEQMEIAKTKAPGELLNWEDLQKMKYSWNVACEVLRLASPLQGAFREAITDFVYNGFSIPKGWKLYWSANSTHKNPEFFPEPMKFDPSRFEGSGPAPYTFVPFGGGPRMCPGKEYARLEILVFMHHLVKRFRWEKMIPDEKIVVDPMPMPAKGLPVRLFPHKF	
A0A161ABI1	A0A161ABI1_OCIBA	unreviewed	2	JQ958967;	IPR001128;IPR017972;IPR002401;IPR036396;	PTHR24286;PTHR24286:SF349;	MEFFYASLLCLFVSFVFLLLHLLFYKTKPRSGSLPPGKTGWPVLGESLEFLPTGWKGHPEKFIFDRMAKYSSQIFRTHLLGEPAAVLCGSAGNKFLFSNENKLVQAWWPSSVDKIFPNVNPTSSKEEAIKMRKMLPQFMKPEALHRYVGIMDHIARRHFADGWENKEEVVVFPLAKNYTFWLAMRLFVSVEDPAMVEKFAAPFNLLAAGLISIPIDLPGTPFNKGIKASAYIRKELGEIIKQRKADLAEGKASPTQDILSHMLLTANEDGKFMHELDIANKILGLLIGGHDTASSACTFIVKYLAELPEVYDAVYREQVEIAKTKAPGEMLNWEDLQKMKYSWNVACEVLRLAPPLQGAFREAIADFSFNGFSVPKGWKLYWSANSTHKNAEFFPEPQKFDPSRFEGSGPAPYTFVPFGGGPRMCPGKEYARLEILVFMHHLVNKFKWEKIIPDEKIVVDPMPIPAKGLPIRLYPRTA	
A0A178U948	A0A178U948_ARATH	unreviewed	2	LUHQ01000005;	IPR001128;IPR017972;IPR002401;IPR036396;	PTHR24286;PTHR24286:SF349;	MYLTIIFLFISSIIFPLLFFLGKHLSNFRYPNLPPGKIGFPLIGETLSFLSAGRQGHPEKFVTDRVRHFSSGIFKTHLFGSPFAVVTGASGNKFLFTNENKLVISWWPDSVNKIFPSSTQTSSKEEAIKTRMLLMPSMKPEALRRYVGVMDEIAQKHFETEWANQDQLIVFPLTKKFTFSIACRLFLSMDDLERVRKLEEPFTTVMTGVFSIPIDLPGTRFNRAIKASRLLSKEVSTIIRQRKEELKAGKVSVEQDILSHMLMNIGETKDEDLADKIIALLIGGHDTTSIVCTFVVNYLAEFPHIYQRVLEEQKEILNNKDVNEKLTWEDIEKMRYSWNVACEVMRIVPPLAGTFREAIDHFSFKGFYIPKGWKLYWSATATHKNPEYFPEPEKFEPSRFEGSGPKPYTYVPFGGGSRICPGREYARLEILIFMHNLVKRFKWEKVFPKENKLVADPAPIPAKGLPIRIFPQS	
A0A178V7C8	A0A178V7C8_ARATH	unreviewed	2	LR881469;LUHQ01000004;CACRSJ010000109;	IPR001128;IPR017972;IPR002401;IPR036396;IPR051103;	PTHR24298:SF630;PTHR24298;	MDAIVVDSQNCFIIILLCSFSLISYFVFFKKPKVNFDLLPSPPSLPIIGHLHLLLSTLIHKSLQKLSSKYGPLLHLRIFNIPFILVSSDSLAYEIFRDHDVNVSSRGVGAIDESLAFGSSGFIQAPYGDYWKFMKKLIATKLLGPQPLVRSQDFRSEELERFYKRLFDKAMKKESVMIHKEASRFVNNSLYKMCTGRSFSVENNEVERIMELTADLGALSQKFFVSKMFRKLLEKLGISLFKTEIMVVSRRFSELVERILIEYEEKMDGHQGTQFMDALLAAYRDENTEYKITRSHIKSLLTEFFIGAADASSIAIQWAMADIINNREILEKLREEIDSVVGKTRLVQETDLPNLPYLQAVVKEGLRLHPPTPLVVREFQEGCEIGGFFVPKNTTLIVNSYAMMRDPDSWQDPDEFKPERFLASLSREEDKKEKILNFLPFGSGRRMCPGSNLGYIFVGTAIGMMVQCFDWEINGDKINMEEATGGFLITMAHPLTCTPIPLPRTQNSLISHL	
A0A178VT37	A0A178VT37_ARATH	unreviewed	2	CACSHJ010000088;LUHQ01000002;CACRSJ010000105;	IPR001128;IPR017972;IPR002401;IPR036396;	PTHR24286:SF228;PTHR24286;	MVFSVSIFASLAPYLVSALLLFFLIEQLSYLVKKRNLPGPLFVPPIIGNAISLVRDPTSFWFKQSDTAGTSPGLAANYLIGKFIIYIRDTELSHQIFSNVRLEAFHPLGHPFGKQLFGDHSLIYLFGEDHKTVRRHLAPNFTPKALSTYSDLQQIVMLRHLRQWEESFSGGTKPVSMRDLVRELNLETSQTVFVGPYLDKEARNTFCTDYNLFNLGSMALPINLPGFAFNKARRAVMNLEKTLSVCAGKSKKRMATGEEPTCLIDFWMHAFVTEIESGNPPPLHSEDEAIGGLLFDFLFAAQDASTSSLLWAVTFLESHPKVLSKVREEVAKIWSPQSGHLITADQLAEMKYTRAVAREVVRYRPPATMVPHIATNDFPLTESYTIPKGTIVFPSVFDASFQGFTEPNRFDPDRFSETRQEDQVFKRNYLAFGWGAHQCVGQRYALNHLVLFIAMFSSLFDFKRLQSDGCDDIIYCPTISPKDGCTVFLSKRIVTYPNL	
A0A1B2AS12	A0A1B2AS12_CHEQI	unreviewed	2	KX343075;	IPR001128;IPR017972;IPR002401;IPR036396;	PTHR24286;PTHR24286:SF349;	MELFFLASIALISSLSLPFLYLFYRHYSTWGYKLPPGSMGWPVVGESLEFFSTGWKGYPEKFIFDRLKKYKPSQVFKTSIFGEKVAILCGATGNKFLYSNENKLVQAWWPKSVDKIFPAATQHSSIEEARTMRKLIPLFLKPESLQRYIPIMDTIATRHMESGWEGKDKVEVFPLAKRYTFWVACRLFLSIEDPVHVAKFADPFNEIAAGIISIPIDLPGTPFHKGIKSSEIVRKELSAIIKQRKLDLADGKASPTQDILSHMLLTSTDDGKFMNEMDIANKILGLLIGGHDTASASCTFIVKFLAELPHIYEGVYKEQMEIANSKKPGELLNWEDIQKMKYSWNVACEVMRLAPPLQGGFREAISDFMYNGFQIPKGWKLYWSANTTHLNPEFFPEPTKFDPSRFDGSGPAPYTFVPFGGGPRMCPGKEYARLEILVFMYHIVKRFKWEKVLPSEKVIVNPMPIPEHGLPVRLFPHPQTTVA	
A0A1I9Q5Y3	A0A1I9Q5Y3_CENAS	unreviewed	2	KU878848;	IPR001128;IPR017972;IPR002401;IPR036396;	PTHR24286;PTHR24286:SF349;	MELLSSYASFLFLLFVLLSVGLLYKKKSSSSSKTGSPIPPGKTGWPVLGESLEFLSTGWKGHPEKFIFDRMAKYSSSVFRTSLLGEPAAVFCGAAGNKFLFSNENKLVQAWWPSSVDKLFPSSNQTSSKEEAIKMRKMLPHFFKPEALKQYVGIIDHITQRHFSSSWDGNKEVTVFPLTKRFTFWLACRLFMSVEDPNHVAQFADPFDVLASGLISIPIDLPGTPFRRAINASNHIRKELTKIIKQRKIDLGEGKANPTQDILSHMLLTSDEDGKFMNELDIADKILGLLIGGHDTASSACAFIVKYLAELPHIYDGVYNEQMEIAKSKAPGELLNWDDLQKMKYSWNVACEVMRLAPPLQGAFREATSDFIYNGFAIPKGWKLYWSANSTHKNAEFFPEPQKFDPSRFEGSGPAPYTFVPFGGGPRMCPGKEYARLEILVFMHHLVKRFKWEKIIPDEKVVVNPMPIPAKGLPVRLFPHKA	
A0A1I9Q5Y6	A0A1I9Q5Y6_CENAS	unreviewed	2	KU878851;	IPR001128;IPR017972;IPR002401;IPR036396;	PTHR24286;PTHR24286:SF347;	MSLFSDVVLLVIFPIILSLFFYRKLKSSSSKTVNTPPGSSGWPIVGESIKFGSAGPQKFIKERMEKYSPDVFHTSLLGEKLAVFCGAQGNKFVFTNETTVLTSWWPQAMKKALISPELSENEAKEIRKSQKGFLPDILKPEALKQYIPVMDAMARDHVASEWTPRYVVKVSPLAMKYTFGLACRLFMNVVEPDRIDKLTKHFTRVITGFMAVPIDLPGTAYNSAINGGKLVRAELLNIISARREEIRENKETIGRDFLSKMLLVTDEDGEFMTEKEICNNIIGLLVASYETTSTAVTFVLKHLAEYPHIYDKVYEEQMEIKKSKKPGDLLCWEDVQKMKYTWNVACESLRLAPPGQGAFREAATDFTYAGFTIPKGWKVFWTVHTSHRDPKYFPDPDKFDPSRFEGSGPAPYSYVPFGGGPRMCPGKEYARLEILVFIYNVVTNFKLEKLSPNEKVLFRSSLVLTEGLPVRLVPHKN	
A0A1I9Q5Y8	A0A1I9Q5Y8_PLAGD	unreviewed	2	KU878853;	IPR001128;IPR017972;IPR002401;IPR036396;	PTHR24286;PTHR24286:SF349;	MELLYVSLLTLLVLLFPLSLHFLFKKTKSGLGEVGRLPPGKTGWPIVGESIEFLSTGWKGHPEKFIFDRMSKYSPQVFRTSLMLEDAAVFCGSAGNKFLFSNEKQLVTAWWPASVDKVFPSSDQRSKEEAIKMKKLLPTFFKPVALQNYVGVMDQITERHFASDWDNNNKVVYPLTKRFTFALACKIFVSIDDPDEVARLVVPFESIATAILSIPLDLPGTGFRRGINAANFIRKELLAIIKQRKIDLAKGKASPTQDILSHMLLTSDENGKFMQEYDIADKILGLLIGGHDTASSACVFIVKYLAELPEIYDGVYKEQMEIAESKAPGELLNWDDLTKMKYSWNVACEVLRLAPPLQGAFREAITDFMYSGFSIPKGWKLYWSANSTHKNPKFFPEPQKFDPSRFEGAGPAPFTFVPFGGGPRMCPGKEYARVEILVFMHHLVKRFKWEKIIPNEKIVVNPMPCPAKGLPIRLYPHKA	
A0A1I9Q5Z9	A0A1I9Q5Z9_AQUCA	unreviewed	2	KU878864;KZ305028;	IPR001128;IPR017972;IPR002401;IPR036396;	PTHR24286;PTHR24286:SF349;	MEQISLSWLITLVALFLFLPLILLSTRNKANTSNNFPPGKTGWPIIGESLEFLNTGRRGVPEKFIHDRMQKFSSHIFRTSLLGEPAAVLCGPTGNKFLYSNENKLVQAWWPSSVYKIFPSTGQSSSSEEAIKMRKMLLSFFKPEALQRYVETMDTIAKQHLKNEWENRKEVMVFPLSKGYTFALACKLFMSIDDPIQLARFADPFAILASGVIAIPINLPGTSFNKAIKASELIRKDLHKIIKQRKIELAEKRASPMQDVLSHMLSTSDENGTFMSEMDIADKILGLLIGGHDTASAAITFVMKFLAELPHIYNDVHKEQMEILKSKGSRELLKWEDIQKMKYSWNVACEVMRLAPPLQGGFREALADFTYNGFSIPKGWKLYWSTNSTHKNSTYFPNPENFDPSRYEGNGPAPYTYVPFGGGPRMCPGKEYARLEILVFMHNVVTKFKWEKILPDENIVVNPMPVPAKGLPIRLEPQVC	
A0A1I9Q601	A0A1I9Q601_AQUCA	unreviewed	2	KU878866;	IPR001128;IPR017972;IPR002401;IPR036396;	PTHR24286:SF371;PTHR24286;	MEVISFSMLIILLFALFLISLPLLLFLIQNKSHSSKNTTMFPHGNMGWPIIGETLEFLKLGRKGIPEKFINDRMQKFSSKVFKTSLFGETMVVLCGPEGNKFLFSNENTLVKGWVPGSIRKIIPSAGNVSTNEGAIKMRKKLQTSFKLETLQKFIGKMDLAAKEHLTTHWDNKKEVLVFPLAKNYGFSLVCQLFMSLDDHVEAAKFYDHFAVLLAGLISIPIDLPGTSLHKAIGASNILRKYIAEIVRQRKLDIAERVESVPQDILSHMLLTSDENGQFLNDMEIADRIVGLLVAGHDTVSAAITFIVKYLAELPHIYEEVQNEQREILRSKPKGELLNWEDISRMKYSWNVAREAMRLASPAQGFFREAITNFTYAGFSIQKGWKIYWSTYSTHKDPNYFPNPETFDPSRFEGNGPAPYTYIPFGGGPHMCPGNVYARLVILVFMHNVVTRFKWEKIFADERIIIDPLPKPAKGLPIRLQPQCT	
A0A1P8B8J8	A0A1P8B8J8_ARATH	unreviewed	2	CP002687;	IPR001128;IPR017972;IPR002401;IPR036396;IPR051103;	PTHR24298:SF630;PTHR24298;	MDAIVVDSQNCFIIILLCSFSLISYFVFFKKPKVNFDLLPSPPSLPIIGHLHLLLSTLIHKSLQKLSSKDHDVNVSSRGVGAIDESLAFGSSGFIQAPYGDYWKFMKKLIATKLLGPQPLVRSQDFRSEELERFYKRLFDKAMKKESVMIHKEASRFVNNSLYKMCTGRSFSVENNEVERIMELTADLGALSQKFFVSKMFRKLLEKLGISLFKTEIMVVSRRFSELVERILIEYEEKMDGHQGTQFMDALLAAYRDENTEYKITRSHIKSLLTEFFIGAADASSIAIQWAMADIINNREILEKLREEIDSVVGKTRLVQETDLPNLPYLQAVVKEGLRLHPPTPLVVREFQEGCEIGGFFVPKNTTLIVNSYAMMRDPDSWQDPDEFKPERFLASLSREEDKKEKILNFLPFGSGRRMCPGSNLGYIFVGTAIGMMVQCFDWEINGDKINMEEATGGFLITMAHPLTCTPIPLPRTQNSLISHL	
A0A1P8W705	A0A1P8W705_9APIA	unreviewed	2	KX354739;	IPR001128;IPR017972;IPR002401;IPR036396;	PTHR24286;PTHR24286:SF349;	MQLFYVPLLSLFVLLVSLSFYFLFYKSKSGSPGALPLPPGKTGWPVIGESFEFLSTGWKGHPEKFIFDRLAKYSSNVFRTSLLGQPAAVFCGAACNKFLFSNENKLVQAWWPDSVNKVFPSSTQTSSKEEAIKMRKLLPNFLKPEALQRYVGIMDQIAKKHFESGWENKKEVSVFPLAKNYTFWIACKVFLSVEEPTQVAKLLEPFNAIASGIISVPIDLPGTPFNSAIKSSKIIRDKLLGIIKQRKIDLGEGKASPTQDILSHMLLTSDENGKFMTEGDIADKILGLLIGGHDTASSACTFVVKFLAELPEIYEGVYKEQMEIAKSKKPGELLSWEDIQKMKYSWNVACEVLRLAPPLQGAFREVLTDFSYNGFSIPKGWKLYWSANSTHRNSEVFPEPLKFDPSRFEGAGPPPYSFVPFGGGPRMCPGKEYARLEILVFMYHVVKRFKWEKVIPDEKIVVNPMPIPASGLPVRLFPHKA	
A0A396JCZ5	A0A396JCZ5_MEDTR	unreviewed	2	PSQE01000002;	IPR001128;IPR017972;IPR002401;IPR036396;IPR050665;	PTHR24282:SF255;PTHR24282;	MELSWETKSAIILITVTFGLVYAWRVLNWMWLKPKKIEKLLREQGLQGNPYRLLLGDAKDYFVMQKKVQSKPMNLSDDIAPRVAPYIHHAVQTHGKKSFIWFGMKPWVILNEPEQIREVFNKMSEFPKVQYKFMKLITRGLVKLEGEKWSKHRRIINPAFHMEKLKIMTPTFLKSCNDLISNWEKMLSSNGSCEMDVWPSLQSLTSDVIARSSFGSSYEEGRKVFQLQIEQGELIMKNLMKSLIPLWRFLPTADHRKINENEKQIETTLKNIINKREKAIKAGEATENDLLGLLLESNHREIKEHGNVKNMGLSLEEVVGECRLFHVAGQETTSDLLVWTMVLLSRYPDWQERARKEVLEIFGNEKPDFDGLNKLKIMAMILYEVLRLYPPVTGVARKVENDIKLGDLTLYAGMEVYMPIVLIHHDCELWGDDAKIFNPERFSGGISKATNGRFSYFPFGAGPRICIGQNFSLLEAKMAMALILKNFSFELSQTYAHAPSVVLSVQPQHGAHVILRKIKT	
A0A3B6MJM9	A0A3B6MJM9_WHEAT	unreviewed	2	CM022225;	IPR001128;IPR002403;IPR036396;	PTHR24286;PTHR24286:SF258;	MLSVLTSFLCFLCAALRTAQIYDAHNPLCRDILRPNNNMDLASLTAVWWAVALLFITVLVTKISRARVTTVDLHRTTGQLPPLVNGVALLKLLPTLLNKGLPAMVNDLYVKYGSVFMVSSFGVKVTLLIGPEVTAHFFQGLESEISHGNLFEFTVPMFGEAVGYGRDTATRTEQMRFHIEALRPSRLRSHVYPMLQEVEGYFAKWGEEGIVDLKLEFEKLLMLISSRCLLGKEVRENMFDEVYTLFHEIEDNGVTLISFLFPYLPTPANRKRDKARIRLTQILSDVVDSRKNSGRVEDDTLQKLIDSKYKDGRPTTVEEVVGLIIGLLFAGKHTSSHTSTWTAACLLSHPTFLRAAIEEQQQISSKYKDMGLDYNAFIEMDTLHSCIKEALRKHPPTPMLVRRAHKQFMVKTKEGKEYDIPQDHIVATPTIVTNNISYIYKDPQVYDPCRFGPERREDKVGGKFSYTSFSGGRHICTGEAYAYMQLKVIWSHLLRNFELELISPFPKTDWGKFLPEPQGKLLVKYKRNGIL	
A0A3B6MKP2	A0A3B6MKP2_WHEAT	unreviewed	2	CM022225;	IPR001128;IPR002403;IPR036396;	PTHR24286;PTHR24286:SF258;	MIWPNNNMDLASLTAVWWAVALLFITVLVTKISRARVTTVDLHRTTGQLPPLVNGVALLKLLPTLLNKGLPAMVNDLYVKYGSVFMVSSFGVKVTLLIGPEVTAHFFQGLESEISHGNLFEFTVPMFGEAVGYGRDTATRTEQMRFHIEALRPSRLRSHVYPMLQEVEGYFAKWGEEGIVDLKLEFEKLLMLISSRCLLGKEVRENMFDEVYTLFHEIEDNGVTLISFLFPYLPTPANRKRDKARIRLTQILSDVVDSRKNSGRVEDDTLQKLIDSKYKDGRPTTVEEVVGLIIGLLFAGKHTSSHTSTWTAACLLSHPTFLRAAIEEQQQISSKYKDMGLDYNAFIEMDTLHSCIKEALRKHPPTPMLVRRAHKQFMVKTKEGKEYDIPQDHIVATPTIVTNNISYIYKDPQVYDPCRFGPERREDKVGGKFSYTSFSGGRHICTGEAYAYMQLKVIWSHLLRNFELELISPFPKTDWGKFLPEPQGKLLVKYKRNGIL	
A0A3Q7HBJ5	C7A44_SOLLC	reviewed	4	AK329870;	IPR001128;IPR017972;IPR002401;IPR036396;	PTHR24286:SF331;PTHR24286;	MELLYVCLVCVFVFLVSLLLLYKKKSGEGLPPGKTGWPVFGESLEFLSSGWKGHPEKFIFDRVAKYSSSVFKTHLLGEEAAVFCGASANKFLFSNENKLVQAWWPNSVNKVFPSSTQTSSKEEAIKMRKMLPNFFKPEALQRYVGIMDHITQRHFATGWENKEQVVVFPLTKRYTFWLACRLFLSVEDPKHVAKFADPFDVLASGLISIPIDLPGTPFNRAIKASNFIRKELVRIIKQRKIDLGEGKVSSTQDILSHMLLTCDENGKFLGDLDIADKILGLLIGGHDTASSACSFIVKYLAELPHIYQRVYTEQMEIAKSKGPGELLRWEDIQKMKYSWNVACEVLRLAPPLQGAFREALSDFMFNGFYIPKGWKIYWSANSTHKREEFFPDPEKFDPSRFEGSGPAPYTFVPFGGGPRMCPGKEYARLEILVFMHHLVKRFKFEKIIPHEKIIVNPMPIPANGLPLRLYPHHHNP	
A0A3S5GS06	A0A3S5GS06_TARKO	unreviewed	2	MG646382;	IPR001128;IPR017972;IPR002401;IPR036396;	PTHR24286;PTHR24286:SF349;	MAMFYASLFSLFTIVVSCLLRFAFFKSKSAANINLPPGRRGWPVIGETVEFVTAGWKGHPEKFIVDRMKKFSHHVFRTSLMLEDAAVFCGPEGNKFLFSNENKLVRFWLPASARKILPFTQYCGDDIAKMVRYHLKPETIRQYVPIIDMVAQKHFETRWEGKDQILTHETTKNFTFLVACKIFFSIDEPEWVNNLSGPFKRLAPGLFSIPINLPGTPFRRAINARTFIGKELTAIVKQRKIDLANGKASPTQDILSLLLGDDYGKYMADTAIADLIIGLMIGGYDSTSSTCTFIVNYLAELPEIYEKVYKEQTEIAKSKTSKELLNWDDISKMKYSWNVVSEVLRLVPPTQGTFREAICNFTFRQYSIPKGWKLYWSTNSTHKNPNFFLEPEKFDPSRFDSQALVPYTYVPFGGGCHLCPGKEFARVELLVFIHHLVRKFKLKKIFSKEDIIFDLLQPKLAKGLPIHLYPHKL	
A0A3S9W0N3	A0A3S9W0N3_LAGSP	unreviewed	2	MG708187;	IPR001128;IPR017972;IPR002401;IPR036396;	PTHR24286;PTHR24286:SF349;	MEHFYLSILLFFVSFITLSLFFVFYRHLSHFRGTNLPPGRFGLPFIGETLEFLADGWKGYPEKFFFERMSKYSSEIFKTSILAEPTAVFCGAAGNKFLFSNENKLVTAWWPDSVNKVFPSSLQTSSQEEARRMRKMLPNFLKPEALQRYIGIMDHIAQRHFAMGWENKDEVEVFPLAKRFTFWLACRLFVSVEDPDHVAKFADPFNEIASGIFSVPIDLPGTPLNRAKHASNFIRKELGAIIKQRKIDLADGTASPTQDILSHMLLATDEDGKHMNELDIADKILGLLIGGHDTASAACTFIVKYLAELPHIYQGVYEEQMEIARSKAPGELLNWDDLQKMKYSWNVACEVLRLASPLQGAFREALTDFMFNGFSIPKGWKLYWSAHSTHRSPDYFPDPEKFDPSRFDGKGPAPYTFVPFGGGPRMCPGKEYARLEILVFMYNLVKRFRWEKVLPDEKIIVNPMPMPAKGLPVRLYPHKA	
A0A3S9W0N6	A0A3S9W0N6_LAGSP	unreviewed	2	MG708188;	IPR001128;IPR017972;IPR002401;IPR036396;	PTHR24286;PTHR24286:SF349;	MGLPSSSSVSAHKDSTMEPNFYLSLLPLFVSFVSISLFVVFYRHRSSFCGPNLPPGDVGLPYVGESLQFLSTGWKGHPEKFIFDRISKFSSHVFKTSLLGEPAAVFCGSAGNKFLFSNENKLVQAWWPNSVNKVFPSSLQTSSKEEAKKMRKMLPQFLKPEALQRYIGIMDTIAQQHFAMGWENKDEIVVFPLAKRYTFWLACRLFISVEDPNHVARFADPFNLLASGIISIPIDLPGTPFNRAIKASNFIRKELIAIIKQRKVDLAEGKATATQDILSHMLLATDEDGKHMNEMDIADKILGLLIGGHDTASAACTFIVKYLAELPHIYDEVYKEQMEIANSKAPGELLNWDDIQKMRYSWNVACEVMRLAPPLQGAFREAMNDFIFNGFSIPKGWKIYWSANSTHKSADYFPEPEKFDPARFEGAGPAPYTFVPFGGGPRMCPGKEYARLEILVFMHNLVKRFRWEKLIPDEKIVVDPMPMPAKGLPVRLHPHRA	
A0A4P2PRK0	A0A4P2PRK0_9ROSA	unreviewed	2	MF596155;	IPR001128;IPR017972;IPR002401;IPR036396;IPR050665;	PTHR24282:SF20;PTHR24282;	MSWLGFEMPVLTSIFLCLFLVILLAVVKNLQKLWWTPNRIQNRMVAQGVHGPSYKFIHGSTKEILSMKRETMGRPRSLTHDIFSAVQPHIHTWSKIFGKNFLQWYGVQPQMIIAEPELCKEVLNNKDRNYRKQRSQGYIKKLLGDSISMAEGEKWVKLRKLAHHAFHGESLKNMIPEMIKSSETMVQRWKTYEGKEIEVNEEFRVFTSEVISRTAFGSSFVEGKNIFEMLRELTSLIFRNTFKLRVPGISMFYKTSDEIKSEKLEKGIRDIITEIVRKREKTAITGGEANDFGSDYLGILLKAHHDANEKQRISVEDLVDECKTFYFAGQETTNSLLAWTIFLLALHTDWQEEARKEVLKLFGKENPNTDGLNKLKTMGMIINESLRLYPPVVSLTRESLKEVRLGQIVVPANVELHVANMALHHDPKYWGKDVQLFKPERFSEGIAKATNNNTVAFMPFGMGPRTCVGMNFAIIEAKIALSMILQRYSFTLSPGYVHSPIQFLTVRPQYGVQVILHPV	
A0A4P2TT22	A0A4P2TT22_9ROSA	unreviewed	2	MF120282;	IPR001128;IPR017972;IPR002401;IPR036396;	PTHR24286:SF88;PTHR24286;	MESQLLLLLLLGALALIIYAFKFKSSKTNLPPGSFGWPIIGETIAFMKEQQQHFVGERMKKHSTKLFKTSIFGERMVVLCGTAGHKFIATNEEKLFLAWRPLSMQKLFRSSYLKAAATAIVPQADVIQIYRAPGFLKPEALVKYIETMDSLVQEHLKLHWEGKTTVEVYKLAQLLVTSLSARFFTGLHDNERTEKYARLMDVVTSGLHTIHINIPGTTFHRAMKGAKALRKEVLLLIEEKKAAAASGVQMHDILSFMLFNPDPTGRFSTENEVADKFMGSMVAAFHSPSMVTSFLFKYLGERPEICDKVRREQLEIASSKKWGEALNWEDIHKMKYSWGVALEVMRLVPPLQGTFREVASEFTYEGYTIPKGWKVFWSASSTNKIPEYFPDPEEFDPSRFENGKTPPAYSNIPFGSGPRICPGKEYARLQLMCCLHHIVTKYKWEVINPNSKIAGGLNPVPEEGIHIRIQPYFPLQ	
A0A5B8NBK9	A0A5B8NBK9_MELAZ	unreviewed	2	MK803271;	IPR001128;IPR017972;IPR002401;IPR036396;IPR050193;	PTHR47956:SF107;PTHR47956;	MNLQLDYFSITSFLVFLVVLFRIVSDWNKKSTNLRLPPGPSKLPIIGSVHHMIGLDVDLPYHALTDLAKKYGPLMHLQLGQMSLVVASSAKMFKELMKENDLAISQRPVPYVARVLNDAGRDIAFVPYGDYWRQIRKISRMELFSVRKVQSLYYIREDQSNKMIDAIGGSAETVMNLSKAVSDYTSTVVARAAFGSGCKDQDKFIKLSLEMVAAAGAVSTLPDMFPALGFIPVLSGKKAFLQNIQKEADKILDYIIDEHIQRTKSKDYDGKESDKEDIVDVLLRLEKTGELEIPITTPDIKAVIWSVFAGGTDTSSTTTLWAMSELMRNPKVMEKVQAEVREKLKGKKEILEADIQDLPYMRAVIKETLRLRIPGPLLLPRETMEPIEVDGYVIPEKTKILFNAWAVTRDPELWENPESFIPERFIEKQIDFKGTNYEFTPFGSGRRICPGMNFGIANVELPLAKLLYYFNWQLPHGMKPEDLDMTAKFGVVCGRKNDLFLIPTPYNIEVEN	
A0A5K7U6A3	A0A5K7U6A3_MOMCH	unreviewed	2	LC456843;	IPR001128;IPR017972;IPR002401;IPR036396;IPR050651;	PTHR47947;PTHR47947:SF65;	MENILLYFSLSLLSILVVRFLLRSPSGRKLPPSPAFRLPIIGHLHLLGRPAQHAFKKLADKYGPVFSLRFGSRLVVIITSPEAVKECFTKNDVVLAARPLLNSGKYMAYDNTIFAAASYGEHWRNLRRIGSIEIYSPTRLNKFLDSRGDEVKRLLRRLGESNNSPPPASAGFSTVKLEPLFAELTFNVVMRMVAGKSYFGENVSNEEEAKQFRYIMKEIFMISEASSPGDFIPIWNWIDPTGYEKKLKNIAKKVDIFLVNLIEEIRNRKGEGNTMVDHLLSMQVSEPQFFSDQIIKGLIWVIMLAGTDTQSGTLTWTMSHLLNNPEVLKKARAEIDTVVGRERLVEENDLSKMTYLQQVIAETLRLNPLPLLLPHCASEDCTIQGYHIPRDTMLLFNVWAIHRDPKLWDDALIFKPERHATLTIEDQYKYLPFGLGRRACPGGGMANRLVGLALATMIQCFEWKRVSDELVDMTVGNGITASRAFPLEAMCKPWPDMERVLVEEVGLVRK	
A0A5K7U6M8	A0A5K7U6M8_MOMCH	unreviewed	2	LC456845;	IPR001128;IPR017972;IPR002401;IPR036396;	PTHR24286;PTHR24286:SF199;	MEILNNFWALLGASIGLYFFVFGFLRNFNELWYFLRLGGKIYNALPPGHMGWPLLGSSLSFYKAFKIGGDPNSIINHLVSRYGRVRMYKSHLYGSPVIIVTDPEVCRRVYLDDERFKLSYPKSVNILQGDRSLLKIDYKIVHRLMAAPINGSEALSKYMGFIEEAVVKGLEEWGSVKGPVELLLEFKRLTFKVITGVFLGPAFTDSEIAQLENLYAEIGLAILSIFPYDLPGFSYRRALKARSKVENIVRPVIERRRRILEENEELEETCQMDAVIKATDKNGEKIFNDNAIICMLLGLLYAGYHTSAHGAQWTMVHVSENPDVYQKAKEEQEMIIKQRPSTQKGLNFKEIKQMKYATKVINEMLRLNNIVFTTFRVATTDVNVNGYIIPKGWAVPIWNRGVHMDPEIYQNPLEFDPSRWDNYVPKPGEFIPFGLGSRYCPGNELARLEICILLHHFLLGYRWERVNPKAPLSNIPVPAPVDNCLTKITKLQSY	
A0A654G6C8	A0A654G6C8_ARATH	unreviewed	2	CACRSJ010000110;	IPR001128;IPR017972;IPR002403;IPR036396;	PTHR24286;PTHR24286:SF384;	MGAMMVMMGLLLIIVSLCSALLRWNQMRYTKNGLPPGTMGWPIFGETTEFLKQGPNFMRNQRLRYGSFFKSHLLGCPTLISMDSEVNRYILKNESKGLVPGYPQSMLDILGTCNMAAVHGSSHRLMRGSLLSLISSTMMRDHILPKVDHFMRSYLDQWNELEVIDIQDKTKHMAFLSSLTQIAGNLRKPFVEEFKTAFFKLVVGTLSVPIDLPGTNYRCGIQARNNIDRLLRELMQERRDSGETFTDMLGYLMKKEGNRYPLTDEEIRDQVVTILYSGYETVSTTSMMALKYLHDHPKALQELRAEHLAFRERKRQDEPLGLEDVKSMKFTRAVIYETSRLATIVNGVLRKTTRDLEINGYLIPKGWRIYVYTREINYDANLYEDPLIFNPWRWMKKSLESQNSCFVFGGGTRLCPGKELGIVEISSFLHYFVTRYRWEEIGGDELMVFPRVFAPKGFHLRISPY	
A0A6C0G9N1	A0A6C0G9N1_TRIWF	unreviewed	2	MN621245;	IPR001128;IPR017972;IPR002401;IPR036396;IPR051103;	PTHR24298:SF59;PTHR24298;	MATTTIIDAQYYVFLFLLCLSSTLLLQFFFKKSKPAGATHLRPLPSPPALPLVGHIHLLTKYVHICFQKLALKYGPLLFLRFGSFKFLLISSASVVTEVFKSNDVAFASKPMSVFEDRLIFANIGFIFSPYGEYWRYMKKMTVTELLGSKQLQRSHNVRREELHRYLKKVLEKAQESEVFSLGTELMKLTNNTICRMALSTRCSEEDNEAEKIKELVDGSLELGMKLAMVNMAGPLKKLGVWMYGKEDREINRKCDELLERIWKEHEERAKRDGGVDREDKDLMDILLEAYHDEKAEFKINKNQIKAFILDLFLAGTSTSTDAMEWAMANLINHPEVMKKAREEIDSVVGNRRLVEETDLPNLPYLQAVVKETLRLYPPGPLLPRRTHEACELRGFDIPRDIMVVFNFYAIMRDPEAWENPNEFIPERFLSSNKEKAHQNFNFVAFGAGRRMCPGATLALTLMNTTVASMVQCFDWKVGKDGDRVNMEPEAGLHLKLAEPLQCRPILRFHLFSS	
A0A6C0G9Q9	A0A6C0G9Q9_TRIWF	unreviewed	2	MN621243;	IPR001128;IPR017972;IPR002401;IPR036396;IPR051103;	PTHR24298:SF59;PTHR24298;	MATITDIQYYVVLFFLWLFSTLLLQYAFRRSTKGATHLRLPPSPPSLPVVGHIHLLSKDIHICFQNLARKYGPLLYLRFGSFKCLLISSASVATEVFKSNDVAFSSKPFSVLGDRLIFGNTGFVISQYGDYWRYMKKLTVTELLGARQLERSRKVRQEELHRYLQRVFEKAGVEEVFDVGSELMKLTNNTICRMVLSTRCSEEDNEAEEVKELVEGSFDLAMKMTMVAMSGPLKKVVGKYYEKEDKDINRRCDELLERMWKEHEERAKREGVDREDKDFMDILLEAYYNDKAEFKITRNQVKAFILDIFIAGTSTSADTMQWVMANLINHPDVLKKVRQEIESVVGTSKRLVEESDLPNFPYLQAVVKETLRLYPPGPVLPRRTNEDSKVSGFDIPKDLIVAFNVYAIMRDPEAWDKPNEFIPERFLSSTKEQNTQLVNFMAFGAGRRLCPGSTLALTLMNTAIANMVQCFDWKVGIDGDIVNMKAGTGFTLALAEPLMCRPVVRFNPFAG	
A0A6G7GG58	A0A6G7GG58_ROSOF	unreviewed	2	MK592859;	IPR001128;IPR017972;IPR002401;IPR036396;	PTHR24286;PTHR24286:SF349;	MEFFYASLLCLFVSLVFLSLHLLFYKTKTGSLPPGKTGWPVIGESLEFLSTGWKGHPEKFIFDRMARYSSHVFRTHLLGEPAAVLCGSAGNKFLFSNENKLVQAWWPSSVEKIFPNDNAETSSKEESIKMRRMLPTFFKPEALHRYVGIMDHIARRHFADGWDGKREVVVFPLAKNYTFWLACRLFLSVEDPSQVEKFAAPFNLLASGLISIPIDLPGTPFHKGIKASAYIRKELVAIIKQRKADLADGTASPTQDILSHMLLTSNEDGKFMQESDIANKILGLLIGGHDTASSACTFVVKYLAELPQVYEGVYKEQMEIAKSKAAGELLNWEDLQKMKYSWNVACEVLRLAPPLQGAFREALADFSFNGFSIPKGWKLYWSANSTHKNSEFFPEPEKFDPSRFEGSGPAPYTFVPFGGGPRMCPGKEYARLEILVFMHHLVKRFKWEKMIPDEKIVVDPMPIPANGLPVRLYPHTS	
A0A8T2E8Z3	A0A8T2E8Z3_9BRAS	unreviewed	1	JAEFBK010000004;	IPR001128;IPR017972;IPR002401;IPR036396;IPR051103;	PTHR24298:SF630;PTHR24298;	MDAIVVDSQNCFIIILLCSFSLISYFVFFKKPKVNFDLLPSPPSLPIIGHLHLLLSTLIHKSLQKLSSKYGPLLHLRIFNIPFILVSSDSLAYEIFRDHDVNVSSRGVGAIDESLAFGSSGFIQAPYGDYWKFMKKLIATKLLGPQPLVRSQDFRSEELERFYKRLFDKAMKKESVMIHKEASRFVNNSLYKMCTGRSFSVENNEVERIMELTADLGALSQKFFVSKMFRKLLEKLGISLFKTEIMVVSRRFSELVERILIEYEEKMDGHQGTQFMDALLAAYRDENTEYKITRSHIKSLLTEFFIGAADASSIAIQWAMADIINNREILEKLREEIDSVVGKTRLVQETDLPNLPYLQAVVKEGLRLHPPTPLVVREFQEGCEIGGFFVPKNTTLIVNSYAMMRDPDSWQDPDEFKPERFLASLSREEDKKEKILNFLPFGSGRRMCPGSNLGYIFVGTAIGMMVQCFDWEINGDKINMEEATGGFLITMAHPLTCTPIPLPRTQNSLISHL	
A0A8T2G4M5	A0A8T2G4M5_ARASU	unreviewed	2	JAEFBJ010000002;	IPR001128;IPR017972;IPR002401;IPR036396;	PTHR24286:SF228;PTHR24286;	MVFSVSIFASLAPYLVSALLLFFLIEQLSYLVKKRNLPGPLFVPPIIGNAISLVRDPTSFWFKQSDTAGTSPGLAANYLIGKFIIYIRDTELSHQIFSNVRLEAFHPLGHPFGKQLFGDHSLIYLFGEDHKTVRRHLAPNFTPKALSTYSDLQQIVMLRHLRQWEESFSGGTKPVSMRDLVRELNLETSQTVFVGPYLDKEARNTFCTDYNLFNLGSMALPINLPGFAFNKARRAVMNLEKTLSVCAGKSKKRMATGEEPTCLIDFWMHAFVTEIESGNPPPLHSEDEAIGGLLFDFLFAAQDASTSSLLWAVTFLESHPKVLSKVREEVAKIWSPQSGHLITADQLAEMKYTRAVAREVVRYRPPATMVPHIATNDFPLTESYTIPKGTIVFPSVFDASFQGFTEPNRFDPDRFSETRQEDQVFKRNYLAFGWGAHQCVGQRYALNHLVLFIAMFSSLFDFKRLQSDGCDDIIYCPTISPKDGCTVFLSKRIVTYPNL	
A0A8T2G586	A0A8T2G586_9BRAS	unreviewed	2	JAEFBK010000002;	IPR001128;IPR017972;IPR002401;IPR036396;	PTHR24286:SF228;PTHR24286;	MVFSVSIFASLAPYLVSALLLFFLIEQLSYLVKKRNLPGPLFVPPIIGNAISLVRDPTSFWFKQSDTAGTSPGLAANYLIGKFIIYIRDTELSHQIFSNVRLEAFHPLGHPFGKQLFGDHSLIYLFGEDHKTVRRHLAPNFTPKALSTYSDLQQIVMLRHLRQWEESFSGGTKPVSMRDLVRELNLETSQTVFVGPYLDKEARNTFCTDYNLFNLGSMALPINLPGFAFNKARRAVMNLEKTLSVCAGKSKKRMATGEEPTCLIDFWMHAFVTEIESGNPPPLHSEDEAIGGLLFDFLFAAQDASTSSLLWAVTFLESHPKVLSKVREEVAKIWSPQSGHLITADQLAEMKYTRAVAREVVRYRPPATMVPHIATNDFPLTESYTIPKGTIVFPSVFDASFQGFTEPNRFDPDRFSETRQEDQVFKRNYLAFGWGAHQCVGQRYALNHLVLFIAMFSSLFDFKRLQSDGCDDIIYCPTISPKDGCTVFLSKRIVTYPNL	
A0A9D4XZY1	A0A9D4XZY1_PEA	unreviewed	2	JAMSHJ010000003;	IPR001128;IPR017972;IPR002401;IPR036396;	PTHR47944;PTHR47944:SF4;	MFHPLFLIQFHLNLKFLSSSSFEFGNSIRMSPIVTKLKNSTMLEIQGYLVLFFLWFISTIFIRSLFKKSECYKLPPGPPISFPILGHAPYLRSLLHQALYKLSTRYGPLMHIMLGSQHVIVASSAESAKQILKTCEESFCNRPIMIASESLTYGAADYFFIPYGNYWRFLKKLCMTELLSGKTLEHFVSIREDEVECFLRNLLEISKNGKPIEMRHELIRHTNNIISRMTMGKKSSGVNDEVGELRKVIREIGELLGAFNLGDIIGFMRPFDLQGFGKKNKDTHHKMDAMMEKVLKEHEEVRAKEGEGSDRKKDLFDILLNLIEADGADSKLTRQSAKAFALDMFIAGTNGPASVLEWALAELIRNPQVFKKARQEIDTIVGKERLVKESDIPNLPYLQAVVKETLRLHPPTPIFAREAIRSCQVDGYDVPAYSKIFINAWAIGRDPNYWDNPSVYDPERFLQNDDPSKSKLDVRGQYYQLLPFGSGRRSCPGASLALIVIQATLASLVQCYDWDVNDGKSNEIDMKEVGRVTVFLAKPLKCKPVSHFVPFSE	
A0AAD7PFA5	A0AAD7PFA5_QUISA	unreviewed	1	JARAOO010000010;	IPR001128;IPR017972;IPR002401;IPR036396;IPR050665;	PTHR24282:SF196;PTHR24282;	MWFTVGLVLVFALFIRLYSSLWLKPRATRIKLSNQGIKGPKPAFLLGNVAEMRRFQSKLPKSELKQGQVSHDWASKSLFPFFSLWSQKYGNTFVFSLGNIQVLYVSDHELVKEINQNTSLDLGKPKYLQKERGPLLGQGILTSNGQLWAYQRKIMTPELYKEKIKGMCELMVESVAWLVEEWGTKIQAEGGAADIRIDEDLRSFSGDVISKACFGSCYAGGREIFLRLRALQHQIASKALLMGFPGLKYLPIKSNREIWRLEKEIFQLIMKLAEDRKKEQHERDLLQIIIEGAKSSDLSSEAMAKFIVDNCKNVYLAGHETTAMSAGWTLLLLANHPEWQARVRDEILQVTEGRNPDFDMLHKMKLLTMVIQEALRLYPTVIFMSREALEDINVGNIQVPKGVNIWIPVVNLQRDTTVWGADANEFNPERFANGVNNSCKVPQLYLPFGAGPRICPGINLAMTEIKILLCILLTKFSFSVSPNYRHSPVFKLVLEPENGINVIMKKL	
A0AAD7Q2L3	A0AAD7Q2L3_QUISA	unreviewed	1	JARAOO010000003;	IPR001128;IPR017972;IPR002401;IPR036396;	PTHR24286;PTHR24286:SF349;	MEHLYLSLVLLFVSSISLSLFFLFYKHKSMFTGANLPPGKIGYPLIGESLEFLSTGWKGHPEKFIFDRMSKYSSQIFKTSILGEPTAVFPGAVCNKFLFSNENKLVNAWWPASVDKIFPSSLQTSSKEEAKKMRKLLPQFLKPEALHRYIGIMDSIAQRHFADSWENKNQVIVFPLAKRYTFWLACRLFISVEDPTHVSRFADPFQLLAAGIISIPIDLPGTPFRKAINASQFIRKELLAIIRQRKIDLGEGKASPTQDILSHMLLTCDENGQYMNELDIADKILGLLVGGHDTASAACTFIVKFLAELPHIYEQVYKEQMEIAKSKVPGELLNWEDIQKMKYSWNVACEVMRLAPPLQGAFREAITDFVFNGFSIPKGWKLYWSANSTHKSPDYFPEPDKFDPTRFEGNGPAPYTFVPFGGGPRMCPGKEYARLEILVFMHNLVKRFKWEKLVPDEKIVVDPMPIPAKGLPVRLYPHKA	
F4K051	F4K051_ARATH	unreviewed	4	CP002688;	IPR001128;IPR017972;IPR002403;IPR036396;	PTHR24286;PTHR24286:SF305;	MDRRGKYWAGPMWIGLSMCGSGSDTILECRLRLFKLQRQNQMSFVWSAAVWVIAVAAVVISKWLYRWSNPKCNGKLPPGSMGLPIIGETCDFFEPHGLYEISPFVKKRMLKYGPLFRTNIFGSNTVVLTEPDIIFEVFRQENKSFVFSYPEAFVKPFGKENVFLKHGNIHKHVKQISLQHLGSEALKKKMIGEIDRVTYEHLRSKANQGSFDAKEAVESVIMAHLTPKIISNLKPETQATLVDNIMALGSEWFQSPLKLTTLISIYKVFIARRYALQVIKDVFTRRKASREMCGDFLDTMVEEGEKEDVIFNEESAINLIFAILVVAKESTSSVTSLAIKFLAENHKALAELKREHAAILQNRNGKGAGVSWEEYRHQMTFTNMVINETLRMANMAPIMYRKAVNDVEIKGYTIPAGWIVAVIPPAVHFNDAIYENPLEFNPWRWEGKELRSGSKTFMVFGGGVRQCVGAEFARLQISIFIHHLVTTYDFSLAQESEFIRAPLPYFPKGLPIKISQSL	
H1A980	H1A980_MEDTR	unreviewed	2	AB558145;	IPR001128;IPR017972;IPR002401;IPR036396;IPR050665;	PTHR24282;PTHR24282:SF160;	MENLGTLLSSLNLQPTKVAIITVISSVLIWWIWSALDWIWFTPKRIEKRLKQQGLKGNSYRLMVGDIRDMVKMIKEAKSKPMDPYSNDIAPRVLPFVVHTIAKYGKSSFMWLGPRPRVFIMEPDKIKEMTTKVYDFQKPDTSPLFKLLASGFANYDGDKWAKHRKIVSPAFNVEKMKMLIPIFCHSCDDMVNKLDKVVSSSNGPCELDIWPFVQNVSSDVLARAGFGSSFEEGKRVFQLQKEMISLTMTLFKFAFIPGYRFLPTYTNRRMKAIDLEIRTSLMKIINRRLKAIKAGEPTNNDLLGILLESNYKESEKGNGGGGMSLRDVVDEVKLFYLAGQEANAELLVWTLLLLAKNPEWQAKAREESFQVFGNENPDYEKIGQLKIVSMILQESLRLYPPVIMLSRFLRKDTKLGDLTLPAGVELIVPVSMMHQEKEFWGDDAGDFKPERFSEGVSKATNGKVSYLPFGWGPRLCIGQNFGLLEAKIAVSMILRQFSLEFSPSYTHAPSFIITLQPEHGAHLILHKL	
H1A981	C7263_MEDTR	reviewed	4	AB558146;	IPR001128;IPR017972;IPR002401;IPR036396;IPR050665;	PTHR24282:SF253;PTHR24282;	MEVFMFPTGTTVIISVLSVLLAVIPWYLLNKLWLKPKRFEKLLKAQGFQGEPYNLSVLKDKSKQNYMLKLQQEDKSKSIGLSKEAAPSIFTPVHQTVRKYGNNSFLWEGTTPRVIITDPDQIKDVFNKIDDFPKPKLRSIAKYLSVGILDHEGKKWAKHRKIANPAFHLEKLKVMLPAFSHSCNEMISKWKELLSSDGTCEIDVWPSLQNFTCDVISRTAFGSSYAEGTKLFQLLKKQGFLLMTGRHTNNPLWGLLATTTKTKMKEIDREIHDSLEGIIEKREKALKNGETTNDDLLGILLQSNHAEKQGQGNSKNIGMTTQDVIDECKLFYLAGQETTSSLLVWTMVLLGRYPEWQARAREEVLQVFGNQNPNNEGLSQLKIVTMILYEVLRLFPPLIYFNRALRKDLKLGNLLLPEGTQISLPILLIHQDHDLWGDDAKEFKPERFAEGIAKATKGQVSYFPFGWGPRICLGQNFALLEAKIAVSLLLQNFSFELSPNYVHVPTTVLTLQPKNGASIILHKL	
H1A988	C7254_GLYUR	reviewed	4	AB558153;MN567153;	IPR001128;IPR017972;IPR002401;IPR036396;IPR050665;	PTHR24282:SF253;PTHR24282;	MDASSTPGAIWVVLTVILAAIPIWVCHMVNTLWLRPKRLERHLRAQGLHGDPYKLSLDNSKQTYMLKLQQEAQSKSIGLSKDDAAPRIFSLAHQTVHKYGKNSFAWEGTAPKVIITDPEQIKEVFNKIQDFPKPKLNPIAKYISIGLVQYEGDKWAKHRKIINPAFHLEKLKGMLPAFSHSCHEMISKWKGLLSSDGTCEVDVWPFLQNLTCDVISRTAFGSSYAEGAKIFELLKRQGYALMTARYARIPLWWLLPSTTKRRMKEIERGIRDSLEGIIRKREKALKSGKSTDDDLLGILLQSNHIENKGDENSKSAGMTTQEVMEECKLFYLAGQETTAALLAWTMVLLGKHPEWQARARQEVLQVFGNQNPNFEGLGRLKIVTMILYEVLRLYPPGIYLTRALRKDLKLGNLLLPAGVQVSVPILLIHHDEGIWGNDAKEFNPERFAEGIAKATKGQVCYFPFGWGPRICVGQNFALLEAKIVLSLLLQNFSFELSPTYAHVPTTVLTLQPKHGAPIILHKL	
I1I3G9	I1I3G9_BRADI	unreviewed	2	CM000882;CM000882;	IPR001128;IPR002403;IPR036396;	PTHR24286;PTHR24286:SF258;	MDLASTAAVGWALALLLITALATKIARARITIVDPPRTTTTTTQPPPVVNGIALLRLLPTLSKKGLPAMVNDLYLKFGSVFMVSVFGIKVTILIGPEVTPHFFQGLESEISHGNLLEFTVPMFGEAVGYGRDAATRIEQTRFHIEALRPSRLKNHVYPMIQEVEDYFAKWGNEGIVDLKLEFERLLMLISSRVLLGKEVRETMFDEVYTLFREIENGVTVISFLFPYLPIPANHRRDRARTRLTEILSDVVKSRKNSGRVEEDTLQKLIDSKYKDGRSTTVPEVVGLIIGLLFAGKHTSSHTSTWTGACLLSHPMFLRAAIEEQKQIGRKYKDGLGYDAMLEMDTLHSCIKEALRMHPPTPMLVRKAHKHFTVQTKQGKQYDIPEGHTVASPIVVNNNIPYIYKDPEVYDPDRFGPKRQEDKVGGKFSYTSFSGGRHTCTGEAYAYMQIKVIWSHLLSNFELKLISPFPKTDWSKFLPEPEGTLFVRYKRNGCRAST	
I1TEM3	I1TEM3_CATRO	unreviewed	2	JN613017;JN565975;	IPR001128;IPR017972;IPR002401;IPR036396;	PTHR24286;PTHR24286:SF349;	MEIFYVTLLSLFVLLVSLSFHFLFYKNKSTLPGPLPPGRTGWPMVGESLQFLSAGWKGHPEKFIFDRMAKYSSNVFRSHLLGEPAAVFCGAIGNKFLFSNENKLVQAWWPDSVNKVFPSSNQTSSKEEAIKMRKMLPNFLKPEALQRYIGLMDQIAQKHFSSGWENREQVEVFPLAKNYTFWLASRLFVSVEDPIEVAKLLEPFNVLASGLISVPIDLPGTPFNRAIKASNQVRKMLISIIKQRKIDLAEGKASPTQDILSHMLLTSDENGKFMHELDIADKILGLLIGGHDTASSACTFIVKFLGELPEIYEGVYKEQMEIANSKAPGEFLNWEDIQKMKYSWNVACEVLRLAPPLQGAFREALNDFMFHGFSIPKGWKIYWSVNSTHRNPECFPDPLKFDPSRFDGSGPAPYTFVPFGGGPRMCPGKEYARLEILVFMHNLVKRFKWEKIIPNEKIVVDPMPIPEKGLPVRLYPHINA	
I7C6E8	C7A52_PANGI	reviewed	4	JX036032;	IPR001128;IPR017972;IPR002401;IPR036396;	PTHR24286;PTHR24286:SF349;	MELFYVPLLSLFVLFISLSFHFLFYKSKPSSSGGFPLPPGKTGWPIIGESYEFLSTGWKGYPEKFIFDRMTKYSSNVFKTSIFGEPAAVFCGAACNKFLFSNENKLVQAWWPDSVNKVFPSSTQTSSKEEAIKMRKMLPNFFKPEALQRYIGLMDQIAANHFESGWENKNEVVVFPLAKSYTFWIACKVFVSVEEPAQVAELLEPFSAIASGIISVPIDLPGTPFNSAIKSSKIVRRKLVGIIKQRKIDLGEGKASATQDILSHMLLTSDESGKFMGEGDIADKILGLLIGGHDTASSACTFVVKFLAELPQIYEGVYQEQMEIVKSKKAGELLKWEDIQKMKYSWNVACEVLRLAPPLQGAFREALSDFTYNGFSIPKGWKLYWSANSTHINSEVFPEPLKFDPSRFDGAGPPPFSFVPFGGGPRMCPGKEYARLEILVFMHHLVKRFKWEKVIPDEKIVVNPMPIPANGLPVRLFPHKA	
I7CT85	C7A53_PANGI	reviewed	4	JX036031;	IPR001128;IPR017972;IPR002401;IPR036396;	PTHR24286:SF53;PTHR24286;	MDLFISSQLLLLLVFCLFLFWNFKPSSQNKLPPGKTGWPIIGETLEFISCGQKGNPEKFVTQRMNKYSPDVFTTSLAGEKMVVFCGASGNKFIFSNENKLVVSWWPPAISKILTATIPSVEKSKALRSLIVEFLKPEALHKFISVMDRTTRQHFEDKWNGSTEVKAFAMSESLTFELACWLLFSINDPVQVQKLSHLFEKVKAGLLSLPLNFPGTAFNRGIKAANLIRKELSVVIKQRRSDKLQTRKDLLSHVMLSNGEGEKFFSEMDIADVVLNLLIASHDTTSSAMGSVVYFLADHPHIYAKVLTEQMEIAKSKGAEELLSWEDIKRMKYSRNVINEAMRLVPPSQGGFKVVTSKFSYANFIIPKGWKIFWSVYSTHKDPKYFKNPEEFDPSRFEGDGPMPFTFIPFGGGPRMCPGSEFARLEVLIFMHHLVTNFKWEKVFPNEKIIYTPFPFPENGLPIRLSPCTL	
O64698	C7102_ARATH	reviewed	4	AB233425;AC004077;AC004481;CP002685;AY074867;AY101543;AY085577;	IPR001128;IPR017972;IPR002401;IPR036396;	PTHR24286:SF228;PTHR24286;	MVFSVSIFASLAPYLVSALLLFFLIEQLSYLVKKRNLPGPLFVPPIIGNAISLVRDPTSFWFKQSDTAGTSPGLAANYLIGKFIIYIRDTELSHQIFSNVRLEAFHPLGHPFGKQLFGDHSLIYLFGEDHKTVRRHLAPNFTPKALSTYSDLQQIVMLRHLRQWEESFSGGTKPVSMRDLVRELNLETSQTVFVGPYLDKEARNTFCTDYNLFNLGSMALPINLPGFAFNKARRAVMNLEKTLSVCAGKSKKRMATGEEPTCLIDFWMHAFVTEIESGNPPPLHSEDEAIGGLLFDFLFAAQDASTSSLLWAVTFLESHPKVLSKVREEVAKIWSPQSGHLITADQLAEMKYTRAVAREVVRYRPPATMVPHIATNDFPLTESYTIPKGTIVFPSVFDASFQGFTEPNRFDPDRFSETRQEDQVFKRNYLAFGWGAHQCVGQRYALNHLVLFIAMFSSLFDFKRLQSDGCDDIIYCPTISPKDGCTVFLSKRIVTYPNL	
Q0WQ07	C7051_ARATH	reviewed	4	Z97338;AL161541;CP002687;AK228903;	IPR001128;IPR017972;IPR002401;IPR036396;IPR051103;	PTHR24298:SF630;PTHR24298;	MDAIVVDSQNCFIIILLCSFSLISYFVFFKKPKVNFDLLPSPPSLPIIGHLHLLLSTLIHKSLQKLSSKYGPLLHLRIFNIPFILVSSDSLAYEIFRDHDVNVSSRGVGAIDESLAFGSSGFIQAPYGDYWKFMKKLIATKLLGPQPLVRSQDFRSEELERFYKRLFDKAMKKESVMIHKEASRFVNNSLYKMCTGRSFSVENNEVERIMELTADLGALSQKFFVSKMFRKLLEKLGISLFKTEIMVVSRRFSELVERILIEYEEKMDGHQGTQFMDALLAAYRDENTEYKITRSHIKSLLTEFFIGAADASSIAIQWAMADIINNREILEKLREEIDSVVGKTRLVQETDLPNLPYLQAVVKEGLRLHPPTPLVVREFQEGCEIGGFFVPKNTTLIVNSYAMMRDPDSWQDPDEFKPERFLASLSREEDKKEKILNFLPFGSGRRMCPGSNLGYIFVGTAIGMMVQCFDWEINGDKINMEEATGGFLITMAHPLTCTPIPLPRTQNSLISHL	
Q2MJ11	Q2MJ11_MEDTR	unreviewed	2	DQ335790;CM001223;PSQE01000007;	IPR001128;IPR017972;IPR002401;IPR036396;	PTHR47944;PTHR47944:SF4;	MLEIQGYVVLFLLWFISSIFIRSLFKKSVCYKLPPGPPISFPILGHAPYLRSLLHKSLYKLSNRYGPLMHIMLGSQHVVVASTAESAKQILKTCEESFTNRPIMIASENLTYGAADYFFIPYGNYWRFLKKLCMTELLSGKTLEHFVHIREDEIKCFMGTLLEISKNGKPIEMRHELIRHTNNIISRMTMGKKSSGMNDEVGQLRKVVREIGELLGAFNLGDIIGFMRPLDLQGFGKRNKDTHHKMDVMMEKVLKEHEEARAKEGAGSDRKKDLFDILLNLIEADDGAESKLTRQSAKAFALDMFIAGTNGPASVLEWALAELIRNPHVFKKAREEIDSTVGKERLFKESDIPNLPYLQAVVKETLRMHPPTPIFAREATRSCQVDGYDVPAFSKIFINAWAIGRDPNYWDNPLVFNPERFLQSDDPSKSKIDVRGQYYQLLPFGSGRRSCPGSSLALLVIQATLASLIQCFDWVVNDGKSHDIDMSEVGRVTVFLAKPLKCKPVPHFVPFSSA	
Q2MJ19	C7A68_MEDTR	reviewed	3	DQ335782;CM001218;	IPR001128;IPR017972;IPR002401;IPR036396;IPR050665;	PTHR24282:SF255;PTHR24282;	MELSWETKSAIILITVTFGLVYAWRVLNWMWLKPKKIEKLLREQGLQGNPYRLLLGDAKDYFVMQKKVQSKPMNLSDDIAPRVAPYIHHAVQTHGKKSFIWFGMKPWVILNEPEQIREVFNKMSEFPKVQYKFMKLITRGLVKLEGEKWSKHRRIINPAFHMEKLKIMTPTFLKSCNDLISNWEKMLSSNGSCEMDVWPSLQSLTSDVIARSSFGSSYEEGRKVFQLQIEQGELIMKNLMKSLIPLWRFLPTADHRKINENEKQIETTLKNIINKREKAIKAGEATENDLLGLLLESNHREIKEHGNVKNMGLSLEEVVGECRLFHVAGQETTSDLLVWTMVLLSRYPDWQERARKEVLEIFGNEKPDFDGLNKLKIMAMILYEVLRLYPPVTGVARKVENDIKLGDLTLYAGMEVYMPIVLIHHDCELWGDDAKIFNPERFSGGISKATNGRFSYFPFGAGPRICIGQNFSLLEAKMAMALILKNFSFELSQTYAHAPSVVLSVQPQHGAHVILRKIKT	
Q5CCK3	C90B2_ORYSJ	reviewed	5	AB206579;AC104473;DP000009;AP008209;AP014959;AK243298;	IPR001128;IPR002401;IPR036396;	PTHR24286;PTHR24286:SF194;	MAAMMASITSELLFFLPFILLALLTFYTTTVAKCHGGHWWRGGTTPAKRKRMNLPPGAAGWPLVGETFGYLRAHPATSVGRFMEQHIARYGKIYRSSLFGERTVVSADAGLNRYILQNEGRLFECSYPRSIGGILGKWSMLVLVGDPHREMRAISLNFLSSVRLRAVLLPEVERHTLLVLRAWPPSSTFSAQHQAKKFTFNLMAKNIMSMDPGEEETERLRREYITFMKGVVSAPLNLPGTPYWKALKSRAAILGVIERKMEERVEKLSKEDASVEQDDLLGWALKQSNLSKEQILDLLLSLLFAGHETSSMALALAIFFLEGCPKAVQELREEHLGIARRQRLRGECKLSWEDYKEMVFTQCVINETLRLGNVVRFLHRKVIKDVHYKGYDIPSGWKILPVLAAVHLDSSLYEDPQRFNPWRWKSSGSSGGLAQSSSFMPYGGGTRLCAGSELAKLEMAVFLHHLVLNFRWELAEPDQAFVFPFVDFPKGLPIRVHRIAQDDEQE	
Q673E9	Q673E9_SOLCH	unreviewed	2	AY552551;	IPR050529;IPR001128;IPR017972;IPR002403;IPR036396;	PTHR24304:SF2;PTHR24304;	MELGDNKILNVGLLLVATLLVAKLISALIMPRSKKRLPPVIKALPIVGGLIRFLKGPIVMLRQEYPKLGSVFTLNLLNKNITFFIGPEVSAHFFKAPETDLSQQEVYQFNVPTFGPGVVFDVDYTIRQEQFRFFTEALRVTKLKGYVDQMVTEAEEYFSKWGESGEVDLKYELEHLIILTASRCLLGEEVRNKLFDDVSALFHDLDNGMLPISVIFPYLPIPAHRRRDNARKKLAEIFANIINSRKRTGKAENDMLQCFIDSKYKDGRPTTEGEITGLLIAALFAGQHTSSITSTWTGSYLLTNNKYMSAVVDEQKNLMKKHGNKVDHDILSEMDVLYRCIKEALRLHPPLIMLLRSSHSDFSVTTREGKEYDIPKGHIVATSPAFANRLPHIFKNPESYDPDRFGPGREEDKAAGAFSYISFGGGRHGCLGEPFAYLQIKAIWSHLLRNFEFELISPFPEIDWNAMVVGVKGEVMVKYKRRKLSAE	
Q9FH66	C71AG_ARATH	reviewed	4	AB022210;CP002688;BT026460;	IPR001128;IPR017972;IPR002401;IPR036396;IPR050193;	PTHR47956:SF4;PTHR47956;	MEMMILISLCLTTFLTILLFFKSLLKRPNSNLPPSPWRLPVIGNLHQLSLHPHRALSSLSARHGPLMLLRFGRVPVLIVSSADVAHDVMKTHDLKFANRPITKSAHKISNGGRDLVFAPYGEYWRNVKSLCTIHLLSNKMVQSSEKRREEEITLLMETLEEASLSSSSVNLSKLITNMVSDIMGKVVLGKKYSGEEGTIDVKTITKSFLDAVGLSPVGEYIPSLAWIGKITGSDGKLEKITKQFGDFIEKVLQEHEDTTADKETPDFVDMLLTIQRDETAQCQLDKSDLKVIIFEMFLGSTTTTSAVIEWAMTRLMRNPECLKKLQDEIRSVSKMNSYVSGKEVENMNYLKAVIKEVLRLHPPLPLLVPRLLSEDVKLKGYDITAGTQVIINAWAIQRDTATWGSDAQEFRPERHFDSTWDFVGRNFKYIPFGAGRRLCPGIGLGSVMASVTLANLVKRFDWRVEDGPSGYDKPDLVEGAGIDVCRKFPLVVFPSSA	
Q9FMA5	C85A1_ARATH	reviewed	5	AB035868;AB009048;CP002688;CP002688;CP002688;CP002688;	IPR001128;IPR017972;IPR002403;IPR036396;	PTHR24286;PTHR24286:SF384;	MGAMMVMMGLLLIIVSLCSALLRWNQMRYTKNGLPPGTMGWPIFGETTEFLKQGPNFMRNQRLRYGSFFKSHLLGCPTLISMDSEVNRYILKNESKGLVPGYPQSMLDILGTCNMAAVHGSSHRLMRGSLLSLISSTMMRDHILPKVDHFMRSYLDQWNELEVIDIQDKTKHMAFLSSLTQIAGNLRKPFVEEFKTAFFKLVVGTLSVPIDLPGTNYRCGIQARNNIDRLLRELMQERRDSGETFTDMLGYLMKKEGNRYPLTDEEIRDQVVTILYSGYETVSTTSMMALKYLHDHPKALQELRAEHLAFRERKRQDEPLGLEDVKSMKFTRAVIYETSRLATIVNGVLRKTTRDLEINGYLIPKGWRIYVYTREINYDANLYEDPLIFNPWRWMKKSLESQNSCFVFGGGTRLCPGKELGIVEISSFLHYFVTRYRWEEIGGDELMVFPRVFAPKGFHLRISPY	
W0FW87	W0FW87_BUPFA	unreviewed	2	KC963423;	IPR001128;IPR017972;IPR002403;IPR036396;	PTHR24286:SF271;PTHR24286;	MELSITLMLIFSTTIFFIFRNVYNHLISKHKNYPPGSMGLPYIGETLSFARYITKGVPEKFVIERQKKYSTTIFKTSLFGENMVVLGSAEGNKFIFGSEEKYLRVWFPSSVDKVFKKSHKRTSQEEAIRLRKNMVPFLKADLLRSYVPIMDTFMKQHVNSHWNCETLKACPVIKDFTFTLACKLFFSVDNPLELEKLIKLFVNIVNGLLTVPIDLPGTKFRGVIKSVKTIRHALKVLIRQRKVDIREKRATPTQDILSIMLAQAEDENYEMNDEDVANDFLAVLLASYDSANTTLTMIMKYLAEYPEMYDRVFREQMEVAKTKGKDELLNLDDLQKMNYTWNVACEVLRIATPTFGAFREVIADCTYEGYTIPKGWKLYYAPRFTHGSAKYFQDPEKFDPSRFEGDGAPPYTFVPFGGGLRMCPGYKYAKIIVLVFMHNIVTKFKWEKVNPNEKMTVGIVSAPSQGLPLRLHPHKSPS	